year,country_origin_id,country_destination_id,sitc_product_id,export_val,export_val_pct
2006,SRB,AGO,ALL,973529,0.00081%
2006,SRB,BFA,ALL,480300,0.00040%
2006,SRB,BWA,ALL,123951,0.00010%
2006,SRB,CIV,ALL,142624,0.00012%
2006,SRB,CMR,ALL,2113145,0.0017%
2006,SRB,COG,ALL,2476,0.0000020%
2006,SRB,COM,ALL,119882,0.000099%
2006,SRB,DZA,ALL,9327553,0.0077%
2006,SRB,EGY,ALL,12070963,0.010%
2006,SRB,ETH,ALL,225534,0.00019%
2006,SRB,GAB,ALL,85874,0.000071%
2006,SRB,GHA,ALL,60648,0.000050%
2006,SRB,GIN,ALL,27396,0.000023%
2006,SRB,GNQ,ALL,4126516,0.0034%
2006,SRB,KEN,ALL,1259486,0.0010%
2006,SRB,LBR,ALL,13625,0.000011%
2006,SRB,LBY,ALL,3446399,0.0029%
2006,SRB,MAR,ALL,2365491,0.0020%
2006,SRB,MDG,ALL,57805,0.000048%
2006,SRB,MLI,ALL,39537,0.000033%
2006,SRB,MOZ,ALL,22931,0.000019%
2006,SRB,MUS,ALL,656100,0.00054%
2006,SRB,NAM,ALL,161019,0.00013%
2006,SRB,NER,ALL,401296,0.00033%
2006,SRB,NGA,ALL,3605058,0.0030%
2006,SRB,RWA,ALL,31061,0.000026%
2006,SRB,SDN,ALL,319515,0.00026%
2006,SRB,SLE,ALL,402411,0.00033%
2006,SRB,SOM,ALL,4792,0.0000040%
2006,SRB,STP,ALL,91639,0.000076%
2006,SRB,SYC,ALL,761480,0.00063%
2006,SRB,TCD,ALL,878508,0.00073%
2006,SRB,TGO,ALL,243192,0.00020%
2006,SRB,TUN,ALL,455321,0.00038%
2006,SRB,TZA,ALL,105885,0.000088%
2006,SRB,UGA,ALL,34223,0.000028%
2006,SRB,ZAF,ALL,2187353,0.0018%
2006,SRB,ZMB,ALL,3860,0.0000032%
2006,SRB,ZWE,ALL,1289285,0.0011%
2006,SRB,BVT,ALL,4958,0.0000041%
2006,SRB,AFG,ALL,617323,0.00051%
2006,SRB,ARE,ALL,6148783,0.0051%
2006,SRB,ARM,ALL,769468,0.00064%
2006,SRB,AZE,ALL,1217035,0.0010%
2006,SRB,BGD,ALL,19904939,0.016%
2006,SRB,BHR,ALL,569712,0.00047%
2006,SRB,BRN,ALL,142,1.2e-7%
2006,SRB,CHN,ALL,10154995,0.0084%
2006,SRB,CYP,ALL,44074799,0.036%
2006,SRB,GEO,ALL,2144070,0.0018%
2006,SRB,HKG,ALL,863843,0.00071%
2006,SRB,IDN,ALL,983184,0.00081%
2006,SRB,IND,ALL,3369054,0.0028%
2006,SRB,IRN,ALL,7803524,0.0065%
2006,SRB,IRQ,ALL,2772782,0.0023%
2006,SRB,ISR,ALL,17618312,0.015%
2006,SRB,JOR,ALL,1155452,0.00096%
2006,SRB,JPN,ALL,3628982,0.0030%
2006,SRB,KAZ,ALL,8800872,0.0073%
2006,SRB,KGZ,ALL,109413,0.000090%
2006,SRB,KHM,ALL,5885,0.0000049%
2006,SRB,KOR,ALL,843095,0.00070%
2006,SRB,KWT,ALL,1944664,0.0016%
2006,SRB,LAO,ALL,6858,0.0000057%
2006,SRB,LBN,ALL,1004662,0.00083%
2006,SRB,LKA,ALL,627002,0.00052%
2006,SRB,MAC,ALL,38043,0.000031%
2006,SRB,MDV,ALL,392,3.2e-7%
2006,SRB,MMR,ALL,9182493,0.0076%
2006,SRB,MNG,ALL,145004,0.00012%
2006,SRB,MYS,ALL,626434,0.00052%
2006,SRB,NPL,ALL,101696,0.000084%
2006,SRB,OMN,ALL,58763,0.000049%
2006,SRB,PAK,ALL,175898,0.00015%
2006,SRB,PHL,ALL,706276,0.00058%
2006,SRB,PRK,ALL,708,5.9e-7%
2006,SRB,QAT,ALL,275367,0.00023%
2006,SRB,SAU,ALL,3044515,0.0025%
2006,SRB,SGP,ALL,552475,0.00046%
2006,SRB,SYR,ALL,8991791,0.0074%
2006,SRB,THA,ALL,1247294,0.0010%
2006,SRB,TJK,ALL,61406,0.000051%
2006,SRB,TKM,ALL,446983,0.00037%
2006,SRB,TUR,ALL,48081270,0.040%
2006,SRB,UZB,ALL,1060570,0.00088%
2006,SRB,VNM,ALL,196479,0.00016%
2006,SRB,YEM,ALL,355,2.9e-7%
2006,SRB,ALB,ALL,33093918,0.027%
2006,SRB,AUT,ALL,182805203,0.15%
2006,SRB,BEL,ALL,84247702,0.070%
2006,SRB,BGR,ALL,197600364,0.16%
2006,SRB,BIH,ALL,682318646,0.56%
2006,SRB,BLR,ALL,15074637,0.012%
2006,SRB,CHE,ALL,33724725,0.028%
2006,SRB,CZE,ALL,96158997,0.080%
2006,SRB,DEU,ALL,598269779,0.49%
2006,SRB,DNK,ALL,8538278,0.0071%
2006,SRB,ESP,ALL,87568239,0.072%
2006,SRB,EST,ALL,2170545,0.0018%
2006,SRB,FIN,ALL,6356032,0.0053%
2006,SRB,FRA,ALL,199932823,0.17%
2006,SRB,FRO,ALL,35530,0.000029%
2006,SRB,GBR,ALL,103507403,0.086%
2006,SRB,GRC,ALL,152335576,0.13%
2006,SRB,HRV,ALL,226428138,0.19%
2006,SRB,HUN,ALL,180354076,0.15%
2006,SRB,IRL,ALL,17414919,0.014%
2006,SRB,ISL,ALL,787163,0.00065%
2006,SRB,ITA,ALL,850857052,0.70%
2006,SRB,LTU,ALL,15014515,0.012%
2006,SRB,LUX,ALL,724246,0.00060%
2006,SRB,LVA,ALL,7177861,0.0059%
2006,SRB,MDA,ALL,3718052,0.0031%
2006,SRB,MKD,ALL,299904639,0.25%
2006,SRB,MLT,ALL,771774,0.00064%
2006,SRB,MNE,ALL,436726602,0.36%
2006,SRB,NLD,ALL,102334239,0.085%
2006,SRB,NOR,ALL,8281207,0.0068%
2006,SRB,POL,ALL,73743007,0.061%
2006,SRB,PRT,ALL,50964784,0.042%
2006,SRB,ROU,ALL,176158300,0.15%
2006,SRB,RUS,ALL,278528531,0.23%
2006,SRB,SVK,ALL,40326294,0.033%
2006,SRB,SVN,ALL,281224253,0.23%
2006,SRB,SWE,ALL,31205181,0.026%
2006,SRB,UKR,ALL,123237846,0.10%
2006,SRB,ANT,ALL,67678,0.000056%
2006,SRB,BHS,ALL,60741,0.000050%
2006,SRB,BRB,ALL,40801,0.000034%
2006,SRB,CAN,ALL,10514695,0.0087%
2006,SRB,CRI,ALL,38369,0.000032%
2006,SRB,CUB,ALL,344301,0.00028%
2006,SRB,DOM,ALL,67791,0.000056%
2006,SRB,GRD,ALL,160,1.3e-7%
2006,SRB,GRL,ALL,11603,0.0000096%
2006,SRB,GTM,ALL,502416,0.00042%
2006,SRB,HND,ALL,110252,0.000091%
2006,SRB,HTI,ALL,32451,0.000027%
2006,SRB,JAM,ALL,753952,0.00062%
2006,SRB,KNA,ALL,153074,0.00013%
2006,SRB,MEX,ALL,412677,0.00034%
2006,SRB,MSR,ALL,4758,0.0000039%
2006,SRB,NIC,ALL,565,4.7e-7%
2006,SRB,PAN,ALL,170309,0.00014%
2006,SRB,TCA,ALL,89819,0.000074%
2006,SRB,TTO,ALL,127830,0.00011%
2006,SRB,USA,ALL,72625268,0.060%
2006,SRB,VGB,ALL,331256,0.00027%
2006,SRB,AUS,ALL,3956099,0.0033%
2006,SRB,FJI,ALL,441,3.6e-7%
2006,SRB,MHL,ALL,48165,0.000040%
2006,SRB,NCL,ALL,24987,0.000021%
2006,SRB,NZL,ALL,577128,0.00048%
2006,SRB,PNG,ALL,1816,0.0000015%
2006,SRB,PYF,ALL,16998,0.000014%
2006,SRB,ARG,ALL,508171,0.00042%
2006,SRB,BOL,ALL,2894,0.0000024%
2006,SRB,BRA,ALL,678931,0.00056%
2006,SRB,CHL,ALL,343911,0.00028%
2006,SRB,COL,ALL,1186057,0.00098%
2006,SRB,ECU,ALL,2170,0.0000018%
2006,SRB,GUY,ALL,1292578,0.0011%
2006,SRB,PER,ALL,153711,0.00013%
2006,SRB,PRY,ALL,2902,0.0000024%
2006,SRB,SUR,ALL,177646,0.00015%
2006,SRB,URY,ALL,61290,0.000051%
2006,SRB,VEN,ALL,48679,0.000040%
2007,SRB,AGO,ALL,535805,0.00044%
2007,SRB,BEN,ALL,6,5.0e-9%
2007,SRB,BWA,ALL,760,6.3e-7%
2007,SRB,CIV,ALL,26817,0.000022%
2007,SRB,CMR,ALL,1115540,0.00092%
2007,SRB,COD,ALL,1239939,0.0010%
2007,SRB,COG,ALL,29474,0.000024%
2007,SRB,CPV,ALL,2121,0.0000018%
2007,SRB,DZA,ALL,18561720,0.015%
2007,SRB,EGY,ALL,7420630,0.0061%
2007,SRB,ETH,ALL,874810,0.00072%
2007,SRB,GAB,ALL,67289,0.000056%
2007,SRB,GHA,ALL,28822,0.000024%
2007,SRB,GNQ,ALL,5680527,0.0047%
2007,SRB,KEN,ALL,523446,0.00043%
2007,SRB,LBR,ALL,330374,0.00027%
2007,SRB,LBY,ALL,4923684,0.0041%
2007,SRB,MAR,ALL,5598614,0.0046%
2007,SRB,MDG,ALL,2300,0.0000019%
2007,SRB,MLI,ALL,3101,0.0000026%
2007,SRB,MOZ,ALL,158598,0.00013%
2007,SRB,MRT,ALL,2125,0.0000018%
2007,SRB,MUS,ALL,98975,0.000082%
2007,SRB,NAM,ALL,51806,0.000043%
2007,SRB,NER,ALL,325017,0.00027%
2007,SRB,NGA,ALL,6783372,0.0056%
2007,SRB,RWA,ALL,56279,0.000047%
2007,SRB,SDN,ALL,6576,0.0000054%
2007,SRB,SEN,ALL,39709,0.000033%
2007,SRB,SLE,ALL,191058,0.00016%
2007,SRB,SWZ,ALL,1433,0.0000012%
2007,SRB,SYC,ALL,29198,0.000024%
2007,SRB,TGO,ALL,28840,0.000024%
2007,SRB,TUN,ALL,2837493,0.0023%
2007,SRB,TZA,ALL,195507,0.00016%
2007,SRB,UGA,ALL,268500,0.00022%
2007,SRB,ZAF,ALL,2041108,0.0017%
2007,SRB,ZMB,ALL,24832,0.000021%
2007,SRB,ZWE,ALL,10,8.3e-9%
2007,SRB,AFG,ALL,768302,0.00064%
2007,SRB,ARE,ALL,8084575,0.0067%
2007,SRB,ARM,ALL,2322548,0.0019%
2007,SRB,AZE,ALL,1344802,0.0011%
2007,SRB,BGD,ALL,12812695,0.011%
2007,SRB,BHR,ALL,311790,0.00026%
2007,SRB,CHN,ALL,15065127,0.012%
2007,SRB,CYP,ALL,19208499,0.016%
2007,SRB,GEO,ALL,1984748,0.0016%
2007,SRB,HKG,ALL,456912,0.00038%
2007,SRB,IDN,ALL,4101326,0.0034%
2007,SRB,IND,ALL,14245517,0.012%
2007,SRB,IRN,ALL,16049515,0.013%
2007,SRB,IRQ,ALL,4766311,0.0039%
2007,SRB,ISR,ALL,11545669,0.0095%
2007,SRB,JOR,ALL,7063154,0.0058%
2007,SRB,JPN,ALL,8920999,0.0074%
2007,SRB,KAZ,ALL,16275627,0.013%
2007,SRB,KGZ,ALL,848546,0.00070%
2007,SRB,KHM,ALL,3379,0.0000028%
2007,SRB,KOR,ALL,1762745,0.0015%
2007,SRB,KWT,ALL,1486043,0.0012%
2007,SRB,LAO,ALL,4493,0.0000037%
2007,SRB,LBN,ALL,2695986,0.0022%
2007,SRB,LKA,ALL,2167122,0.0018%
2007,SRB,MAC,ALL,55805,0.000046%
2007,SRB,MDV,ALL,144020,0.00012%
2007,SRB,MMR,ALL,1154718,0.00096%
2007,SRB,MNG,ALL,323696,0.00027%
2007,SRB,MYS,ALL,1599774,0.0013%
2007,SRB,NPL,ALL,3542,0.0000029%
2007,SRB,OMN,ALL,3871,0.0000032%
2007,SRB,PAK,ALL,1184442,0.00098%
2007,SRB,PHL,ALL,282532,0.00023%
2007,SRB,PSE,ALL,44885,0.000037%
2007,SRB,QAT,ALL,89239,0.000074%
2007,SRB,SAU,ALL,7571349,0.0063%
2007,SRB,SGP,ALL,535938,0.00044%
2007,SRB,SYR,ALL,10796619,0.0089%
2007,SRB,THA,ALL,423231,0.00035%
2007,SRB,TJK,ALL,4056613,0.0034%
2007,SRB,TKM,ALL,3066596,0.0025%
2007,SRB,TUR,ALL,70561580,0.058%
2007,SRB,UZB,ALL,2243341,0.0019%
2007,SRB,VNM,ALL,1660397,0.0014%
2007,SRB,YEM,ALL,135927,0.00011%
2007,SRB,ALB,ALL,134582724,0.11%
2007,SRB,AND,ALL,43355,0.000036%
2007,SRB,AUT,ALL,281348779,0.23%
2007,SRB,BEL,ALL,117381743,0.097%
2007,SRB,BGR,ALL,224234337,0.19%
2007,SRB,BIH,ALL,910197024,0.75%
2007,SRB,BLR,ALL,19915322,0.016%
2007,SRB,CHE,ALL,49995624,0.041%
2007,SRB,CZE,ALL,117726334,0.097%
2007,SRB,DEU,ALL,846258590,0.70%
2007,SRB,DNK,ALL,9554808,0.0079%
2007,SRB,ESP,ALL,70996065,0.059%
2007,SRB,EST,ALL,2874297,0.0024%
2007,SRB,FIN,ALL,11614546,0.0096%
2007,SRB,FRA,ALL,261704202,0.22%
2007,SRB,FRO,ALL,356,2.9e-7%
2007,SRB,GBR,ALL,143839785,0.12%
2007,SRB,GIB,ALL,27077,0.000022%
2007,SRB,GRC,ALL,176628261,0.15%
2007,SRB,HRV,ALL,304423110,0.25%
2007,SRB,HUN,ALL,231887708,0.19%
2007,SRB,IRL,ALL,11535714,0.0095%
2007,SRB,ISL,ALL,373427,0.00031%
2007,SRB,ITA,ALL,1021910998,0.85%
2007,SRB,LTU,ALL,6507760,0.0054%
2007,SRB,LUX,ALL,783846,0.00065%
2007,SRB,LVA,ALL,14899605,0.012%
2007,SRB,MDA,ALL,3802265,0.0031%
2007,SRB,MKD,ALL,418837340,0.35%
2007,SRB,MLT,ALL,2292522,0.0019%
2007,SRB,MNE,ALL,637979780,0.53%
2007,SRB,NLD,ALL,112048786,0.093%
2007,SRB,NOR,ALL,7309151,0.0060%
2007,SRB,POL,ALL,122661216,0.10%
2007,SRB,PRT,ALL,29899818,0.025%
2007,SRB,ROU,ALL,305784196,0.25%
2007,SRB,RUS,ALL,392752485,0.32%
2007,SRB,SMR,ALL,58621,0.000048%
2007,SRB,SVK,ALL,83225359,0.069%
2007,SRB,SVN,ALL,443822631,0.37%
2007,SRB,SWE,ALL,53942090,0.045%
2007,SRB,UKR,ALL,87902413,0.073%
2007,SRB,ABW,ALL,2215,0.0000018%
2007,SRB,ANT,ALL,68312,0.000056%
2007,SRB,BLZ,ALL,264443,0.00022%
2007,SRB,BRB,ALL,912,7.5e-7%
2007,SRB,CAN,ALL,12135932,0.010%
2007,SRB,CRI,ALL,174160,0.00014%
2007,SRB,CUB,ALL,205,1.7e-7%
2007,SRB,DOM,ALL,224175,0.00019%
2007,SRB,GRL,ALL,3268,0.0000027%
2007,SRB,GTM,ALL,577621,0.00048%
2007,SRB,HND,ALL,13686,0.000011%
2007,SRB,HTI,ALL,39,3.2e-8%
2007,SRB,JAM,ALL,27588,0.000023%
2007,SRB,KNA,ALL,43597,0.000036%
2007,SRB,MEX,ALL,1527848,0.0013%
2007,SRB,NIC,ALL,992,8.2e-7%
2007,SRB,PAN,ALL,335421,0.00028%
2007,SRB,TCA,ALL,14309,0.000012%
2007,SRB,TTO,ALL,324311,0.00027%
2007,SRB,USA,ALL,66536059,0.055%
2007,SRB,VGB,ALL,384010,0.00032%
2007,SRB,AUS,ALL,4126886,0.0034%
2007,SRB,COK,ALL,3637,0.0000030%
2007,SRB,FJI,ALL,403,3.3e-7%
2007,SRB,MHL,ALL,9297,0.0000077%
2007,SRB,NCL,ALL,19959,0.000017%
2007,SRB,NZL,ALL,472166,0.00039%
2007,SRB,PYF,ALL,25853,0.000021%
2007,SRB,TON,ALL,677,5.6e-7%
2007,SRB,VUT,ALL,8589,0.0000071%
2007,SRB,ARG,ALL,414581,0.00034%
2007,SRB,BOL,ALL,29881,0.000025%
2007,SRB,BRA,ALL,4758177,0.0039%
2007,SRB,CHL,ALL,602743,0.00050%
2007,SRB,COL,ALL,1561722,0.0013%
2007,SRB,ECU,ALL,107565,0.000089%
2007,SRB,GUY,ALL,90300,0.000075%
2007,SRB,PER,ALL,3670512,0.0030%
2007,SRB,SUR,ALL,178663,0.00015%
2007,SRB,URY,ALL,26673,0.000022%
2007,SRB,VEN,ALL,25526,0.000021%
2008,SRB,AGO,ALL,462218,0.00038%
2008,SRB,BEN,ALL,19918,0.000016%
2008,SRB,BWA,ALL,949158,0.00079%
2008,SRB,CIV,ALL,498819,0.00041%
2008,SRB,CMR,ALL,647399,0.00054%
2008,SRB,COG,ALL,29537,0.000024%
2008,SRB,COM,ALL,39449,0.000033%
2008,SRB,DZA,ALL,24232553,0.020%
2008,SRB,EGY,ALL,28436349,0.024%
2008,SRB,ETH,ALL,2909,0.0000024%
2008,SRB,GAB,ALL,13230,0.000011%
2008,SRB,GHA,ALL,3057,0.0000025%
2008,SRB,GIN,ALL,84481,0.000070%
2008,SRB,GMB,ALL,13629,0.000011%
2008,SRB,GNQ,ALL,8504183,0.0070%
2008,SRB,KEN,ALL,1210264,0.0010%
2008,SRB,LBY,ALL,7422298,0.0061%
2008,SRB,MAR,ALL,5313440,0.0044%
2008,SRB,MDG,ALL,2643,0.0000022%
2008,SRB,MLI,ALL,29757,0.000025%
2008,SRB,MOZ,ALL,9744,0.0000081%
2008,SRB,MRT,ALL,429,3.5e-7%
2008,SRB,MUS,ALL,6686,0.0000055%
2008,SRB,NAM,ALL,358786,0.00030%
2008,SRB,NER,ALL,393412,0.00033%
2008,SRB,NGA,ALL,4789411,0.0040%
2008,SRB,RWA,ALL,837769,0.00069%
2008,SRB,SDN,ALL,23519,0.000019%
2008,SRB,SEN,ALL,657156,0.00054%
2008,SRB,SLE,ALL,83586,0.000069%
2008,SRB,SYC,ALL,26458,0.000022%
2008,SRB,TCD,ALL,935368,0.00077%
2008,SRB,TGO,ALL,10937,0.0000090%
2008,SRB,TUN,ALL,2110929,0.0017%
2008,SRB,TZA,ALL,127093,0.00011%
2008,SRB,UGA,ALL,5969692,0.0049%
2008,SRB,ZAF,ALL,3355706,0.0028%
2008,SRB,ZMB,ALL,33524,0.000028%
2008,SRB,ZWE,ALL,475,3.9e-7%
2008,SRB,AFG,ALL,3856,0.0000032%
2008,SRB,ARE,ALL,9470029,0.0078%
2008,SRB,ARM,ALL,1021478,0.00084%
2008,SRB,AZE,ALL,3580391,0.0030%
2008,SRB,BGD,ALL,2319077,0.0019%
2008,SRB,BHR,ALL,1491613,0.0012%
2008,SRB,CHN,ALL,13440272,0.011%
2008,SRB,CYP,ALL,11018128,0.0091%
2008,SRB,GEO,ALL,1867557,0.0015%
2008,SRB,HKG,ALL,723087,0.00060%
2008,SRB,IDN,ALL,1578351,0.0013%
2008,SRB,IND,ALL,13089145,0.011%
2008,SRB,IRN,ALL,38599298,0.032%
2008,SRB,IRQ,ALL,82855205,0.069%
2008,SRB,ISR,ALL,20099401,0.017%
2008,SRB,JOR,ALL,8263752,0.0068%
2008,SRB,JPN,ALL,35021237,0.029%
2008,SRB,KAZ,ALL,18028257,0.015%
2008,SRB,KGZ,ALL,176901,0.00015%
2008,SRB,KHM,ALL,43729,0.000036%
2008,SRB,KOR,ALL,1038400,0.00086%
2008,SRB,KWT,ALL,4762812,0.0039%
2008,SRB,LBN,ALL,3197204,0.0026%
2008,SRB,LKA,ALL,169560,0.00014%
2008,SRB,MAC,ALL,19348,0.000016%
2008,SRB,MDV,ALL,205,1.7e-7%
2008,SRB,MMR,ALL,13557721,0.011%
2008,SRB,MNG,ALL,273756,0.00023%
2008,SRB,MYS,ALL,2629852,0.0022%
2008,SRB,NPL,ALL,4207,0.0000035%
2008,SRB,OMN,ALL,580869,0.00048%
2008,SRB,PAK,ALL,4701571,0.0039%
2008,SRB,PHL,ALL,1765406,0.0015%
2008,SRB,PRK,ALL,526,4.4e-7%
2008,SRB,QAT,ALL,446203,0.00037%
2008,SRB,SAU,ALL,10116861,0.0084%
2008,SRB,SGP,ALL,399431,0.00033%
2008,SRB,SYR,ALL,9993003,0.0083%
2008,SRB,THA,ALL,2114084,0.0017%
2008,SRB,TJK,ALL,1062734,0.00088%
2008,SRB,TKM,ALL,2384164,0.0020%
2008,SRB,TUR,ALL,63326661,0.052%
2008,SRB,UZB,ALL,2344065,0.0019%
2008,SRB,VNM,ALL,322113,0.00027%
2008,SRB,YEM,ALL,160482,0.00013%
2008,SRB,ALB,ALL,227864481,0.19%
2008,SRB,AND,ALL,260,2.2e-7%
2008,SRB,AUT,ALL,416520348,0.34%
2008,SRB,BEL,ALL,152887711,0.13%
2008,SRB,BGR,ALL,267986849,0.22%
2008,SRB,BIH,ALL,1201462196,0.99%
2008,SRB,BLR,ALL,21953506,0.018%
2008,SRB,CHE,ALL,82873464,0.069%
2008,SRB,CZE,ALL,238985251,0.20%
2008,SRB,DEU,ALL,1022360727,0.85%
2008,SRB,DNK,ALL,15956810,0.013%
2008,SRB,ESP,ALL,78196931,0.065%
2008,SRB,EST,ALL,1887934,0.0016%
2008,SRB,FIN,ALL,13417947,0.011%
2008,SRB,FRA,ALL,243038541,0.20%
2008,SRB,FRO,ALL,9284,0.0000077%
2008,SRB,GBR,ALL,133356367,0.11%
2008,SRB,GRC,ALL,204447277,0.17%
2008,SRB,HRV,ALL,395524359,0.33%
2008,SRB,HUN,ALL,332734309,0.28%
2008,SRB,IRL,ALL,15035405,0.012%
2008,SRB,ISL,ALL,749300,0.00062%
2008,SRB,ITA,ALL,997444806,0.82%
2008,SRB,LTU,ALL,15920272,0.013%
2008,SRB,LUX,ALL,2219531,0.0018%
2008,SRB,LVA,ALL,6752966,0.0056%
2008,SRB,MDA,ALL,7817720,0.0065%
2008,SRB,MKD,ALL,494596929,0.41%
2008,SRB,MLT,ALL,1769234,0.0015%
2008,SRB,MNE,ALL,844495070,0.70%
2008,SRB,NLD,ALL,173277604,0.14%
2008,SRB,NOR,ALL,15313936,0.013%
2008,SRB,POL,ALL,136122292,0.11%
2008,SRB,PRT,ALL,15123428,0.013%
2008,SRB,ROU,ALL,335582697,0.28%
2008,SRB,RUS,ALL,484868571,0.40%
2008,SRB,SVK,ALL,188020807,0.16%
2008,SRB,SVN,ALL,523867193,0.43%
2008,SRB,SWE,ALL,51066776,0.042%
2008,SRB,UKR,ALL,86441880,0.071%
2008,SRB,ANT,ALL,1141318,0.00094%
2008,SRB,BLZ,ALL,82619,0.000068%
2008,SRB,BMU,ALL,242,2.0e-7%
2008,SRB,CAN,ALL,11233607,0.0093%
2008,SRB,CRI,ALL,30056,0.000025%
2008,SRB,CUB,ALL,265684,0.00022%
2008,SRB,DOM,ALL,23929,0.000020%
2008,SRB,GRD,ALL,328,2.7e-7%
2008,SRB,GTM,ALL,658644,0.00054%
2008,SRB,HTI,ALL,12674,0.000010%
2008,SRB,KNA,ALL,39497,0.000033%
2008,SRB,MEX,ALL,718506,0.00059%
2008,SRB,NIC,ALL,1457,0.0000012%
2008,SRB,PAN,ALL,137370,0.00011%
2008,SRB,SLV,ALL,178,1.5e-7%
2008,SRB,TCA,ALL,1670,0.0000014%
2008,SRB,TTO,ALL,320550,0.00027%
2008,SRB,USA,ALL,69312214,0.057%
2008,SRB,VGB,ALL,1011282,0.00084%
2008,SRB,AUS,ALL,3191132,0.0026%
2008,SRB,FJI,ALL,15,1.2e-8%
2008,SRB,KIR,ALL,1141,9.4e-7%
2008,SRB,MHL,ALL,13681,0.000011%
2008,SRB,NCL,ALL,47457,0.000039%
2008,SRB,NZL,ALL,319118,0.00026%
2008,SRB,PYF,ALL,42021,0.000035%
2008,SRB,TUV,ALL,1506,0.0000012%
2008,SRB,ARG,ALL,458577,0.00038%
2008,SRB,BOL,ALL,29461,0.000024%
2008,SRB,BRA,ALL,3410409,0.0028%
2008,SRB,CHL,ALL,4087115,0.0034%
2008,SRB,COL,ALL,522946,0.00043%
2008,SRB,ECU,ALL,8833,0.0000073%
2008,SRB,PER,ALL,1528437,0.0013%
2008,SRB,PRY,ALL,55854,0.000046%
2008,SRB,SUR,ALL,1212,0.0000010%
2008,SRB,URY,ALL,79436,0.000066%
2008,SRB,VEN,ALL,70429,0.000058%
2009,SRB,AGO,ALL,3795324,0.0031%
2009,SRB,BFA,ALL,20182,0.000017%
2009,SRB,BWA,ALL,7081584,0.0059%
2009,SRB,CIV,ALL,4405385,0.0036%
2009,SRB,CMR,ALL,3744470,0.0031%
2009,SRB,COD,ALL,230790,0.00019%
2009,SRB,COG,ALL,45968,0.000038%
2009,SRB,COM,ALL,32345,0.000027%
2009,SRB,DZA,ALL,20566613,0.017%
2009,SRB,EGY,ALL,25014589,0.021%
2009,SRB,ERI,ALL,167382,0.00014%
2009,SRB,ETH,ALL,3852381,0.0032%
2009,SRB,GAB,ALL,465900,0.00039%
2009,SRB,GHA,ALL,277319,0.00023%
2009,SRB,GIN,ALL,55106,0.000046%
2009,SRB,GMB,ALL,8109,0.0000067%
2009,SRB,GNQ,ALL,9032328,0.0075%
2009,SRB,KEN,ALL,1273981,0.0011%
2009,SRB,LBY,ALL,26056708,0.022%
2009,SRB,MAR,ALL,842148,0.00070%
2009,SRB,MLI,ALL,316,2.6e-7%
2009,SRB,MOZ,ALL,2053821,0.0017%
2009,SRB,MUS,ALL,306163,0.00025%
2009,SRB,MWI,ALL,32452,0.000027%
2009,SRB,NAM,ALL,198462,0.00016%
2009,SRB,NER,ALL,117821,0.000097%
2009,SRB,NGA,ALL,3115537,0.0026%
2009,SRB,RWA,ALL,1081589,0.00089%
2009,SRB,SDN,ALL,511103,0.00042%
2009,SRB,SEN,ALL,342125,0.00028%
2009,SRB,SHN,ALL,14315,0.000012%
2009,SRB,SLE,ALL,509674,0.00042%
2009,SRB,SWZ,ALL,21480,0.000018%
2009,SRB,SYC,ALL,17586,0.000015%
2009,SRB,TUN,ALL,3087887,0.0026%
2009,SRB,TZA,ALL,538228,0.00045%
2009,SRB,UGA,ALL,1386352,0.0011%
2009,SRB,ZAF,ALL,2736469,0.0023%
2009,SRB,ZMB,ALL,5082,0.0000042%
2009,SRB,ZWE,ALL,37997,0.000031%
2009,SRB,AFG,ALL,2980481,0.0025%
2009,SRB,ARE,ALL,17994420,0.015%
2009,SRB,ARM,ALL,815066,0.00067%
2009,SRB,AZE,ALL,2123398,0.0018%
2009,SRB,BGD,ALL,435927,0.00036%
2009,SRB,BHR,ALL,3299941,0.0027%
2009,SRB,BRN,ALL,36788,0.000030%
2009,SRB,CHN,ALL,27695998,0.023%
2009,SRB,CYP,ALL,15975101,0.013%
2009,SRB,GEO,ALL,1246043,0.0010%
2009,SRB,HKG,ALL,2772950,0.0023%
2009,SRB,IDN,ALL,5994298,0.0050%
2009,SRB,IND,ALL,9410337,0.0078%
2009,SRB,IRN,ALL,28855043,0.024%
2009,SRB,IRQ,ALL,195181950,0.16%
2009,SRB,ISR,ALL,6952557,0.0058%
2009,SRB,JOR,ALL,1342220,0.0011%
2009,SRB,JPN,ALL,4061767,0.0034%
2009,SRB,KAZ,ALL,15531539,0.013%
2009,SRB,KGZ,ALL,259664,0.00021%
2009,SRB,KHM,ALL,237751,0.00020%
2009,SRB,KOR,ALL,1111490,0.00092%
2009,SRB,KWT,ALL,743726,0.00062%
2009,SRB,LBN,ALL,4216525,0.0035%
2009,SRB,LKA,ALL,265548,0.00022%
2009,SRB,MAC,ALL,14549,0.000012%
2009,SRB,MDV,ALL,237,2.0e-7%
2009,SRB,MMR,ALL,223927,0.00019%
2009,SRB,MNG,ALL,117800,0.000097%
2009,SRB,MYS,ALL,2116839,0.0018%
2009,SRB,OMN,ALL,254795,0.00021%
2009,SRB,PAK,ALL,6974234,0.0058%
2009,SRB,PHL,ALL,477508,0.00039%
2009,SRB,PRK,ALL,25,2.1e-8%
2009,SRB,PSE,ALL,27606,0.000023%
2009,SRB,QAT,ALL,362918,0.00030%
2009,SRB,SAU,ALL,4295743,0.0036%
2009,SRB,SGP,ALL,240691,0.00020%
2009,SRB,SYR,ALL,8359950,0.0069%
2009,SRB,THA,ALL,7226294,0.0060%
2009,SRB,TJK,ALL,1448,0.0000012%
2009,SRB,TKM,ALL,1290326,0.0011%
2009,SRB,TUR,ALL,59154346,0.049%
2009,SRB,UZB,ALL,2319420,0.0019%
2009,SRB,VNM,ALL,3470726,0.0029%
2009,SRB,YEM,ALL,575440,0.00048%
2009,SRB,ALB,ALL,111245261,0.092%
2009,SRB,AUT,ALL,299125794,0.25%
2009,SRB,BEL,ALL,75200425,0.062%
2009,SRB,BGR,ALL,200424418,0.17%
2009,SRB,BIH,ALL,798252552,0.66%
2009,SRB,BLR,ALL,26299416,0.022%
2009,SRB,CHE,ALL,81788176,0.068%
2009,SRB,CZE,ALL,142394809,0.12%
2009,SRB,DEU,ALL,749394643,0.62%
2009,SRB,DNK,ALL,10969885,0.0091%
2009,SRB,ESP,ALL,157769751,0.13%
2009,SRB,EST,ALL,1695009,0.0014%
2009,SRB,FIN,ALL,10071726,0.0083%
2009,SRB,FRA,ALL,194628405,0.16%
2009,SRB,FRO,ALL,10037,0.0000083%
2009,SRB,GBR,ALL,98864544,0.082%
2009,SRB,GIB,ALL,5734,0.0000047%
2009,SRB,GRC,ALL,132939565,0.11%
2009,SRB,HRV,ALL,257943484,0.21%
2009,SRB,HUN,ALL,291945713,0.24%
2009,SRB,IRL,ALL,5067450,0.0042%
2009,SRB,ISL,ALL,1015116,0.00084%
2009,SRB,ITA,ALL,836293900,0.69%
2009,SRB,LTU,ALL,17047410,0.014%
2009,SRB,LUX,ALL,1286931,0.0011%
2009,SRB,LVA,ALL,4236140,0.0035%
2009,SRB,MDA,ALL,5651903,0.0047%
2009,SRB,MKD,ALL,380706125,0.31%
2009,SRB,MLT,ALL,1599258,0.0013%
2009,SRB,MNE,ALL,575274488,0.48%
2009,SRB,NLD,ALL,140538367,0.12%
2009,SRB,NOR,ALL,4890206,0.0040%
2009,SRB,POL,ALL,62706009,0.052%
2009,SRB,PRT,ALL,66163200,0.055%
2009,SRB,ROU,ALL,250134575,0.21%
2009,SRB,RUS,ALL,329628193,0.27%
2009,SRB,SMR,ALL,479231,0.00040%
2009,SRB,SVK,ALL,122410129,0.10%
2009,SRB,SVN,ALL,344893514,0.29%
2009,SRB,SWE,ALL,33450985,0.028%
2009,SRB,UKR,ALL,67537357,0.056%
2009,SRB,ANT,ALL,1072110,0.00089%
2009,SRB,BHS,ALL,14348,0.000012%
2009,SRB,BLZ,ALL,328462,0.00027%
2009,SRB,CAN,ALL,8948177,0.0074%
2009,SRB,CRI,ALL,44855,0.000037%
2009,SRB,CYM,ALL,2621,0.0000022%
2009,SRB,DOM,ALL,5154,0.0000043%
2009,SRB,GTM,ALL,338057,0.00028%
2009,SRB,HND,ALL,21200,0.000018%
2009,SRB,JAM,ALL,2751,0.0000023%
2009,SRB,KNA,ALL,643137,0.00053%
2009,SRB,MEX,ALL,3132166,0.0026%
2009,SRB,NIC,ALL,22697,0.000019%
2009,SRB,PAN,ALL,242431,0.00020%
2009,SRB,TCA,ALL,8700,0.0000072%
2009,SRB,TTO,ALL,31731,0.000026%
2009,SRB,USA,ALL,60636716,0.050%
2009,SRB,VGB,ALL,197275,0.00016%
2009,SRB,AUS,ALL,4327766,0.0036%
2009,SRB,MHL,ALL,22890,0.000019%
2009,SRB,NCL,ALL,82938,0.000069%
2009,SRB,NZL,ALL,379320,0.00031%
2009,SRB,PYF,ALL,36997,0.000031%
2009,SRB,ARG,ALL,399474,0.00033%
2009,SRB,BOL,ALL,7424,0.0000061%
2009,SRB,BRA,ALL,1715124,0.0014%
2009,SRB,CHL,ALL,4879026,0.0040%
2009,SRB,COL,ALL,40045,0.000033%
2009,SRB,ECU,ALL,1051342,0.00087%
2009,SRB,PER,ALL,1476388,0.0012%
2009,SRB,PRY,ALL,125342,0.00010%
2009,SRB,SUR,ALL,106783,0.000088%
2009,SRB,URY,ALL,60441,0.000050%
2009,SRB,VEN,ALL,49476,0.000041%
2010,SRB,AGO,ALL,7919480,0.0065%
2010,SRB,BEN,ALL,5319,0.0000044%
2010,SRB,BWA,ALL,82429,0.000068%
2010,SRB,CIV,ALL,1126387,0.00093%
2010,SRB,CMR,ALL,3040390,0.0025%
2010,SRB,COD,ALL,9640,0.0000080%
2010,SRB,COG,ALL,53062,0.000044%
2010,SRB,COM,ALL,1566,0.0000013%
2010,SRB,CPV,ALL,154106,0.00013%
2010,SRB,DZA,ALL,29361404,0.024%
2010,SRB,EGY,ALL,44313027,0.037%
2010,SRB,ERI,ALL,8253,0.0000068%
2010,SRB,ETH,ALL,8563951,0.0071%
2010,SRB,GAB,ALL,8728677,0.0072%
2010,SRB,GHA,ALL,70437,0.000058%
2010,SRB,GIN,ALL,150838,0.00012%
2010,SRB,GMB,ALL,34880,0.000029%
2010,SRB,GNQ,ALL,6320043,0.0052%
2010,SRB,KEN,ALL,15871954,0.013%
2010,SRB,LBR,ALL,27889,0.000023%
2010,SRB,LBY,ALL,6751453,0.0056%
2010,SRB,MAR,ALL,441517,0.00037%
2010,SRB,MDG,ALL,10174,0.0000084%
2010,SRB,MOZ,ALL,16189,0.000013%
2010,SRB,MRT,ALL,125194,0.00010%
2010,SRB,MUS,ALL,19656,0.000016%
2010,SRB,NAM,ALL,268884,0.00022%
2010,SRB,NGA,ALL,1726907,0.0014%
2010,SRB,RWA,ALL,821077,0.00068%
2010,SRB,SDN,ALL,1048083,0.00087%
2010,SRB,SEN,ALL,14935,0.000012%
2010,SRB,SLE,ALL,366272,0.00030%
2010,SRB,SYC,ALL,42238,0.000035%
2010,SRB,TGO,ALL,22487,0.000019%
2010,SRB,TUN,ALL,4608180,0.0038%
2010,SRB,TZA,ALL,545638,0.00045%
2010,SRB,UGA,ALL,1202036,0.00099%
2010,SRB,ZAF,ALL,7453556,0.0062%
2010,SRB,ZWE,ALL,29047,0.000024%
2010,SRB,AFG,ALL,28438350,0.024%
2010,SRB,ARE,ALL,17984008,0.015%
2010,SRB,ARM,ALL,1078501,0.00089%
2010,SRB,AZE,ALL,3778685,0.0031%
2010,SRB,BGD,ALL,5049240,0.0042%
2010,SRB,BHR,ALL,668595,0.00055%
2010,SRB,BRN,ALL,13746,0.000011%
2010,SRB,CHN,ALL,50375221,0.042%
2010,SRB,CYP,ALL,17612714,0.015%
2010,SRB,GEO,ALL,1701003,0.0014%
2010,SRB,HKG,ALL,3711097,0.0031%
2010,SRB,IDN,ALL,1394868,0.0012%
2010,SRB,IND,ALL,5937190,0.0049%
2010,SRB,IRN,ALL,31390790,0.026%
2010,SRB,IRQ,ALL,46872938,0.039%
2010,SRB,ISR,ALL,14505221,0.012%
2010,SRB,JOR,ALL,1285522,0.0011%
2010,SRB,JPN,ALL,3819314,0.0032%
2010,SRB,KAZ,ALL,7734849,0.0064%
2010,SRB,KGZ,ALL,86148,0.000071%
2010,SRB,KHM,ALL,182222,0.00015%
2010,SRB,KOR,ALL,36127834,0.030%
2010,SRB,KWT,ALL,161298,0.00013%
2010,SRB,LBN,ALL,5736293,0.0047%
2010,SRB,LKA,ALL,5603,0.0000046%
2010,SRB,MAC,ALL,106289,0.000088%
2010,SRB,MMR,ALL,5106,0.0000042%
2010,SRB,MNG,ALL,280827,0.00023%
2010,SRB,MYS,ALL,225656,0.00019%
2010,SRB,NPL,ALL,8628,0.0000071%
2010,SRB,OMN,ALL,218708,0.00018%
2010,SRB,PAK,ALL,4223550,0.0035%
2010,SRB,PHL,ALL,1218400,0.0010%
2010,SRB,PRK,ALL,5992,0.0000050%
2010,SRB,QAT,ALL,2466495,0.0020%
2010,SRB,SAU,ALL,3886223,0.0032%
2010,SRB,SGP,ALL,1987215,0.0016%
2010,SRB,SYR,ALL,14036930,0.012%
2010,SRB,THA,ALL,8555112,0.0071%
2010,SRB,TJK,ALL,1549920,0.0013%
2010,SRB,TKM,ALL,2811597,0.0023%
2010,SRB,TLS,ALL,19085,0.000016%
2010,SRB,TUR,ALL,116816458,0.097%
2010,SRB,UZB,ALL,1493863,0.0012%
2010,SRB,VNM,ALL,3668407,0.0030%
2010,SRB,YEM,ALL,94134,0.000078%
2010,SRB,ALB,ALL,197450167,0.16%
2010,SRB,AUT,ALL,352416497,0.29%
2010,SRB,BEL,ALL,114507917,0.095%
2010,SRB,BGR,ALL,256123375,0.21%
2010,SRB,BIH,ALL,888560619,0.73%
2010,SRB,BLR,ALL,43512004,0.036%
2010,SRB,CHE,ALL,64276440,0.053%
2010,SRB,CZE,ALL,166462127,0.14%
2010,SRB,DEU,ALL,897074269,0.74%
2010,SRB,DNK,ALL,16147679,0.013%
2010,SRB,ESP,ALL,99564779,0.082%
2010,SRB,EST,ALL,3141264,0.0026%
2010,SRB,FIN,ALL,10466983,0.0087%
2010,SRB,FRA,ALL,228663931,0.19%
2010,SRB,FRO,ALL,2270,0.0000019%
2010,SRB,GBR,ALL,145482365,0.12%
2010,SRB,GIB,ALL,11958,0.0000099%
2010,SRB,GRC,ALL,188372294,0.16%
2010,SRB,HRV,ALL,279659607,0.23%
2010,SRB,HUN,ALL,339488113,0.28%
2010,SRB,IRL,ALL,11370178,0.0094%
2010,SRB,ISL,ALL,792460,0.00066%
2010,SRB,ITA,ALL,1063712962,0.88%
2010,SRB,LTU,ALL,17529669,0.014%
2010,SRB,LUX,ALL,779342,0.00064%
2010,SRB,LVA,ALL,3899233,0.0032%
2010,SRB,MDA,ALL,6793923,0.0056%
2010,SRB,MKD,ALL,473833631,0.39%
2010,SRB,MLT,ALL,457100,0.00038%
2010,SRB,MNE,ALL,524666974,0.43%
2010,SRB,NLD,ALL,122783297,0.10%
2010,SRB,NOR,ALL,10420357,0.0086%
2010,SRB,POL,ALL,95760128,0.079%
2010,SRB,PRT,ALL,4665925,0.0039%
2010,SRB,ROU,ALL,312773053,0.26%
2010,SRB,RUS,ALL,519658700,0.43%
2010,SRB,SMR,ALL,16422,0.000014%
2010,SRB,SVK,ALL,155295118,0.13%
2010,SRB,SVN,ALL,440876052,0.36%
2010,SRB,SWE,ALL,40473113,0.033%
2010,SRB,UKR,ALL,133914882,0.11%
2010,SRB,VAT,ALL,4357,0.0000036%
2010,SRB,ANT,ALL,94800,0.000078%
2010,SRB,BHS,ALL,12944,0.000011%
2010,SRB,BLZ,ALL,265686,0.00022%
2010,SRB,CAN,ALL,14674017,0.012%
2010,SRB,CRI,ALL,37839,0.000031%
2010,SRB,CUB,ALL,5272,0.0000044%
2010,SRB,DOM,ALL,36892,0.000031%
2010,SRB,GRL,ALL,60329,0.000050%
2010,SRB,GTM,ALL,442622,0.00037%
2010,SRB,MEX,ALL,2498966,0.0021%
2010,SRB,NIC,ALL,6073,0.0000050%
2010,SRB,PAN,ALL,540363,0.00045%
2010,SRB,SLV,ALL,60543,0.000050%
2010,SRB,TTO,ALL,60327,0.000050%
2010,SRB,USA,ALL,155142565,0.13%
2010,SRB,VGB,ALL,2141922,0.0018%
2010,SRB,AUS,ALL,4766207,0.0039%
2010,SRB,MHL,ALL,4438,0.0000037%
2010,SRB,NCL,ALL,150496,0.00012%
2010,SRB,NZL,ALL,605049,0.00050%
2010,SRB,PYF,ALL,39047,0.000032%
2010,SRB,TKL,ALL,2485,0.0000021%
2010,SRB,ARG,ALL,606887,0.00050%
2010,SRB,BOL,ALL,83347,0.000069%
2010,SRB,BRA,ALL,4093184,0.0034%
2010,SRB,CHL,ALL,1698573,0.0014%
2010,SRB,COL,ALL,386929,0.00032%
2010,SRB,ECU,ALL,2061589,0.0017%
2010,SRB,PER,ALL,5414168,0.0045%
2010,SRB,PRY,ALL,811564,0.00067%
2010,SRB,URY,ALL,392990,0.00033%
2010,SRB,VEN,ALL,41164,0.000034%
2011,SRB,AGO,ALL,1685047,0.0014%
2011,SRB,BEN,ALL,18183,0.000015%
2011,SRB,BFA,ALL,37522,0.000031%
2011,SRB,BWA,ALL,437118,0.00036%
2011,SRB,CIV,ALL,51949,0.000043%
2011,SRB,CMR,ALL,1830015,0.0015%
2011,SRB,COD,ALL,2457063,0.0020%
2011,SRB,COG,ALL,740860,0.00061%
2011,SRB,COM,ALL,5015,0.0000041%
2011,SRB,DJI,ALL,3345,0.0000028%
2011,SRB,DZA,ALL,8010215,0.0066%
2011,SRB,EGY,ALL,21122232,0.017%
2011,SRB,ETH,ALL,4873630,0.0040%
2011,SRB,GAB,ALL,5545448,0.0046%
2011,SRB,GHA,ALL,267937,0.00022%
2011,SRB,GIN,ALL,11985,0.0000099%
2011,SRB,GMB,ALL,12255,0.000010%
2011,SRB,GNQ,ALL,6452220,0.0053%
2011,SRB,KEN,ALL,14290568,0.012%
2011,SRB,LBY,ALL,5921210,0.0049%
2011,SRB,MAR,ALL,280546,0.00023%
2011,SRB,MLI,ALL,5677,0.0000047%
2011,SRB,MOZ,ALL,199065,0.00016%
2011,SRB,MRT,ALL,25047,0.000021%
2011,SRB,MUS,ALL,11159,0.0000092%
2011,SRB,NAM,ALL,80279,0.000066%
2011,SRB,NER,ALL,17073,0.000014%
2011,SRB,NGA,ALL,1164455,0.00096%
2011,SRB,RWA,ALL,408888,0.00034%
2011,SRB,SDN,ALL,1811450,0.0015%
2011,SRB,SEN,ALL,186571,0.00015%
2011,SRB,SHN,ALL,3209,0.0000027%
2011,SRB,SLE,ALL,28067,0.000023%
2011,SRB,SWZ,ALL,11670,0.0000097%
2011,SRB,SYC,ALL,39816,0.000033%
2011,SRB,TGO,ALL,20898,0.000017%
2011,SRB,TUN,ALL,2926292,0.0024%
2011,SRB,TZA,ALL,54673,0.000045%
2011,SRB,UGA,ALL,804905,0.00067%
2011,SRB,ZAF,ALL,1322381,0.0011%
2011,SRB,ZMB,ALL,1129,9.3e-7%
2011,SRB,ZWE,ALL,684,5.7e-7%
2011,SRB,AFG,ALL,9974586,0.0082%
2011,SRB,ARE,ALL,6292285,0.0052%
2011,SRB,ARM,ALL,652367,0.00054%
2011,SRB,AZE,ALL,3915308,0.0032%
2011,SRB,BGD,ALL,7395704,0.0061%
2011,SRB,BHR,ALL,6219780,0.0051%
2011,SRB,BRN,ALL,439,3.6e-7%
2011,SRB,CHN,ALL,15234112,0.013%
2011,SRB,CYP,ALL,26298191,0.022%
2011,SRB,GEO,ALL,2113286,0.0017%
2011,SRB,HKG,ALL,1307065,0.0011%
2011,SRB,IDN,ALL,5158561,0.0043%
2011,SRB,IND,ALL,8257683,0.0068%
2011,SRB,IRN,ALL,45226157,0.037%
2011,SRB,IRQ,ALL,53873726,0.045%
2011,SRB,ISR,ALL,17545241,0.015%
2011,SRB,JOR,ALL,4097053,0.0034%
2011,SRB,JPN,ALL,2332979,0.0019%
2011,SRB,KAZ,ALL,9810593,0.0081%
2011,SRB,KGZ,ALL,18862,0.000016%
2011,SRB,KHM,ALL,829229,0.00069%
2011,SRB,KOR,ALL,1335716,0.0011%
2011,SRB,KWT,ALL,599178,0.00050%
2011,SRB,LBN,ALL,4583621,0.0038%
2011,SRB,LKA,ALL,19249,0.000016%
2011,SRB,MDV,ALL,12529,0.000010%
2011,SRB,MMR,ALL,80904,0.000067%
2011,SRB,MNG,ALL,400809,0.00033%
2011,SRB,MYS,ALL,89936,0.000074%
2011,SRB,OMN,ALL,131802,0.00011%
2011,SRB,PAK,ALL,434519,0.00036%
2011,SRB,PHL,ALL,3101833,0.0026%
2011,SRB,PRK,ALL,30755,0.000025%
2011,SRB,PSE,ALL,84341,0.000070%
2011,SRB,QAT,ALL,608832,0.00050%
2011,SRB,SAU,ALL,1324207,0.0011%
2011,SRB,SGP,ALL,4769620,0.0039%
2011,SRB,SYR,ALL,12160840,0.010%
2011,SRB,THA,ALL,5511466,0.0046%
2011,SRB,TJK,ALL,828939,0.00069%
2011,SRB,TKM,ALL,1383746,0.0011%
2011,SRB,TUR,ALL,127439518,0.11%
2011,SRB,UZB,ALL,2654997,0.0022%
2011,SRB,VNM,ALL,6311260,0.0052%
2011,SRB,XXB,ALL,612507,0.00051%
2011,SRB,YEM,ALL,130714,0.00011%
2011,SRB,ALB,ALL,123656129,0.10%
2011,SRB,AND,ALL,207,1.7e-7%
2011,SRB,AUT,ALL,368880521,0.31%
2011,SRB,BEL,ALL,125952741,0.10%
2011,SRB,BGR,ALL,314342567,0.26%
2011,SRB,BIH,ALL,1171354705,0.97%
2011,SRB,BLR,ALL,51782255,0.043%
2011,SRB,CHE,ALL,79421703,0.066%
2011,SRB,CZE,ALL,155767581,0.13%
2011,SRB,DEU,ALL,1309333561,1.1%
2011,SRB,DNK,ALL,25117045,0.021%
2011,SRB,ESP,ALL,77098609,0.064%
2011,SRB,EST,ALL,1596182,0.0013%
2011,SRB,FIN,ALL,13132363,0.011%
2011,SRB,FRA,ALL,306319015,0.25%
2011,SRB,FRO,ALL,1016,8.4e-7%
2011,SRB,GBR,ALL,171054760,0.14%
2011,SRB,GIB,ALL,20381,0.000017%
2011,SRB,GRC,ALL,199598512,0.17%
2011,SRB,HRV,ALL,465784246,0.39%
2011,SRB,HUN,ALL,340373829,0.28%
2011,SRB,IRL,ALL,9620407,0.0080%
2011,SRB,ISL,ALL,148298,0.00012%
2011,SRB,ITA,ALL,1302873554,1.1%
2011,SRB,LTU,ALL,32888818,0.027%
2011,SRB,LUX,ALL,1432102,0.0012%
2011,SRB,LVA,ALL,4784942,0.0040%
2011,SRB,MDA,ALL,9609041,0.0079%
2011,SRB,MKD,ALL,518784990,0.43%
2011,SRB,MLT,ALL,608295,0.00050%
2011,SRB,MNE,ALL,879455950,0.73%
2011,SRB,NLD,ALL,129246894,0.11%
2011,SRB,NOR,ALL,7871304,0.0065%
2011,SRB,POL,ALL,181840193,0.15%
2011,SRB,PRT,ALL,3523747,0.0029%
2011,SRB,ROU,ALL,795984427,0.66%
2011,SRB,RUS,ALL,789728948,0.65%
2011,SRB,SMR,ALL,22226,0.000018%
2011,SRB,SVK,ALL,215712087,0.18%
2011,SRB,SVN,ALL,521356846,0.43%
2011,SRB,SWE,ALL,51376674,0.042%
2011,SRB,UKR,ALL,177702182,0.15%
2011,SRB,BHS,ALL,5249,0.0000043%
2011,SRB,BLZ,ALL,681209,0.00056%
2011,SRB,CAN,ALL,7173778,0.0059%
2011,SRB,CRI,ALL,337686,0.00028%
2011,SRB,CUB,ALL,120109,0.000099%
2011,SRB,CUW,ALL,134495,0.00011%
2011,SRB,CYM,ALL,3102,0.0000026%
2011,SRB,DOM,ALL,7078,0.0000059%
2011,SRB,GRL,ALL,54069,0.000045%
2011,SRB,GTM,ALL,593867,0.00049%
2011,SRB,HND,ALL,202,1.7e-7%
2011,SRB,HTI,ALL,12773,0.000011%
2011,SRB,MEX,ALL,3679622,0.0030%
2011,SRB,PAN,ALL,40493,0.000033%
2011,SRB,SLV,ALL,1459,0.0000012%
2011,SRB,TTO,ALL,19094,0.000016%
2011,SRB,USA,ALL,79069593,0.065%
2011,SRB,VGB,ALL,130369,0.00011%
2011,SRB,AUS,ALL,6602316,0.0055%
2011,SRB,FJI,ALL,194,1.6e-7%
2011,SRB,MHL,ALL,5741,0.0000047%
2011,SRB,NCL,ALL,27335,0.000023%
2011,SRB,NZL,ALL,449571,0.00037%
2011,SRB,PYF,ALL,94858,0.000078%
2011,SRB,TON,ALL,18277,0.000015%
2011,SRB,ARG,ALL,464170,0.00038%
2011,SRB,BOL,ALL,765448,0.00063%
2011,SRB,BRA,ALL,6022191,0.0050%
2011,SRB,CHL,ALL,2217072,0.0018%
2011,SRB,COL,ALL,16877,0.000014%
2011,SRB,ECU,ALL,54716,0.000045%
2011,SRB,FLK,ALL,531,4.4e-7%
2011,SRB,PER,ALL,103488,0.000086%
2011,SRB,PRY,ALL,40708,0.000034%
2011,SRB,SUR,ALL,137719,0.00011%
2011,SRB,URY,ALL,1000422,0.00083%
2011,SRB,XXA,ALL,249859052,0.21%
2012,SRB,AGO,ALL,4424426,0.0037%
2012,SRB,BEN,ALL,94,7.8e-8%
2012,SRB,BFA,ALL,540261,0.00045%
2012,SRB,BWA,ALL,367121,0.00030%
2012,SRB,CIV,ALL,61977,0.000051%
2012,SRB,CMR,ALL,5356381,0.0044%
2012,SRB,COD,ALL,769856,0.00064%
2012,SRB,COG,ALL,492036,0.00041%
2012,SRB,DZA,ALL,25895910,0.021%
2012,SRB,EGY,ALL,19841327,0.016%
2012,SRB,ETH,ALL,11032672,0.0091%
2012,SRB,GAB,ALL,818571,0.00068%
2012,SRB,GHA,ALL,1033736,0.00085%
2012,SRB,GIN,ALL,101788,0.000084%
2012,SRB,GNQ,ALL,4509696,0.0037%
2012,SRB,KEN,ALL,8722917,0.0072%
2012,SRB,LBR,ALL,1552,0.0000013%
2012,SRB,LBY,ALL,4248877,0.0035%
2012,SRB,MAR,ALL,1588062,0.0013%
2012,SRB,MLI,ALL,261951,0.00022%
2012,SRB,MRT,ALL,37796,0.000031%
2012,SRB,MUS,ALL,9205,0.0000076%
2012,SRB,NAM,ALL,104437,0.000086%
2012,SRB,NER,ALL,67835,0.000056%
2012,SRB,NGA,ALL,2344561,0.0019%
2012,SRB,RWA,ALL,9779,0.0000081%
2012,SRB,SDN,ALL,1211869,0.0010%
2012,SRB,SEN,ALL,61485,0.000051%
2012,SRB,SLE,ALL,508,4.2e-7%
2012,SRB,SYC,ALL,14425,0.000012%
2012,SRB,TCD,ALL,2707,0.0000022%
2012,SRB,TGO,ALL,3611,0.0000030%
2012,SRB,TUN,ALL,8521489,0.0070%
2012,SRB,TZA,ALL,69652,0.000058%
2012,SRB,UGA,ALL,365981,0.00030%
2012,SRB,ZAF,ALL,2421347,0.0020%
2012,SRB,ZMB,ALL,41540,0.000034%
2012,SRB,ZWE,ALL,34390,0.000028%
2012,SRB,AFG,ALL,3454420,0.0029%
2012,SRB,ARE,ALL,20350333,0.017%
2012,SRB,ARM,ALL,1072590,0.00089%
2012,SRB,AZE,ALL,31606334,0.026%
2012,SRB,BGD,ALL,532640,0.00044%
2012,SRB,BHR,ALL,1787485,0.0015%
2012,SRB,CHN,ALL,19600723,0.016%
2012,SRB,CYP,ALL,104965644,0.087%
2012,SRB,GEO,ALL,2723324,0.0023%
2012,SRB,HKG,ALL,13460868,0.011%
2012,SRB,IDN,ALL,6966149,0.0058%
2012,SRB,IND,ALL,4560854,0.0038%
2012,SRB,IOT,ALL,96532,0.000080%
2012,SRB,IRN,ALL,32842278,0.027%
2012,SRB,IRQ,ALL,37818716,0.031%
2012,SRB,ISR,ALL,15411418,0.013%
2012,SRB,JOR,ALL,12269814,0.010%
2012,SRB,JPN,ALL,4147552,0.0034%
2012,SRB,KAZ,ALL,11310556,0.0094%
2012,SRB,KGZ,ALL,21860,0.000018%
2012,SRB,KHM,ALL,872032,0.00072%
2012,SRB,KOR,ALL,2180734,0.0018%
2012,SRB,KWT,ALL,875175,0.00072%
2012,SRB,LBN,ALL,11495874,0.0095%
2012,SRB,LKA,ALL,99783,0.000083%
2012,SRB,MMR,ALL,3624083,0.0030%
2012,SRB,MNG,ALL,296241,0.00025%
2012,SRB,MYS,ALL,2424462,0.0020%
2012,SRB,NPL,ALL,1245,0.0000010%
2012,SRB,OMN,ALL,155029,0.00013%
2012,SRB,PAK,ALL,407426,0.00034%
2012,SRB,PHL,ALL,5340044,0.0044%
2012,SRB,PSE,ALL,12943,0.000011%
2012,SRB,QAT,ALL,378959,0.00031%
2012,SRB,SAU,ALL,4832035,0.0040%
2012,SRB,SGP,ALL,8436469,0.0070%
2012,SRB,SYR,ALL,2110546,0.0017%
2012,SRB,THA,ALL,5750485,0.0048%
2012,SRB,TJK,ALL,1357228,0.0011%
2012,SRB,TKM,ALL,487414,0.00040%
2012,SRB,TUR,ALL,141295517,0.12%
2012,SRB,UZB,ALL,1223509,0.0010%
2012,SRB,VNM,ALL,6735021,0.0056%
2012,SRB,XXB,ALL,547943,0.00045%
2012,SRB,YEM,ALL,61637,0.000051%
2012,SRB,ALB,ALL,82935696,0.069%
2012,SRB,AND,ALL,40177,0.000033%
2012,SRB,AUT,ALL,279125758,0.23%
2012,SRB,BEL,ALL,124100344,0.10%
2012,SRB,BGR,ALL,278062882,0.23%
2012,SRB,BIH,ALL,1054600776,0.87%
2012,SRB,BLR,ALL,69504779,0.057%
2012,SRB,CHE,ALL,87421776,0.072%
2012,SRB,CZE,ALL,169260352,0.14%
2012,SRB,DEU,ALL,1286607151,1.1%
2012,SRB,DNK,ALL,20428184,0.017%
2012,SRB,ESP,ALL,85345120,0.071%
2012,SRB,EST,ALL,2750620,0.0023%
2012,SRB,FIN,ALL,15078359,0.012%
2012,SRB,FRA,ALL,283232557,0.23%
2012,SRB,GBR,ALL,127728250,0.11%
2012,SRB,GIB,ALL,19307,0.000016%
2012,SRB,GRC,ALL,160171378,0.13%
2012,SRB,HRV,ALL,381463630,0.32%
2012,SRB,HUN,ALL,307477363,0.25%
2012,SRB,IRL,ALL,6207108,0.0051%
2012,SRB,ISL,ALL,373174,0.00031%
2012,SRB,ITA,ALL,1196585089,0.99%
2012,SRB,LTU,ALL,25784726,0.021%
2012,SRB,LUX,ALL,2240283,0.0019%
2012,SRB,LVA,ALL,4331425,0.0036%
2012,SRB,MDA,ALL,12891561,0.011%
2012,SRB,MKD,ALL,471428179,0.39%
2012,SRB,MLT,ALL,1556645,0.0013%
2012,SRB,MNE,ALL,776561112,0.64%
2012,SRB,NLD,ALL,143253746,0.12%
2012,SRB,NOR,ALL,12162375,0.010%
2012,SRB,POL,ALL,160108490,0.13%
2012,SRB,PRT,ALL,4882027,0.0040%
2012,SRB,ROU,ALL,830595976,0.69%
2012,SRB,RUS,ALL,862131746,0.71%
2012,SRB,SMR,ALL,19497,0.000016%
2012,SRB,SVK,ALL,253529590,0.21%
2012,SRB,SVN,ALL,417544352,0.35%
2012,SRB,SWE,ALL,52613652,0.044%
2012,SRB,UKR,ALL,124126088,0.10%
2012,SRB,VAT,ALL,4243,0.0000035%
2012,SRB,BLZ,ALL,834253,0.00069%
2012,SRB,CAN,ALL,7018523,0.0058%
2012,SRB,CRI,ALL,502408,0.00042%
2012,SRB,CUB,ALL,176171,0.00015%
2012,SRB,CUW,ALL,123712,0.00010%
2012,SRB,DMA,ALL,3071,0.0000025%
2012,SRB,DOM,ALL,96460,0.000080%
2012,SRB,GRL,ALL,95416,0.000079%
2012,SRB,GTM,ALL,319287,0.00026%
2012,SRB,MEX,ALL,2068456,0.0017%
2012,SRB,PAN,ALL,195353,0.00016%
2012,SRB,USA,ALL,97845646,0.081%
2012,SRB,VGB,ALL,598351,0.00049%
2012,SRB,AUS,ALL,7971026,0.0066%
2012,SRB,KIR,ALL,2098,0.0000017%
2012,SRB,MHL,ALL,329392,0.00027%
2012,SRB,NZL,ALL,329633,0.00027%
2012,SRB,PYF,ALL,154,1.3e-7%
2012,SRB,ARG,ALL,490382,0.00041%
2012,SRB,BOL,ALL,4860,0.0000040%
2012,SRB,BRA,ALL,11247579,0.0093%
2012,SRB,CHL,ALL,4263284,0.0035%
2012,SRB,COL,ALL,767223,0.00063%
2012,SRB,ECU,ALL,24286,0.000020%
2012,SRB,PER,ALL,1903844,0.0016%
2012,SRB,PRY,ALL,110409,0.000091%
2012,SRB,SUR,ALL,141667,0.00012%
2012,SRB,URY,ALL,1073737,0.00089%
2012,SRB,VEN,ALL,169959,0.00014%
2012,SRB,XXA,ALL,284644760,0.24%
2013,SRB,AGO,ALL,7276511,0.0060%
2013,SRB,BDI,ALL,91700,0.000076%
2013,SRB,BEN,ALL,160182,0.00013%
2013,SRB,BFA,ALL,267816,0.00022%
2013,SRB,BWA,ALL,33305,0.000028%
2013,SRB,CIV,ALL,76090,0.000063%
2013,SRB,CMR,ALL,5556911,0.0046%
2013,SRB,COD,ALL,846870,0.00070%
2013,SRB,COG,ALL,954274,0.00079%
2013,SRB,DZA,ALL,13754734,0.011%
2013,SRB,EGY,ALL,16159028,0.013%
2013,SRB,ETH,ALL,3007615,0.0025%
2013,SRB,GAB,ALL,1098918,0.00091%
2013,SRB,GHA,ALL,436712,0.00036%
2013,SRB,GIN,ALL,50025,0.000041%
2013,SRB,GMB,ALL,1713,0.0000014%
2013,SRB,GNQ,ALL,7874824,0.0065%
2013,SRB,KEN,ALL,11012311,0.0091%
2013,SRB,LBR,ALL,1072604,0.00089%
2013,SRB,LBY,ALL,31194496,0.026%
2013,SRB,MAR,ALL,1530060,0.0013%
2013,SRB,MDG,ALL,647,5.4e-7%
2013,SRB,MLI,ALL,260832,0.00022%
2013,SRB,MOZ,ALL,18733,0.000015%
2013,SRB,MRT,ALL,855,7.1e-7%
2013,SRB,MUS,ALL,838215,0.00069%
2013,SRB,MWI,ALL,3526,0.0000029%
2013,SRB,NAM,ALL,320742,0.00027%
2013,SRB,NER,ALL,20826,0.000017%
2013,SRB,NGA,ALL,3071945,0.0025%
2013,SRB,RWA,ALL,159828,0.00013%
2013,SRB,SDN,ALL,186138,0.00015%
2013,SRB,SEN,ALL,593707,0.00049%
2013,SRB,SLE,ALL,28701,0.000024%
2013,SRB,SSD,ALL,7088,0.0000059%
2013,SRB,SYC,ALL,1712364,0.0014%
2013,SRB,TUN,ALL,3240165,0.0027%
2013,SRB,TZA,ALL,1727041,0.0014%
2013,SRB,UGA,ALL,103373,0.000085%
2013,SRB,ZAF,ALL,2182232,0.0018%
2013,SRB,ZMB,ALL,2479,0.0000021%
2013,SRB,ZWE,ALL,53573,0.000044%
2013,SRB,AFG,ALL,4949630,0.0041%
2013,SRB,ARE,ALL,9228721,0.0076%
2013,SRB,ARM,ALL,1796834,0.0015%
2013,SRB,AZE,ALL,55830257,0.046%
2013,SRB,BGD,ALL,30815339,0.025%
2013,SRB,BHR,ALL,2697433,0.0022%
2013,SRB,BRN,ALL,2370,0.0000020%
2013,SRB,CHN,ALL,9112094,0.0075%
2013,SRB,CYP,ALL,65367858,0.054%
2013,SRB,GEO,ALL,7093426,0.0059%
2013,SRB,HKG,ALL,44665754,0.037%
2013,SRB,IDN,ALL,4806163,0.0040%
2013,SRB,IND,ALL,7472946,0.0062%
2013,SRB,IRN,ALL,13665351,0.011%
2013,SRB,IRQ,ALL,17454292,0.014%
2013,SRB,ISR,ALL,16449945,0.014%
2013,SRB,JOR,ALL,8632417,0.0071%
2013,SRB,JPN,ALL,6304266,0.0052%
2013,SRB,KAZ,ALL,11417672,0.0094%
2013,SRB,KGZ,ALL,595482,0.00049%
2013,SRB,KOR,ALL,510026,0.00042%
2013,SRB,KWT,ALL,685875,0.00057%
2013,SRB,LAO,ALL,2939,0.0000024%
2013,SRB,LBN,ALL,6446605,0.0053%
2013,SRB,LKA,ALL,165478,0.00014%
2013,SRB,MAC,ALL,1340,0.0000011%
2013,SRB,MDV,ALL,14596,0.000012%
2013,SRB,MMR,ALL,10795438,0.0089%
2013,SRB,MNG,ALL,779103,0.00064%
2013,SRB,MYS,ALL,1294199,0.0011%
2013,SRB,NPL,ALL,6532,0.0000054%
2013,SRB,OMN,ALL,1191542,0.00099%
2013,SRB,PAK,ALL,353115,0.00029%
2013,SRB,PHL,ALL,4155898,0.0034%
2013,SRB,PSE,ALL,126401,0.00010%
2013,SRB,QAT,ALL,686828,0.00057%
2013,SRB,SAU,ALL,4259648,0.0035%
2013,SRB,SGP,ALL,31591757,0.026%
2013,SRB,THA,ALL,4659452,0.0039%
2013,SRB,TJK,ALL,519266,0.00043%
2013,SRB,TKM,ALL,286538,0.00024%
2013,SRB,TUR,ALL,214381003,0.18%
2013,SRB,UZB,ALL,1935452,0.0016%
2013,SRB,VNM,ALL,658119,0.00054%
2013,SRB,XXB,ALL,471420,0.00039%
2013,SRB,YEM,ALL,319473,0.00026%
2013,SRB,ALB,ALL,115967081,0.096%
2013,SRB,AND,ALL,3210,0.0000027%
2013,SRB,AUT,ALL,367958557,0.30%
2013,SRB,BEL,ALL,167366511,0.14%
2013,SRB,BGR,ALL,307539002,0.25%
2013,SRB,BIH,ALL,1150922510,0.95%
2013,SRB,BLR,ALL,81737068,0.068%
2013,SRB,CHE,ALL,100561326,0.083%
2013,SRB,CZE,ALL,318629465,0.26%
2013,SRB,DEU,ALL,1711985075,1.4%
2013,SRB,DNK,ALL,31063440,0.026%
2013,SRB,ESP,ALL,100175267,0.083%
2013,SRB,EST,ALL,3267165,0.0027%
2013,SRB,FIN,ALL,13697624,0.011%
2013,SRB,FRA,ALL,350747342,0.29%
2013,SRB,GBR,ALL,158132807,0.13%
2013,SRB,GIB,ALL,5643,0.0000047%
2013,SRB,GRC,ALL,213234007,0.18%
2013,SRB,HRV,ALL,411016525,0.34%
2013,SRB,HUN,ALL,389020076,0.32%
2013,SRB,IRL,ALL,8304924,0.0069%
2013,SRB,ISL,ALL,328349,0.00027%
2013,SRB,ITA,ALL,2375361354,2.0%
2013,SRB,LTU,ALL,22535414,0.019%
2013,SRB,LUX,ALL,2924179,0.0024%
2013,SRB,LVA,ALL,3249403,0.0027%
2013,SRB,MDA,ALL,14399715,0.012%
2013,SRB,MKD,ALL,554977070,0.46%
2013,SRB,MLT,ALL,911830,0.00075%
2013,SRB,MNE,ALL,837369425,0.69%
2013,SRB,NLD,ALL,151115619,0.12%
2013,SRB,NOR,ALL,28158837,0.023%
2013,SRB,POL,ALL,270584284,0.22%
2013,SRB,PRT,ALL,2664033,0.0022%
2013,SRB,ROU,ALL,711772812,0.59%
2013,SRB,RUS,ALL,1058165307,0.88%
2013,SRB,SMR,ALL,101267,0.000084%
2013,SRB,SVK,ALL,269052213,0.22%
2013,SRB,SVN,ALL,474216090,0.39%
2013,SRB,SWE,ALL,58736309,0.049%
2013,SRB,UKR,ALL,128557240,0.11%
2013,SRB,BLZ,ALL,1474592,0.0012%
2013,SRB,CAN,ALL,10345185,0.0086%
2013,SRB,CRI,ALL,1236716,0.0010%
2013,SRB,CUB,ALL,162,1.3e-7%
2013,SRB,CYM,ALL,17294,0.000014%
2013,SRB,DOM,ALL,220953,0.00018%
2013,SRB,GRL,ALL,70699,0.000058%
2013,SRB,GTM,ALL,310199,0.00026%
2013,SRB,HND,ALL,36256,0.000030%
2013,SRB,HTI,ALL,86815,0.000072%
2013,SRB,MAF,ALL,5470,0.0000045%
2013,SRB,MEX,ALL,3367587,0.0028%
2013,SRB,NIC,ALL,1402,0.0000012%
2013,SRB,PAN,ALL,647889,0.00054%
2013,SRB,SLV,ALL,93701,0.000077%
2013,SRB,TTO,ALL,466258,0.00039%
2013,SRB,USA,ALL,489480218,0.40%
2013,SRB,VGB,ALL,113929,0.000094%
2013,SRB,AUS,ALL,9547089,0.0079%
2013,SRB,MHL,ALL,43558,0.000036%
2013,SRB,NCL,ALL,11560,0.0000096%
2013,SRB,NZL,ALL,397282,0.00033%
2013,SRB,TKL,ALL,3,2.5e-9%
2013,SRB,ARG,ALL,2438065,0.0020%
2013,SRB,BOL,ALL,198,1.6e-7%
2013,SRB,BRA,ALL,25829661,0.021%
2013,SRB,CHL,ALL,6123399,0.0051%
2013,SRB,COL,ALL,1209086,0.0010%
2013,SRB,ECU,ALL,1220,0.0000010%
2013,SRB,GUY,ALL,458370,0.00038%
2013,SRB,PER,ALL,756155,0.00063%
2013,SRB,PRY,ALL,138352,0.00011%
2013,SRB,SUR,ALL,98380,0.000081%
2013,SRB,URY,ALL,1247838,0.0010%
2013,SRB,VEN,ALL,277952,0.00023%
2013,SRB,XXA,ALL,366064557,0.30%
2014,SRB,AGO,ALL,16136229,0.013%
2014,SRB,BDI,ALL,429869,0.00036%
2014,SRB,BEN,ALL,25640,0.000021%
2014,SRB,BFA,ALL,22035,0.000018%
2014,SRB,BWA,ALL,180283,0.00015%
2014,SRB,CAF,ALL,10012,0.0000083%
2014,SRB,CIV,ALL,99706,0.000082%
2014,SRB,CMR,ALL,20428701,0.017%
2014,SRB,COD,ALL,1448672,0.0012%
2014,SRB,COG,ALL,3120069,0.0026%
2014,SRB,DZA,ALL,26619661,0.022%
2014,SRB,EGY,ALL,35422322,0.029%
2014,SRB,ERI,ALL,51795,0.000043%
2014,SRB,ETH,ALL,874476,0.00072%
2014,SRB,GAB,ALL,600249,0.00050%
2014,SRB,GHA,ALL,175179,0.00014%
2014,SRB,GIN,ALL,23815,0.000020%
2014,SRB,GMB,ALL,130681,0.00011%
2014,SRB,GNQ,ALL,3935776,0.0033%
2014,SRB,KEN,ALL,22584124,0.019%
2014,SRB,LBY,ALL,31621692,0.026%
2014,SRB,MAR,ALL,1457744,0.0012%
2014,SRB,MDG,ALL,17674,0.000015%
2014,SRB,MLI,ALL,117761,0.000097%
2014,SRB,MOZ,ALL,168038,0.00014%
2014,SRB,MRT,ALL,37497,0.000031%
2014,SRB,MUS,ALL,28221,0.000023%
2014,SRB,MWI,ALL,22625,0.000019%
2014,SRB,NAM,ALL,24767,0.000020%
2014,SRB,NER,ALL,747634,0.00062%
2014,SRB,NGA,ALL,8664233,0.0072%
2014,SRB,RWA,ALL,162049,0.00013%
2014,SRB,SDN,ALL,888494,0.00073%
2014,SRB,SEN,ALL,61003,0.000050%
2014,SRB,SLE,ALL,27950,0.000023%
2014,SRB,SOM,ALL,142935,0.00012%
2014,SRB,SSD,ALL,134,1.1e-7%
2014,SRB,SYC,ALL,2792264,0.0023%
2014,SRB,TGO,ALL,27247,0.000023%
2014,SRB,TUN,ALL,1340711,0.0011%
2014,SRB,TZA,ALL,2502296,0.0021%
2014,SRB,UGA,ALL,2675788,0.0022%
2014,SRB,ZAF,ALL,3863363,0.0032%
2014,SRB,ZMB,ALL,2018,0.0000017%
2014,SRB,ZWE,ALL,48320,0.000040%
2014,SRB,ATF,ALL,73475,0.000061%
2014,SRB,AFG,ALL,5103956,0.0042%
2014,SRB,ARE,ALL,13640635,0.011%
2014,SRB,ARM,ALL,1701392,0.0014%
2014,SRB,AZE,ALL,15700173,0.013%
2014,SRB,BGD,ALL,5864412,0.0049%
2014,SRB,BHR,ALL,1307660,0.0011%
2014,SRB,CHN,ALL,14179775,0.012%
2014,SRB,CYP,ALL,59901909,0.050%
2014,SRB,GEO,ALL,12740278,0.011%
2014,SRB,HKG,ALL,68711718,0.057%
2014,SRB,IDN,ALL,4338647,0.0036%
2014,SRB,IND,ALL,8475407,0.0070%
2014,SRB,IRN,ALL,13955092,0.012%
2014,SRB,IRQ,ALL,8019175,0.0066%
2014,SRB,ISR,ALL,17497562,0.014%
2014,SRB,JOR,ALL,1964912,0.0016%
2014,SRB,JPN,ALL,6745949,0.0056%
2014,SRB,KAZ,ALL,16244212,0.013%
2014,SRB,KGZ,ALL,1383926,0.0011%
2014,SRB,KOR,ALL,2411361,0.0020%
2014,SRB,KWT,ALL,2918791,0.0024%
2014,SRB,LBN,ALL,7770061,0.0064%
2014,SRB,LKA,ALL,337127,0.00028%
2014,SRB,MMR,ALL,517883,0.00043%
2014,SRB,MNG,ALL,604535,0.00050%
2014,SRB,MYS,ALL,2874992,0.0024%
2014,SRB,OMN,ALL,30888,0.000026%
2014,SRB,PAK,ALL,697495,0.00058%
2014,SRB,PHL,ALL,948210,0.00078%
2014,SRB,PSE,ALL,412987,0.00034%
2014,SRB,QAT,ALL,913431,0.00076%
2014,SRB,SAU,ALL,5245204,0.0043%
2014,SRB,SGP,ALL,24990482,0.021%
2014,SRB,SYR,ALL,4510643,0.0037%
2014,SRB,THA,ALL,3865951,0.0032%
2014,SRB,TJK,ALL,772163,0.00064%
2014,SRB,TKM,ALL,1623575,0.0013%
2014,SRB,TUR,ALL,226126664,0.19%
2014,SRB,UZB,ALL,7220300,0.0060%
2014,SRB,VNM,ALL,8238216,0.0068%
2014,SRB,XXB,ALL,561177,0.00046%
2014,SRB,YEM,ALL,957124,0.00079%
2014,SRB,ALB,ALL,125538179,0.10%
2014,SRB,AND,ALL,13394,0.000011%
2014,SRB,AUT,ALL,348557654,0.29%
2014,SRB,BEL,ALL,211918336,0.18%
2014,SRB,BGR,ALL,334700694,0.28%
2014,SRB,BIH,ALL,1245649339,1.0%
2014,SRB,BLR,ALL,72689905,0.060%
2014,SRB,CHE,ALL,95388965,0.079%
2014,SRB,CZE,ALL,335120140,0.28%
2014,SRB,DEU,ALL,1754640084,1.5%
2014,SRB,DNK,ALL,47772619,0.040%
2014,SRB,ESP,ALL,123364975,0.10%
2014,SRB,EST,ALL,5479071,0.0045%
2014,SRB,FIN,ALL,14980594,0.012%
2014,SRB,FRA,ALL,417443596,0.35%
2014,SRB,GBR,ALL,141509982,0.12%
2014,SRB,GIB,ALL,1771,0.0000015%
2014,SRB,GRC,ALL,163914831,0.14%
2014,SRB,HRV,ALL,405536223,0.34%
2014,SRB,HUN,ALL,365754635,0.30%
2014,SRB,IRL,ALL,6435210,0.0053%
2014,SRB,ISL,ALL,582601,0.00048%
2014,SRB,ITA,ALL,2572186590,2.1%
2014,SRB,LTU,ALL,30887491,0.026%
2014,SRB,LUX,ALL,10821159,0.0089%
2014,SRB,LVA,ALL,6363431,0.0053%
2014,SRB,MDA,ALL,16875209,0.014%
2014,SRB,MKD,ALL,563751139,0.47%
2014,SRB,MLT,ALL,1089589,0.00090%
2014,SRB,MNE,ALL,744047796,0.62%
2014,SRB,NLD,ALL,147504155,0.12%
2014,SRB,NOR,ALL,20584373,0.017%
2014,SRB,POL,ALL,294652763,0.24%
2014,SRB,PRT,ALL,5175363,0.0043%
2014,SRB,ROU,ALL,793416330,0.66%
2014,SRB,RUS,ALL,1024478750,0.85%
2014,SRB,SVK,ALL,209129704,0.17%
2014,SRB,SVN,ALL,467340401,0.39%
2014,SRB,SWE,ALL,65455593,0.054%
2014,SRB,UKR,ALL,96705329,0.080%
2014,SRB,BHS,ALL,4662,0.0000039%
2014,SRB,BLZ,ALL,1526312,0.0013%
2014,SRB,CAN,ALL,18197485,0.015%
2014,SRB,CRI,ALL,1585680,0.0013%
2014,SRB,CYM,ALL,12474,0.000010%
2014,SRB,DOM,ALL,149032,0.00012%
2014,SRB,GTM,ALL,723268,0.00060%
2014,SRB,HTI,ALL,7521,0.0000062%
2014,SRB,JAM,ALL,340,2.8e-7%
2014,SRB,MEX,ALL,4235192,0.0035%
2014,SRB,PAN,ALL,171713,0.00014%
2014,SRB,SLV,ALL,43194,0.000036%
2014,SRB,TTO,ALL,102840,0.000085%
2014,SRB,USA,ALL,311747940,0.26%
2014,SRB,VGB,ALL,9049,0.0000075%
2014,SRB,AUS,ALL,10329310,0.0085%
2014,SRB,NCL,ALL,51223,0.000042%
2014,SRB,NZL,ALL,1032854,0.00085%
2014,SRB,ARG,ALL,3664743,0.0030%
2014,SRB,BOL,ALL,84039,0.000070%
2014,SRB,BRA,ALL,9950770,0.0082%
2014,SRB,CHL,ALL,4151412,0.0034%
2014,SRB,COL,ALL,1225124,0.0010%
2014,SRB,ECU,ALL,22219,0.000018%
2014,SRB,PER,ALL,1552396,0.0013%
2014,SRB,PRY,ALL,198507,0.00016%
2014,SRB,SUR,ALL,163249,0.00014%
2014,SRB,URY,ALL,243218,0.00020%
2014,SRB,VEN,ALL,40867,0.000034%
2014,SRB,XXA,ALL,412802570,0.34%
2015,SRB,AGO,ALL,3301646,0.0027%
2015,SRB,BEN,ALL,366653,0.00030%
2015,SRB,BFA,ALL,308145,0.00025%
2015,SRB,BWA,ALL,1344832,0.0011%
2015,SRB,CAF,ALL,5967,0.0000049%
2015,SRB,CIV,ALL,234694,0.00019%
2015,SRB,CMR,ALL,21279193,0.018%
2015,SRB,COD,ALL,269947,0.00022%
2015,SRB,COG,ALL,2092027,0.0017%
2015,SRB,DZA,ALL,16943927,0.014%
2015,SRB,EGY,ALL,42001411,0.035%
2015,SRB,ETH,ALL,394989,0.00033%
2015,SRB,GAB,ALL,1332859,0.0011%
2015,SRB,GHA,ALL,4507634,0.0037%
2015,SRB,GIN,ALL,65788,0.000054%
2015,SRB,GNQ,ALL,3239505,0.0027%
2015,SRB,KEN,ALL,20478883,0.017%
2015,SRB,LBR,ALL,79771,0.000066%
2015,SRB,LBY,ALL,28802572,0.024%
2015,SRB,MAR,ALL,3182288,0.0026%
2015,SRB,MDG,ALL,69290,0.000057%
2015,SRB,MOZ,ALL,246637,0.00020%
2015,SRB,MRT,ALL,29863,0.000025%
2015,SRB,MUS,ALL,79214,0.000066%
2015,SRB,NAM,ALL,633147,0.00052%
2015,SRB,NER,ALL,95019,0.000079%
2015,SRB,NGA,ALL,11135450,0.0092%
2015,SRB,RWA,ALL,203501,0.00017%
2015,SRB,SDN,ALL,1527381,0.0013%
2015,SRB,SEN,ALL,89016,0.000074%
2015,SRB,SHN,ALL,38123,0.000032%
2015,SRB,SLE,ALL,7266,0.0000060%
2015,SRB,SOM,ALL,184055,0.00015%
2015,SRB,SSD,ALL,101,8.4e-8%
2015,SRB,SYC,ALL,646,5.3e-7%
2015,SRB,TGO,ALL,133364,0.00011%
2015,SRB,TUN,ALL,9976121,0.0083%
2015,SRB,TZA,ALL,1031332,0.00085%
2015,SRB,UGA,ALL,6049215,0.0050%
2015,SRB,ZAF,ALL,2940534,0.0024%
2015,SRB,ZMB,ALL,23420,0.000019%
2015,SRB,ZWE,ALL,15647,0.000013%
2015,SRB,AFG,ALL,12207201,0.010%
2015,SRB,ARE,ALL,34729112,0.029%
2015,SRB,ARM,ALL,1643863,0.0014%
2015,SRB,AZE,ALL,7370469,0.0061%
2015,SRB,BGD,ALL,22252986,0.018%
2015,SRB,BHR,ALL,1802642,0.0015%
2015,SRB,CHN,ALL,19777001,0.016%
2015,SRB,CYP,ALL,23248603,0.019%
2015,SRB,GEO,ALL,2432217,0.0020%
2015,SRB,HKG,ALL,62058949,0.051%
2015,SRB,IDN,ALL,6020268,0.0050%
2015,SRB,IND,ALL,5307310,0.0044%
2015,SRB,IRN,ALL,8785432,0.0073%
2015,SRB,IRQ,ALL,21957961,0.018%
2015,SRB,ISR,ALL,19045547,0.016%
2015,SRB,JOR,ALL,12168948,0.010%
2015,SRB,JPN,ALL,42336908,0.035%
2015,SRB,KAZ,ALL,24294415,0.020%
2015,SRB,KGZ,ALL,8022820,0.0066%
2015,SRB,KHM,ALL,14336,0.000012%
2015,SRB,KOR,ALL,3211508,0.0027%
2015,SRB,KWT,ALL,11585691,0.0096%
2015,SRB,LBN,ALL,7510569,0.0062%
2015,SRB,LKA,ALL,6486,0.0000054%
2015,SRB,MAC,ALL,256282,0.00021%
2015,SRB,MDV,ALL,20538,0.000017%
2015,SRB,MMR,ALL,4877967,0.0040%
2015,SRB,MNG,ALL,282414,0.00023%
2015,SRB,MYS,ALL,4698680,0.0039%
2015,SRB,NPL,ALL,33465,0.000028%
2015,SRB,OMN,ALL,232854,0.00019%
2015,SRB,PAK,ALL,681255,0.00056%
2015,SRB,PHL,ALL,2849490,0.0024%
2015,SRB,PRK,ALL,7498,0.0000062%
2015,SRB,PSE,ALL,31846,0.000026%
2015,SRB,QAT,ALL,1953518,0.0016%
2015,SRB,SAU,ALL,31068386,0.026%
2015,SRB,SGP,ALL,11839053,0.0098%
2015,SRB,SYR,ALL,767811,0.00064%
2015,SRB,THA,ALL,4043019,0.0033%
2015,SRB,TJK,ALL,215452,0.00018%
2015,SRB,TKM,ALL,146455,0.00012%
2015,SRB,TUR,ALL,245189869,0.20%
2015,SRB,UZB,ALL,393281,0.00033%
2015,SRB,VNM,ALL,2592272,0.0021%
2015,SRB,YEM,ALL,693857,0.00057%
2015,SRB,ALB,ALL,100669404,0.083%
2015,SRB,AUT,ALL,347748625,0.29%
2015,SRB,BEL,ALL,164761845,0.14%
2015,SRB,BGR,ALL,350421460,0.29%
2015,SRB,BIH,ALL,1112554639,0.92%
2015,SRB,BLR,ALL,37663356,0.031%
2015,SRB,CHE,ALL,87685880,0.073%
2015,SRB,CZE,ALL,302118692,0.25%
2015,SRB,DEU,ALL,1658996835,1.4%
2015,SRB,DNK,ALL,57716295,0.048%
2015,SRB,ESP,ALL,137845014,0.11%
2015,SRB,EST,ALL,4445376,0.0037%
2015,SRB,FIN,ALL,13991106,0.012%
2015,SRB,FRA,ALL,409160289,0.34%
2015,SRB,FRO,ALL,379462,0.00031%
2015,SRB,GBR,ALL,186789276,0.15%
2015,SRB,GRC,ALL,147884843,0.12%
2015,SRB,HRV,ALL,412645939,0.34%
2015,SRB,HUN,ALL,344781360,0.29%
2015,SRB,IRL,ALL,5280801,0.0044%
2015,SRB,ISL,ALL,266464,0.00022%
2015,SRB,ITA,ALL,2155853544,1.8%
2015,SRB,LTU,ALL,15807164,0.013%
2015,SRB,LUX,ALL,10940759,0.0090%
2015,SRB,LVA,ALL,4123205,0.0034%
2015,SRB,MDA,ALL,11106738,0.0092%
2015,SRB,MKD,ALL,502303347,0.42%
2015,SRB,MLT,ALL,6454869,0.0053%
2015,SRB,MNE,ALL,667771310,0.55%
2015,SRB,NLD,ALL,146580993,0.12%
2015,SRB,NOR,ALL,24713900,0.020%
2015,SRB,POL,ALL,280589340,0.23%
2015,SRB,PRT,ALL,3203616,0.0026%
2015,SRB,ROU,ALL,735287240,0.61%
2015,SRB,RUS,ALL,722049449,0.60%
2015,SRB,SVK,ALL,220552053,0.18%
2015,SRB,SVN,ALL,413239752,0.34%
2015,SRB,SWE,ALL,68646307,0.057%
2015,SRB,UKR,ALL,60939724,0.050%
2015,SRB,ATG,ALL,31864,0.000026%
2015,SRB,BLZ,ALL,1697798,0.0014%
2015,SRB,CAN,ALL,18610098,0.015%
2015,SRB,CRI,ALL,1858206,0.0015%
2015,SRB,CUB,ALL,4761,0.0000039%
2015,SRB,DMA,ALL,19248,0.000016%
2015,SRB,DOM,ALL,244723,0.00020%
2015,SRB,GRL,ALL,565,4.7e-7%
2015,SRB,GTM,ALL,683612,0.00057%
2015,SRB,HTI,ALL,31361,0.000026%
2015,SRB,MEX,ALL,8290515,0.0069%
2015,SRB,PAN,ALL,299322,0.00025%
2015,SRB,SLV,ALL,15511,0.000013%
2015,SRB,TTO,ALL,162342,0.00013%
2015,SRB,USA,ALL,249910377,0.21%
2015,SRB,VGB,ALL,192539,0.00016%
2015,SRB,AUS,ALL,8800782,0.0073%
2015,SRB,NZL,ALL,1297512,0.0011%
2015,SRB,PNG,ALL,67410,0.000056%
2015,SRB,PYF,ALL,33268,0.000028%
2015,SRB,ARG,ALL,2466407,0.0020%
2015,SRB,BOL,ALL,244768,0.00020%
2015,SRB,BRA,ALL,7250197,0.0060%
2015,SRB,CHL,ALL,3874165,0.0032%
2015,SRB,COL,ALL,2032151,0.0017%
2015,SRB,ECU,ALL,76510,0.000063%
2015,SRB,PER,ALL,597685,0.00049%
2015,SRB,PRY,ALL,29628,0.000025%
2015,SRB,SUR,ALL,53591,0.000044%
2015,SRB,URY,ALL,267489,0.00022%
2015,SRB,VEN,ALL,5478,0.0000045%
2016,SRB,AGO,ALL,3000738,0.0025%
2016,SRB,BEN,ALL,394363,0.00033%
2016,SRB,BFA,ALL,176533,0.00015%
2016,SRB,BWA,ALL,299149,0.00025%
2016,SRB,CAF,ALL,31924,0.000026%
2016,SRB,CIV,ALL,195338,0.00016%
2016,SRB,CMR,ALL,15240457,0.013%
2016,SRB,COD,ALL,146713,0.00012%
2016,SRB,COG,ALL,195447,0.00016%
2016,SRB,COM,ALL,3348,0.0000028%
2016,SRB,DZA,ALL,44286946,0.037%
2016,SRB,EGY,ALL,57021746,0.047%
2016,SRB,ETH,ALL,538078,0.00045%
2016,SRB,GAB,ALL,1842212,0.0015%
2016,SRB,GHA,ALL,3032636,0.0025%
2016,SRB,GIN,ALL,12297,0.000010%
2016,SRB,GMB,ALL,62983,0.000052%
2016,SRB,GNQ,ALL,5386270,0.0045%
2016,SRB,KEN,ALL,11215688,0.0093%
2016,SRB,LBR,ALL,130535,0.00011%
2016,SRB,LBY,ALL,7359601,0.0061%
2016,SRB,MAR,ALL,10234284,0.0085%
2016,SRB,MDG,ALL,200299,0.00017%
2016,SRB,MLI,ALL,61871,0.000051%
2016,SRB,MOZ,ALL,316660,0.00026%
2016,SRB,MRT,ALL,15111141,0.012%
2016,SRB,MUS,ALL,227011,0.00019%
2016,SRB,MWI,ALL,79434,0.000066%
2016,SRB,NAM,ALL,496710,0.00041%
2016,SRB,NER,ALL,55510,0.000046%
2016,SRB,NGA,ALL,7437431,0.0062%
2016,SRB,RWA,ALL,112527,0.000093%
2016,SRB,SDN,ALL,271825,0.00022%
2016,SRB,SEN,ALL,54761,0.000045%
2016,SRB,SLE,ALL,150822,0.00012%
2016,SRB,SOM,ALL,253555,0.00021%
2016,SRB,STP,ALL,18132,0.000015%
2016,SRB,SWZ,ALL,623403,0.00052%
2016,SRB,SYC,ALL,285075,0.00024%
2016,SRB,TGO,ALL,109674,0.000091%
2016,SRB,TUN,ALL,20423260,0.017%
2016,SRB,TZA,ALL,195069,0.00016%
2016,SRB,UGA,ALL,271241,0.00022%
2016,SRB,ZAF,ALL,2567254,0.0021%
2016,SRB,ZMB,ALL,50793,0.000042%
2016,SRB,ZWE,ALL,55530,0.000046%
2016,SRB,ATF,ALL,35994,0.000030%
2016,SRB,AFG,ALL,17257655,0.014%
2016,SRB,ARE,ALL,83371159,0.069%
2016,SRB,ARM,ALL,1539698,0.0013%
2016,SRB,AZE,ALL,10024602,0.0083%
2016,SRB,BGD,ALL,23504570,0.019%
2016,SRB,BHR,ALL,1318803,0.0011%
2016,SRB,CHN,ALL,25025780,0.021%
2016,SRB,CYP,ALL,17836954,0.015%
2016,SRB,GEO,ALL,5106726,0.0042%
2016,SRB,HKG,ALL,57740705,0.048%
2016,SRB,IDN,ALL,9597735,0.0079%
2016,SRB,IND,ALL,8990827,0.0074%
2016,SRB,IRN,ALL,11606466,0.0096%
2016,SRB,IRQ,ALL,13822648,0.011%
2016,SRB,ISR,ALL,22679578,0.019%
2016,SRB,JOR,ALL,13190839,0.011%
2016,SRB,JPN,ALL,55563344,0.046%
2016,SRB,KAZ,ALL,24142826,0.020%
2016,SRB,KGZ,ALL,11465268,0.0095%
2016,SRB,KHM,ALL,16320,0.000013%
2016,SRB,KOR,ALL,5280516,0.0044%
2016,SRB,KWT,ALL,3412899,0.0028%
2016,SRB,LBN,ALL,8284107,0.0069%
2016,SRB,LKA,ALL,2662,0.0000022%
2016,SRB,MAC,ALL,11998,0.0000099%
2016,SRB,MDV,ALL,10791,0.0000089%
2016,SRB,MMR,ALL,1835555,0.0015%
2016,SRB,MNG,ALL,370648,0.00031%
2016,SRB,MYS,ALL,2225133,0.0018%
2016,SRB,NPL,ALL,93911,0.000078%
2016,SRB,OMN,ALL,1643064,0.0014%
2016,SRB,PAK,ALL,1203978,0.0010%
2016,SRB,PHL,ALL,487941,0.00040%
2016,SRB,PSE,ALL,750986,0.00062%
2016,SRB,QAT,ALL,2220752,0.0018%
2016,SRB,SAU,ALL,71956171,0.060%
2016,SRB,SGP,ALL,12135759,0.010%
2016,SRB,SYR,ALL,1019871,0.00084%
2016,SRB,THA,ALL,1492763,0.0012%
2016,SRB,TJK,ALL,5815499,0.0048%
2016,SRB,TKM,ALL,1193942,0.00099%
2016,SRB,TUR,ALL,266292482,0.22%
2016,SRB,UZB,ALL,1005805,0.00083%
2016,SRB,VNM,ALL,12029294,0.0099%
2016,SRB,YEM,ALL,491092,0.00041%
2016,SRB,ALB,ALL,98098945,0.081%
2016,SRB,AND,ALL,6555,0.0000054%
2016,SRB,AUT,ALL,370960989,0.31%
2016,SRB,BEL,ALL,181913528,0.15%
2016,SRB,BGR,ALL,395946790,0.33%
2016,SRB,BIH,ALL,1170376524,0.97%
2016,SRB,BLR,ALL,30952255,0.026%
2016,SRB,CHE,ALL,108790427,0.090%
2016,SRB,CZE,ALL,366292973,0.30%
2016,SRB,DEU,ALL,1927167573,1.6%
2016,SRB,DNK,ALL,52756995,0.044%
2016,SRB,ESP,ALL,161988190,0.13%
2016,SRB,EST,ALL,5142601,0.0043%
2016,SRB,FIN,ALL,19135219,0.016%
2016,SRB,FRA,ALL,413070962,0.34%
2016,SRB,FRO,ALL,371653,0.00031%
2016,SRB,GBR,ALL,256945814,0.21%
2016,SRB,GIB,ALL,61,5.0e-8%
2016,SRB,GRC,ALL,144608193,0.12%
2016,SRB,HRV,ALL,494518033,0.41%
2016,SRB,HUN,ALL,469926350,0.39%
2016,SRB,IRL,ALL,5770505,0.0048%
2016,SRB,ISL,ALL,1373133,0.0011%
2016,SRB,ITA,ALL,2159864616,1.8%
2016,SRB,LTU,ALL,18340461,0.015%
2016,SRB,LUX,ALL,15746333,0.013%
2016,SRB,LVA,ALL,3247148,0.0027%
2016,SRB,MDA,ALL,10130573,0.0084%
2016,SRB,MKD,ALL,575052054,0.48%
2016,SRB,MLT,ALL,3437770,0.0028%
2016,SRB,MNE,ALL,711510562,0.59%
2016,SRB,NLD,ALL,163016161,0.13%
2016,SRB,NOR,ALL,20394012,0.017%
2016,SRB,POL,ALL,334105807,0.28%
2016,SRB,PRT,ALL,5255443,0.0043%
2016,SRB,ROU,ALL,827785544,0.68%
2016,SRB,RUS,ALL,793434677,0.66%
2016,SRB,SMR,ALL,25,2.1e-8%
2016,SRB,SVK,ALL,301812890,0.25%
2016,SRB,SVN,ALL,473302427,0.39%
2016,SRB,SWE,ALL,85231608,0.070%
2016,SRB,UKR,ALL,74803954,0.062%
2016,SRB,VAT,ALL,5207,0.0000043%
2016,SRB,BHS,ALL,70948,0.000059%
2016,SRB,BLZ,ALL,3069856,0.0025%
2016,SRB,CAN,ALL,26971194,0.022%
2016,SRB,CRI,ALL,1507304,0.0012%
2016,SRB,CUB,ALL,96747,0.000080%
2016,SRB,CUW,ALL,6365,0.0000053%
2016,SRB,CYM,ALL,3257,0.0000027%
2016,SRB,DOM,ALL,684401,0.00057%
2016,SRB,GRL,ALL,45266,0.000037%
2016,SRB,GTM,ALL,908081,0.00075%
2016,SRB,HTI,ALL,24722,0.000020%
2016,SRB,JAM,ALL,42018,0.000035%
2016,SRB,KNA,ALL,148,1.2e-7%
2016,SRB,MEX,ALL,7645504,0.0063%
2016,SRB,NIC,ALL,1421,0.0000012%
2016,SRB,PAN,ALL,11925,0.0000099%
2016,SRB,TTO,ALL,9010,0.0000075%
2016,SRB,USA,ALL,244388225,0.20%
2016,SRB,VGB,ALL,9768,0.0000081%
2016,SRB,AUS,ALL,9714393,0.0080%
2016,SRB,FJI,ALL,91478,0.000076%
2016,SRB,NCL,ALL,5377,0.0000044%
2016,SRB,NZL,ALL,811191,0.00067%
2016,SRB,PNG,ALL,301,2.5e-7%
2016,SRB,PYF,ALL,429453,0.00036%
2016,SRB,ARG,ALL,2228581,0.0018%
2016,SRB,BOL,ALL,428860,0.00035%
2016,SRB,BRA,ALL,9002598,0.0074%
2016,SRB,CHL,ALL,4805768,0.0040%
2016,SRB,COL,ALL,1276160,0.0011%
2016,SRB,ECU,ALL,484966,0.00040%
2016,SRB,PER,ALL,944953,0.00078%
2016,SRB,PRY,ALL,80286,0.000066%
2016,SRB,SUR,ALL,71672,0.000059%
2016,SRB,URY,ALL,276473,0.00023%
2016,SRB,VEN,ALL,76142,0.000063%
