,,Market Value of U.S. Holdings of Foreign Securities at the End of the Year Shown,,,,,,,,,,,,,,,,,,,,,,,,,,,,,,,,,,,,,,,,,,,,,,,,,,,,,,,,,,,,,,,,,,,,,,,
 ,,Millions of dollars.,,,,,,,,,,,,,,,,,,,,,,,,,,,,,,,,,,,,,,,,,,,,,,,,,,,,,,,,,,,,,,,,,,,,,,,
 ,,,,,,,,,,,,,,,,,,,,,,,,,,,,,,,,,,,,,,,,,,,,,,,,,,,,,,,,,,,,,,,,,,,,,,,,,
,,2017,2017,2017,2017,2016,2016,2016,2016,2015,2015,2015,2015,2014,2014,2014,2014,2013,2013,2013,2013,2012,2012,2012,2012,2011,2011,2011,2011,2010,2010,2010,2010,2009,2009,2009,2009,2008,2008,2008,2008,2007,2007,2007,2007,2006,2006,2006,2006,2005,2005,2005,2005,2004,2004,2004,2004,2003,2003,2003,2003,2001,2001,2001,2001,1997,1997,1997,1997,1994,1994,1994,1994
Country code,Country,Total,Equity,LT Debt,ST Debt,Total,Equity,LT Debt,ST Debt,Total,Equity,LT Debt,ST Debt,Total,Equity,LT Debt,ST Debt,Total,Equity,LT Debt,ST Debt,Total,Equity,LT Debt,ST Debt,Total,Equity,LT Debt,ST Debt,Total,Equity,LT Debt,ST Debt,Total,Equity,LT Debt,ST Debt,Total,Equity,LT Debt,ST Debt,Total,Equity,LT Debt,ST Debt,Total,Equity,LT Debt,ST Debt,Total,Equity,LT Debt,ST Debt,Total,Equity,LT Debt,ST Debt,Total,Equity,LT Debt,ST Debt,Total,Equity,LT Debt,ST Debt,Total,Equity,LT Debt,ST Debt,Total,Equity,LT Debt,ST Debt
40401,Afghanistan,0,0,0,0,0,0,0,0,0,0,0,0,0,0,0,0,0,0,0,0,0,0,0,0,0,0,0,0,0,0,0,0,0,0,0,0,0,0,0,0,0,0,0,0,0,0,0,0,0,0,0,0,0,0,0,0,0,0,0,0,0,0,0,0,0,0,0,n.a.,0,0,0,n.a.
15105,Albania,303,0,303,0,218,0,218,0,234,0,234,0,239,137,102,*,230,129,102,0,91,0,91,0,82,0,82,0,15,*,15,0,6,*,6,0,13,*,13,*,13,*,13,0,12,0,12,0,6,0,6,0,5,0,5,0,4,0,4,0,10,0,10,0,32,0,32,n.a.,0,0,0,n.a.
50105,Algeria,0,0,0,0,0,0,0,0,0,0,0,0,0,0,0,0,0,0,0,0,0,0,0,0,0,0,0,0,0,0,0,0,0,0,0,0,0,0,0,0,0,0,0,0,0,0,0,0,n.a.,n.a.,n.a.,n.a.,n.a.,n.a.,n.a.,n.a.,n.a.,n.a.,n.a.,n.a.,n.a.,n.a.,n.a.,n.a.,n.a.,n.a.,n.a.,n.a.,n.a.,n.a.,n.a.,n.a.
10103,Andorra,0,0,0,0,0,0,0,0,0,0,0,0,0,0,0,0,1,0,1,0,8,7,1,0,5,5,0,0,0,0,0,0,0,0,0,0,7,7,0,0,14,14,0,0,9,9,0,0,5,5,0,0,2,2,0,0,0,0,0,0,0,0,0,0,14,5,9,n.a.,0,0,0,n.a.
50202,Angola,468,0,468,0,349,0,349,0,434,0,434,0,0,0,0,0,0,0,0,0,7,0,7,0,7,0,7,0,0,0,0,0,6,0,6,0,0,0,0,0,0,0,0,0,0,0,0,0,0,0,0,0,0,0,0,0,0,0,0,0,0,0,0,0,0,0,0,n.a.,0,0,0,n.a.
30228,Anguilla (3),"2,135","2,135",0,0,"1,107","1,107",0,0,215,215,0,0,301,301,0,0,661,661,0,0,1,1,0,0,403,403,0,0,*,*,0,0,1,1,0,0,4,4,0,0,15,15,0,0,4,4,0,0,3,3,0,0,2,2,0,0,0,0,0,0,0,0,0,0,0,0,0,n.a.,n.a.,n.a.,n.a.,n.a.
35203,Antigua and Barbuda,149,149,0,0,143,143,0,0,147,147,0,0,*,*,0,0,134,134,0,0,66,66,0,*,44,44,0,0,112,112,0,0,114,114,0,0,29,29,0,0,128,128,0,0,33,33,0,*,33,32,2,0,12,12,n.a.,0,1,1,n.a.,0,0,0,0,0,0,0,0,n.a.,0,0,0,n.a.
30104,Argentina,"44,510","9,255","32,240","3,015","24,714","3,295","21,053",366,"15,071","2,622","12,450",*,"16,046","3,540","12,506",*,"9,067","2,945","6,122",*,"7,110","1,610","5,500",*,"9,584","2,921","6,663",*,"10,795","2,599","8,177",19,"7,296","1,168","6,113",15,"4,247",719,"3,508",19,"9,872","1,931","7,898",43,"11,019","1,844","9,135",39,"6,853","1,144","5,696",12,"4,827","1,161","3,664",1,"4,315",846,"3,458",11,"4,713",744,"3,635",334,"38,567","12,892","25,675",n.a.,"16,319","7,616","8,703",n.a.
16519,Armenia,284,0,284,0,426,0,425,1,444,0,444,0,216,0,216,0,221,0,221,0,0,0,0,0,0,0,0,0,0,0,0,0,0,0,0,0,0,0,0,0,0,0,0,0,0,0,0,0,0,0,0,0,0,0,0,0,0,0,0,0,0,0,0,0,0,0,0,n.a.,0,0,0,n.a.
35254,Aruba,189,0,189,0,200,0,200,0,142,0,142,0,167,0,167,0,172,0,172,0,502,0,502,0,548,*,548,0,637,0,637,0,848,0,848,0,908,0,908,0,"1,102",0,"1,102",0,"1,272",0,"1,272",0,"1,189",0,"1,189",0,"1,114",n.a.,"1,114",0,906,0,906,0,271,n.a.,271,0,22,11,11,n.a.,1,0,1,n.a.
60089,Australia ,"354,873","196,772","114,416","43,686","296,183","160,634","110,350","25,199","295,959","139,312","112,839","43,809","311,486","140,200","127,636","43,650","337,805","144,154","140,725","52,926","351,065","146,943","142,448","61,673","333,584","128,646","141,991","62,947","323,303","149,720","122,978","50,605","276,430","127,872","107,326","41,233","145,543","65,239","71,033","9,270","222,684","138,131","73,336","11,217","173,153","101,990","61,634","9,529","128,202","71,141","48,560","8,501","103,412","57,052","40,366","5,994","90,502","56,454","29,218","4,830","55,183","37,112","15,999","2,072","46,999","31,120","15,879",n.a.,"26,592","16,917","9,675",n.a.
10189,Austria,"32,061","19,154","11,644","1,263","18,354","11,309","6,995",50,"17,331","10,732","6,577",22,"19,523","11,417","7,713",392,"18,777","11,349","7,426",2,"14,408","8,824","5,483",101,"11,522","6,108","5,390",24,"18,070","12,286","5,114",670,"14,973","9,876","4,734",364,"9,923","5,564","4,147",212,"29,008","20,075","6,447","2,486","26,568","18,144","5,001","3,424","17,280","10,724","5,113","1,444","15,249","8,976","4,682","1,591","10,371","3,925","5,244","1,201","4,336","1,204","2,306",826,"5,661","3,707","1,954",n.a.,"2,626","1,223","1,403",n.a.
16527,Azerbaijan,"1,629",0,"1,629",0,"1,178",0,"1,178",0,805,0,805,*,654,0,654,0,231,0,231,0,87,0,87,0,7,0,7,0,0,0,0,0,0,0,0,0,0,0,0,0,0,0,0,0,0,0,0,0,0,0,0,0,0,0,0,0,0,0,0,0,0,0,0,0,0,0,0,n.a.,0,0,0,n.a.
35319,Bahamas,"8,098","6,126","1,770",203,"5,978","5,141",708,128,"6,869","5,773","1,044",52,"8,424","7,060","1,354",10,"5,646","4,594","1,040",12,"5,468","3,568","1,705",194,"5,253","3,162","1,294",797,"2,009","1,177",766,66,"2,170","1,494",662,15,"1,285",601,525,158,"2,273","1,313",909,52,"1,673","1,064",458,152,"3,266","2,327",930,9,"2,652","1,779",872,1,"2,912","1,819","1,070",23,"1,647","1,162",478,7,910,568,342,n.a.,"1,064",88,976,n.a.
40703,Bahrain,"1,109",123,985,0,666,237,429,0,420,213,207,0,864,346,518,0,401,23,378,0,422,23,379,21,659,16,563,80,328,19,259,50,58,11,47,0,90,53,37,0,259,197,62,0,53,16,37,0,n.a.,n.a.,n.a.,n.a.,n.a.,n.a.,n.a.,n.a.,n.a.,n.a.,n.a.,n.a.,n.a.,n.a.,n.a.,n.a.,n.a.,n.a.,n.a.,n.a.,n.a.,n.a.,n.a.,n.a.
40746,Bangladesh,924,859,65,0,719,660,59,0,627,566,61,0,646,580,66,0,244,235,9,1,103,102,0,*,80,79,0,1,69,69,0,0,13,12,0,1,47,45,0,2,167,163,0,4,4,4,0,0,n.a.,n.a.,0,0,0,0,0,0,n.a.,0,n.a.,0,4,4,0,0,7,7,0,n.a.,5,5,0,n.a.
30155,Barbados,"2,352",73,"2,279",0,"2,837",4,"2,833",0,"2,803",7,"2,795",0,"2,471",3,"2,468",0,"1,831",16,"1,815",0,"1,684",15,"1,669",0,"1,580",17,"1,563",0,"1,476",12,"1,464",0,"1,366",61,"1,304",0,400,44,356,0,426,58,367,0,323,25,298,0,272,n.a.,272,0,256,10,246,0,253,2,251,0,54,1,53,0,17,1,16,n.a.,0,0,0,n.a.
16209,Belarus,"1,012",372,640,0,329,0,329,0,206,0,206,0,396,0,396,0,312,0,312,0,408,0,408,0,239,0,239,0,109,*,109,0,*,*,0,0,*,*,0,0,0,0,0,0,0,0,0,0,0,0,0,0,0,0,0,0,n.a.,0,n.a.,0,0,0,0,0,3,1,2,n.a.,0,0,0,n.a.
10308,Belgium and Luxembourg (2),n.a.,n.a.,n.a.,n.a.,n.a.,n.a.,n.a.,n.a.,n.a.,n.a.,n.a.,n.a.,n.a.,n.a.,n.a.,n.a.,n.a.,n.a.,n.a.,n.a.,n.a.,n.a.,n.a.,n.a.,n.a.,n.a.,n.a.,n.a.,n.a.,n.a.,n.a.,n.a.,n.a.,n.a.,n.a.,n.a.,n.a.,n.a.,n.a.,n.a.,n.a.,n.a.,n.a.,n.a.,n.a.,n.a.,n.a.,n.a.,n.a.,n.a.,n.a.,n.a.,n.a.,n.a.,n.a.,n.a.,n.a.,n.a.,n.a.,n.a.,n.a.,n.a.,n.a.,n.a.,n.a.,n.a.,n.a.,n.a.,"7,329","5,021","2,308",n.a.
10251,Belgium (2),"72,481","55,919","8,706","7,857","58,304","47,385","7,167","3,751","68,230","56,463","7,659","4,109","63,444","50,298","9,168","3,978","64,841","47,715","16,930",196,"45,545","38,755","6,614",177,"34,016","28,123","5,288",604,"35,453","28,792","4,404","2,257","36,751","28,257","7,596",898,"23,231","15,794","6,823",614,"37,905","31,671","5,106","1,127","35,968","28,805","5,654","1,509","24,664","19,947","4,215",502,"23,973","18,083","5,213",677,"16,987","10,621","5,143","1,223","12,728","8,415","3,725",588,"9,169","6,099","3,070",n.a.,n.a.,n.a.,n.a.,n.a.
35718,Belize,46,2,43,0,44,1,44,0,331,1,330,0,323,2,321,0,96,32,63,0,84,40,44,0,309,18,290,0,151,18,133,0,76,17,59,0,73,23,49,0,88,57,32,0,52,27,25,0,50,41,9,0,60,26,34,0,77,25,52,0,8,7,1,0,34,29,5,n.a.,5,5,0,n.a.
51802,Benin,*,*,0,0,*,*,0,0,*,*,0,0,1,1,0,0,0,0,0,0,1,1,0,0,1,1,0,0,0,0,0,0,0,0,0,0,0,0,0,0,0,0,0,0,0,0,0,0,0,0,0,0,0,0,0,0,0,0,0,0,0,0,0,0,0,0,0,n.a.,0,0,0,n.a.
35602,Bermuda,"263,130","228,790","34,292",47,"246,567","217,087","29,480",0,"216,632","186,570","30,061",1,"227,490","197,592","29,749",148,"211,126","178,943","31,949",234,"178,344","149,512","28,458",374,"160,894","135,082","25,404",408,"159,544","134,084","25,380",81,"147,962","121,133","26,829",*,"163,128","143,342","19,214",572,"273,275","256,399","16,727",149,"208,049","191,853","13,566","2,631","186,662","173,842","11,232","1,588","164,074","153,549","9,862",663,"116,295","107,538","8,668",89,"125,478","118,878","6,329",271,"26,606","22,617","3,989",n.a.,"9,115","8,356",759,n.a.
40819,Bhutan,0,0,0,0,0,0,0,0,0,0,0,0,0,0,0,0,0,0,0,0,0,0,0,0,0,0,0,0,0,0,0,0,0,0,0,0,0,0,0,0,0,0,0,0,0,0,0,0,0,0,0,0,0,0,0,0,0,0,0,0,0,0,0,0,0,0,0,n.a.,0,0,0,n.a.
30201,Bolivia,156,17,138,0,49,17,29,3,58,0,58,0,151,0,151,0,191,0,191,0,95,0,95,0,0,0,0,0,*,0,*,0,0,0,0,0,*,0,*,0,10,0,10,0,*,0,*,0,n.a.,0,n.a.,0,0,0,0,0,3,2,n.a.,1,3,n.a.,n.a.,3,12,n.a.,12,n.a.,1,*,1,n.a.
36161,"Bonaire, Sint Eustatius, and Saba",0,0,0,0,0,0,0,0,0,0,0,0,0,0,0,0,0,0,0,0,n.a.,n.a.,n.a.,n.a.,n.a.,n.a.,n.a.,n.a.,n.a.,n.a.,n.a.,n.a.,n.a.,n.a.,n.a.,n.a.,n.a.,n.a.,n.a.,n.a.,n.a.,n.a.,n.a.,n.a.,n.a.,n.a.,n.a.,n.a.,n.a.,n.a.,n.a.,n.a.,n.a.,n.a.,n.a.,n.a.,n.a.,n.a.,n.a.,n.a.,n.a.,n.a.,n.a.,n.a.,n.a.,n.a.,n.a.,n.a.,n.a.,n.a.,n.a.,n.a.
14109,Bosnia and Herzegovina,10,0,10,0,22,0,22,0,130,0,130,0,86,0,86,0,89,0,89,0,81,0,81,0,102,0,102,0,29,0,29,0,110,0,110,0,20,*,20,0,90,0,90,0,72,0,72,0,114,0,114,0,149,4,145,0,50,0,50,0,11,1,10,0,3,0,3,n.a.,0,0,0,n.a.
50504,Botswana,45,45,0,0,48,48,0,0,79,78,1,0,99,98,1,0,69,68,1,0,68,66,1,0,63,63,0,0,45,45,0,0,40,40,0,0,11,11,0,0,6,5,1,0,4,4,1,0,5,3,1,0,7,3,4,0,4,3,2,0,23,20,2,1,147,131,16,n.a.,1,1,0,n.a.
30309,Brazil,"182,233","147,886","33,906",440,"150,929","108,065","42,416",448,"116,193","66,053","49,793",348,"165,863","109,379","56,457",27,"179,869","128,765","50,833",271,"216,116","150,015","65,808",293,"196,178","154,650","41,388",140,"235,128","193,900","40,571",658,"212,809","180,325","32,420",64,"91,453","72,070","18,906",477,"188,888","172,662","16,181",44,"110,294","92,045","18,211",38,"90,286","68,560","21,697",28,"62,999","43,104","19,885",10,"50,229","31,781","18,365",83,"34,130","21,801","11,652",677,"51,656","31,338","20,318",n.a.,"12,013","8,447","3,566",n.a.
60208,British Indian Ocean Territory,0,0,0,0,0,0,0,0,60,60,0,0,0,0,0,0,16,16,0,0,6,6,0,0,0,0,0,0,0,0,0,0,0,0,0,0,0,0,0,0,0,0,0,0,0,0,0,0,0,0,0,0,0,0,0,0,0,0,0,0,0,0,0,0,0,0,0,n.a.,0,0,0,n.a.
35807,British Virgin Islands (3),"67,067","52,712","14,355",0,"63,970","53,059","10,911",0,"62,701","50,496","12,064",141,"76,554","62,673","13,773",107,"61,698","52,184","9,424",90,"60,416","54,145","6,271",0,"48,047","42,917","5,130",0,"15,921","11,992","3,930",0,"10,314","8,193","2,121",*,"8,876","6,747","2,129",0,"14,979","11,292","3,687",*,"10,996","8,178","2,818",0,"8,383","5,899","2,449",34,"4,467","3,716",747,4,"3,599","2,269","1,330",n.a.,"2,011","1,774",237,0,"1,138",698,440,n.a.,n.a.,n.a.,n.a.,n.a.
36005,British West Indies (3),n.a.,n.a.,n.a.,n.a.,n.a.,n.a.,n.a.,n.a.,n.a.,n.a.,n.a.,n.a.,n.a.,n.a.,n.a.,n.a.,n.a.,n.a.,n.a.,n.a.,n.a.,n.a.,n.a.,n.a.,n.a.,n.a.,n.a.,n.a.,n.a.,n.a.,n.a.,n.a.,n.a.,n.a.,n.a.,n.a.,n.a.,n.a.,n.a.,n.a.,n.a.,n.a.,n.a.,n.a.,n.a.,n.a.,n.a.,n.a.,n.a.,n.a.,n.a.,n.a.,n.a.,n.a.,n.a.,n.a.,n.a.,n.a.,n.a.,n.a.,n.a.,n.a.,n.a.,n.a.,n.a.,n.a.,n.a.,n.a.,"10,803","6,536","4,267",n.a.
41009,Brunei,0,0,0,0,0,0,0,0,0,0,0,0,0,0,0,0,0,0,0,0,0,0,0,0,0,0,0,0,0,0,0,0,0,0,0,0,0,0,0,0,0,0,0,0,0,0,0,0,0,0,0,0,0,0,0,0,0,0,0,0,0,0,0,0,0,0,0,n.a.,0,0,0,n.a.
15202,Bulgaria,202,34,167,0,287,7,280,0,282,29,253,0,177,14,163,0,173,94,79,0,157,82,75,0,216,111,105,0,254,135,119,0,215,120,95,0,252,165,87,0,562,387,175,0,312,95,217,0,428,78,350,0,"1,173",6,"1,167",0,"1,443",5,"1,438",0,"1,763",n.a.,"1,763",0,"1,310",n.a.,"1,310",n.a.,23,0,23,n.a.
57118,Burkina Faso,0,0,0,0,0,0,0,0,1,1,0,0,1,1,0,0,1,1,0,0,*,*,0,0,0,0,0,0,0,0,0,0,0,0,0,0,0,0,0,0,0,0,0,0,0,0,0,0,0,0,0,0,0,0,0,0,0,0,0,0,0,0,0,0,0,0,0,n.a.,0,0,0,n.a.
41106,Burma (Myanmar),0,0,0,0,0,0,0,0,0,0,0,0,0,0,0,0,14,14,0,0,21,21,0,0,*,*,0,0,0,0,0,0,0,0,0,0,0,0,0,0,0,0,0,0,0,0,0,0,0,0,0,0,0,0,0,0,0,0,0,0,0,0,0,0,142,3,139,n.a.,0,0,0,n.a.
50806,Burundi,0,0,0,0,0,0,0,0,0,0,0,0,0,0,0,0,0,0,0,0,*,0,*,0,*,0,*,0,0,0,0,0,0,0,0,0,4,0,4,0,4,0,4,0,0,0,0,0,0,0,0,0,0,0,0,0,0,0,0,0,0,0,0,0,0,0,0,n.a.,0,0,0,n.a.
41203,Cambodia,0,0,0,0,0,0,0,0,0,0,0,0,0,0,0,0,0,0,0,0,0,0,0,0,0,0,0,0,0,0,0,0,0,0,0,0,0,0,0,0,0,0,0,0,0,0,0,0,0,0,0,0,0,0,0,0,0,0,0,0,0,0,0,0,1,1,0,n.a.,0,0,0,n.a.
51004,Cameroon,235,0,235,0,228,0,228,0,181,*,181,0,*,*,0,0,2,2,0,0,4,4,0,0,3,3,0,0,1,1,0,0,0,0,0,0,0,0,0,0,0,0,0,0,0,0,0,0,0,0,0,0,0,0,0,0,0,0,0,0,0,0,0,0,4,0,4,n.a.,0,0,0,n.a.
29998,Canada,"995,893","512,326","381,253","102,314","831,037","422,378","333,267","75,392","705,290","325,395","323,429","56,466","844,179","416,961","378,754","48,465","825,946","405,165","381,558","39,224","827,365","390,238","381,799","55,327","736,180","358,536","329,166","48,478","695,213","408,631","252,770","33,812","540,255","295,078","219,531","25,646","378,435","180,175","165,881","32,379","587,922","379,655","186,023","22,244","477,888","298,137","162,074","17,678","418,918","247,816","157,509","13,593","344,669","180,398","151,852","12,419","300,979","149,267","139,433","12,278","211,444","89,591","115,618","6,235","177,473","70,798","106,675",n.a.,"108,190","39,655","68,535",n.a.
51209,Cape Verde,71,67,5,0,0,0,0,0,1,0,1,0,0,0,0,0,*,*,0,0,*,*,0,0,0,0,0,0,0,0,0,0,0,0,0,0,0,0,0,0,0,0,0,0,0,0,0,0,0,0,0,0,0,0,0,0,0,0,0,0,0,0,0,0,0,0,0,n.a.,0,0,0,n.a.
36137,Cayman Islands (3),"1,766,954","1,362,397","402,653","1,904","1,369,100","1,020,354","347,238","1,508","1,217,097","915,220","300,010","1,867","1,111,962","820,257","289,259","2,447","901,140","676,940","221,497","2,703","796,931","574,378","220,324","2,229","708,763","487,908","218,194","2,662","366,025","166,372","196,476","3,177","373,316","147,514","217,465","8,337","315,228","95,181","202,368","17,679","545,452","232,994","271,785","40,673","375,542","160,555","177,889","37,098","248,771","102,603","118,399","27,768","195,677","69,750","114,378","11,549","124,971","45,287","75,668","4,017","71,039","35,764","34,317",958,"19,247","5,612","13,635",n.a.,n.a.,n.a.,n.a.,n.a.
51306,Central African Republic,0,0,0,0,0,0,0,0,0,0,0,0,0,0,0,0,0,0,0,0,0,0,0,0,0,0,0,0,0,0,0,0,0,0,0,0,0,0,0,0,0,0,0,0,0,0,0,0,0,0,0,0,0,0,0,0,0,0,0,0,1,0,1,0,0,0,0,n.a.,0,0,0,n.a.
51403,Chad,0,0,0,0,0,0,0,0,0,0,0,0,0,0,0,0,0,0,0,0,0,0,0,0,0,0,0,0,0,0,0,0,0,0,0,0,0,0,0,0,0,0,0,0,0,0,0,0,0,0,0,0,0,0,0,0,0,0,0,0,0,0,0,0,0,0,0,n.a.,0,0,0,n.a.
30406,Chile,"35,096","16,099","18,551",446,"25,935","11,230","14,655",51,"25,893","9,039","16,183",671,"31,328","11,510","17,426","2,392","26,635","12,413","12,806","1,417","27,912","14,049","13,214",649,"23,871","10,970","11,791","1,110","22,531","12,757","9,679",95,"15,308","8,622","6,662",24,"10,299","4,270","6,029",*,"12,820","5,207","7,609",5,"12,539","4,447","8,092",0,"12,099","3,520","8,577",2,"11,598","2,564","9,034",n.a.,"9,697","2,102","7,595",n.a.,"5,948","1,917","4,030",1,"8,126","4,555","3,571",n.a.,"2,671","2,492",179,n.a.
41408,China,"162,282","157,987","3,105","1,190","101,350","98,597","1,739","1,013","107,725","103,090","3,017","1,618","133,274","129,054","1,766","2,453","103,327","100,574","1,043","1,710","92,396","91,363",977,55,"76,798","74,727","1,949",123,"102,226","100,624","1,572",30,"102,303","101,616",670,17,"54,903","53,269","1,606",27,"97,284","95,693","1,466",125,"75,314","73,912","1,305",97,"28,443","26,888","1,544",11,"12,723","11,645","1,065",12,"13,738","13,064",667,7,"3,004","2,370",634,0,"5,434","2,256","3,178",n.a.,"2,085",899,"1,186",n.a.
30503,Colombia,"29,067","6,887","22,173",8,"24,422","5,571","18,806",45,"20,037","4,462","15,574",*,"23,686","6,364","17,321",0,"19,656","5,905","13,671",80,"19,996","7,406","12,567",23,"15,416","4,552","10,737",126,"10,451","3,518","6,929",4,"7,952","1,673","6,264",15,"6,848",924,"5,919",5,"6,798","1,193","5,571",35,"5,827",732,"5,096",0,"5,019",753,"4,266",n.a.,"4,455",270,"4,185",n.a.,"3,488",133,"3,354",n.a.,"2,760",150,"2,610",n.a.,"4,162",704,"3,458",n.a.,555,284,271,n.a.
51519,Comoros,0,0,0,0,0,0,0,0,0,0,0,0,0,0,0,0,*,*,0,0,0,0,0,0,0,0,0,0,*,*,0,0,*,*,0,0,*,*,0,0,*,*,0,0,0,0,0,0,0,0,0,0,0,0,0,0,n.a.,n.a.,0,0,0,0,0,0,21,2,19,n.a.,0,0,0,n.a.
51608,Congo (Brazzaville),130,0,130,0,135,0,135,0,256,0,256,0,255,0,255,0,252,0,252,0,223,0,223,0,177,0,177,0,149,*,149,0,128,*,128,0,44,*,44,0,0,0,0,0,0,0,0,0,0,0,0,0,0,0,0,0,0,0,0,0,0,0,0,0,13,0,13,n.a.,0,0,0,n.a.
51705,Congo (Kinshasa),0,0,0,0,0,0,0,0,0,0,0,0,0,0,0,0,0,0,0,0,0,0,0,0,0,0,0,0,0,0,0,0,0,0,0,0,0,0,0,0,0,0,0,0,0,0,0,0,0,0,0,0,0,0,0,0,0,0,0,0,0,0,0,0,n.a.,n.a.,n.a.,n.a.,0,0,0,n.a.
60402,Cook Islands,0,0,0,0,1,1,0,0,0,0,0,0,1,1,0,0,1,1,0,0,7,7,0,0,6,6,0,0,6,6,0,0,1,1,0,0,1,1,0,0,*,*,0,0,*,*,0,0,73,73,0,0,n.a.,n.a.,0,0,0,0,0,0,0,0,0,0,1,1,0,n.a.,0,0,0,n.a.
30589,Costa Rica,"2,206",11,"2,196",0,"1,820",7,"1,813",0,"1,723",12,"1,711",0,"1,473",26,"1,447",0,"1,432",18,"1,413",1,769,9,760,*,152,3,150,0,122,1,121,0,171,1,170,0,260,*,255,5,379,*,373,6,340,2,315,23,439,20,400,19,260,5,236,19,337,5,313,19,191,5,153,33,165,n.a.,165,n.a.,111,0,111,n.a.
53007,Cote d'Ivoire,"1,665",17,"1,648",0,"1,345",16,"1,330",0,"1,858",6,"1,852",0,"1,022",7,"1,014",0,789,9,780,0,717,5,711,0,289,5,284,0,181,3,178,0,263,3,261,0,61,*,61,0,158,1,158,0,95,0,95,0,92,0,92,0,98,2,95,0,96,0,96,0,162,6,156,0,458,2,456,n.a.,19,*,19,n.a.
14214,Croatia,"2,283",242,"2,041",0,"2,688",187,"2,501",0,"2,799",119,"2,680",0,"2,591",157,"2,433",0,"2,763",129,"2,634",0,"2,276",107,"2,081",88,"1,337",95,"1,161",81,984,110,850,24,779,87,693,0,270,62,208,0,469,164,304,0,400,74,326,0,703,189,514,0,716,234,482,0,676,270,406,0,763,255,508,0,496,126,370,n.a.,10,0,10,n.a.
30708,Cuba,*,0,*,0,2,0,2,0,*,0,*,0,2,0,2,0,*,*,0,0,*,*,0,0,*,*,*,0,*,*,*,0,*,*,0,0,*,*,0,0,*,*,0,0,*,*,0,0,n.a.,n.a.,0,0,1,n.a.,1,0,n.a.,n.a.,0,0,0,0,0,0,n.a.,n.a.,n.a.,n.a.,1,*,1,n.a.
36188,Curacao,"72,738","70,037","2,652",48,"90,883","88,188","2,258",437,"70,084","67,002","2,942",140,"81,653","77,665","3,776",213,"86,090","82,537","3,553",*,n.a.,n.a.,n.a.,n.a.,n.a.,n.a.,n.a.,n.a.,n.a.,n.a.,n.a.,n.a.,n.a.,n.a.,n.a.,n.a.,n.a.,n.a.,n.a.,n.a.,n.a.,n.a.,n.a.,n.a.,n.a.,n.a.,n.a.,n.a.,n.a.,n.a.,n.a.,n.a.,n.a.,n.a.,n.a.,n.a.,n.a.,n.a.,n.a.,n.a.,n.a.,n.a.,n.a.,n.a.,n.a.,n.a.,n.a.,n.a.,n.a.,n.a.,n.a.,n.a.
10405,Cyprus,"2,115",927,"1,189",0,"1,549",667,882,0,"1,549",862,687,*,"1,716","1,242",474,0,"3,297","2,685",453,159,"1,586","1,237",348,2,"1,546",974,226,345,"1,355",962,85,308,882,793,89,0,525,425,100,0,"2,968","2,305",338,325,"1,123",726,93,304,210,105,103,2,103,3,100,n.a.,101,17,83,n.a.,110,59,51,0,322,120,202,n.a.,*,*,0,n.a.
15288,Czech Republic,"4,764","2,558","1,956",251,"2,691","1,962",728,0,"2,938","1,810",765,363,"3,103","2,248",855,0,"3,517","2,683",833,0,"4,420","3,506",914,0,"4,279","3,762",517,0,"4,872","4,553",320,0,"4,743","4,567",177,0,"3,753","3,682",71,0,"5,352","5,155",196,0,"3,070","3,045",26,0,"1,742","1,727",15,0,"1,876","1,843",33,0,"1,293","1,249",44,0,481,444,37,0,808,763,45,n.a.,453,300,153,n.a.
10502,Denmark,"110,150","84,925","24,761",464,"75,340","61,680","13,241",418,"90,082","79,656","8,739","1,687","69,233","62,800","6,332",100,"61,460","55,062","6,399",0,"49,270","43,318","5,569",382,"43,235","32,533","7,464","3,238","48,905","38,236","8,939","1,730","37,583","26,952","7,565","3,065","32,336","19,757","10,468","2,112","47,165","32,975","12,834","1,356","33,978","21,236","11,806",936,"25,276","15,652","8,970",653,"23,882","14,488","8,292","1,103","22,141","10,429","9,987","1,725","12,121","7,533","4,018",570,"16,758","8,917","7,841",n.a.,"9,911","1,819","8,092",n.a.
52302,Djibouti,0,0,0,0,0,0,0,0,0,0,0,0,0,0,0,0,0,0,0,0,0,0,0,0,0,0,0,0,0,0,0,0,0,0,0,0,0,0,0,0,0,0,0,0,0,0,0,0,0,0,0,0,0,0,0,0,0,0,0,0,0,0,0,0,0,0,0,n.a.,0,0,0,n.a.
36218,Dominica,0,0,0,0,0,0,0,0,0,0,0,0,0,0,0,0,39,0,39,0,*,0,*,0,0,0,0,0,*,*,0,0,*,*,0,0,*,*,0,0,0,0,0,0,0,0,0,0,0,0,0,0,0,0,0,0,0,0,0,0,0,0,0,0,2,2,0,n.a.,0,0,0,n.a.
30805,Dominican Republic,"4,013",*,"4,013",0,"3,839",*,"3,839",0,"3,595",11,"3,584",0,"2,265",11,"2,254",0,"1,636",11,"1,625",0,"1,101",11,"1,091",0,866,*,866,0,815,*,815,0,622,*,622,0,380,1,379,0,853,*,852,1,817,1,791,25,763,n.a.,662,101,503,n.a.,472,31,512,4,508,n.a.,164,13,151,n.a.,87,n.a.,87,n.a.,0,0,0,n.a.
45004,East Timor,0,0,0,0,0,0,0,0,0,0,0,0,0,0,0,0,0,0,0,0,0,0,0,0,0,0,0,0,0,0,0,0,0,0,0,0,0,0,0,0,0,0,0,0,0,0,0,0,0,0,0,0,0,0,0,0,0,0,0,0,0,0,0,0,0,0,0,n.a.,0,0,0,n.a.
31003,Ecuador,"3,497",48,"3,449",0,"1,899",42,"1,857",0,974,43,931,0,705,48,657,0,335,58,277,0,289,53,235,1,287,0,287,0,307,*,305,2,318,*,316,2,386,*,384,2,711,*,708,2,552,*,550,2,984,41,942,n.a.,"1,115",25,"1,066",24,902,5,897,n.a.,774,18,756,n.a.,"2,032",98,"1,934",n.a.,201,6,195,n.a.
57002,Egypt,"8,093","2,938","3,159","1,996","2,617","2,247",356,15,"3,084","2,707",377,0,"4,649","3,428","1,213",9,"3,395","2,124","1,270",0,"4,655","3,283","1,370",2,"4,614","2,744","1,678",192,"10,378","5,116","1,649","3,613","5,778","4,116","1,362",300,"4,792","2,565","1,504",723,"11,868","8,865","1,758","1,245","6,685","4,377","1,274","1,035","3,754","2,567",983,205,"1,152","1,093",56,3,571,523,48,0,603,340,263,0,832,763,69,n.a.,2,2,0,n.a.
31089,El Salvador,"2,171",0,"2,171",0,"1,475",0,"1,433",42,"1,004",0,"1,004",0,"1,266",0,"1,266",0,941,*,941,0,"1,175",*,"1,175",0,786,0,786,0,909,5,901,3,739,5,731,3,491,3,482,5,839,6,825,8,935,0,932,3,838,n.a.,822,16,674,n.a.,658,16,601,0,582,19,70,2,49,19,51,39,12,n.a.,*,*,0,n.a.
51942,Equatorial Guinea,0,0,0,0,0,0,0,0,0,0,0,0,0,0,0,0,0,0,0,0,54,54,0,0,0,0,0,0,0,0,0,0,0,0,0,0,0,0,0,0,0,0,0,0,0,0,0,0,0,0,0,0,0,0,0,0,0,0,0,0,0,0,0,0,0,0,0,n.a.,0,0,0,n.a.
52019,Eritrea,0,0,0,0,0,0,0,0,0,0,0,0,0,0,0,0,0,0,0,0,0,0,0,0,0,0,0,0,0,0,0,0,0,0,0,0,0,0,0,0,0,0,0,0,0,0,0,0,0,0,0,0,0,0,0,0,0,0,0,0,0,0,0,0,0,0,0,n.a.,0,0,0,n.a.
15407,Estonia,214,177,37,0,113,79,33,0,118,83,34,0,126,88,39,0,150,102,47,0,147,101,45,0,120,69,51,0,130,74,56,0,97,56,42,0,90,55,35,0,174,135,38,1,98,63,35,0,97,62,35,0,343,304,39,0,174,138,36,0,44,39,5,0,27,17,10,n.a.,0,0,0,n.a.
52108,Ethiopia,236,0,236,0,220,0,220,0,239,0,239,0,231,0,231,0,0,0,0,0,0,0,0,0,0,0,0,0,0,0,0,0,0,0,0,0,0,0,0,0,0,0,0,0,0,0,0,0,0,0,0,0,0,0,0,0,0,0,0,0,0,0,0,0,n.a.,n.a.,n.a.,n.a.,0,0,0,n.a.
36307,Falkland Islands,0,0,0,0,1,1,0,0,6,6,0,0,12,12,0,0,18,18,0,0,24,24,0,0,17,17,0,0,29,29,0,0,3,3,0,0,1,1,0,0,4,4,0,0,2,2,0,0,1,1,0,0,n.a.,n.a.,0,0,0,0,0,0,0,0,0,0,0,0,0,n.a.,0,0,0,n.a.
10618,Faroe Islands,694,233,461,0,313,252,62,0,163,163,0,0,119,119,0,0,58,58,0,0,22,22,0,0,19,19,0,0,27,27,0,0,3,3,0,0,6,6,0,0,14,14,0,0,*,*,0,0,0,0,0,0,0,0,0,0,0,0,0,0,0,0,0,0,0,0,0,n.a.,0,0,0,n.a.
60305,Fed. States of Micronesia,0,0,0,0,0,0,0,0,0,0,0,0,0,0,0,0,0,0,0,0,0,0,0,0,0,0,0,0,0,0,0,0,0,0,0,0,0,0,0,0,0,0,0,0,0,0,0,0,0,0,0,0,0,0,0,0,0,0,0,0,0,0,0,0,0,0,0,n.a.,0,0,0,n.a.
60607,Fiji,50,0,50,0,47,0,47,0,45,0,45,0,67,0,67,0,11,*,11,0,7,*,7,0,7,*,7,0,17,0,17,0,21,0,21,0,27,0,27,0,29,0,29,0,7,0,7,0,0,0,0,0,0,0,0,0,0,0,0,0,0,0,0,0,0,0,0,n.a.,0,0,0,n.a.
10707,Finland,"47,152","39,512","7,597",44,"38,860","34,706","4,054",101,"38,323","33,032","4,557",735,"36,823","31,353","4,977",494,"38,112","33,400","3,984",727,"26,578","20,241","4,428","1,909","23,323","17,492","3,539","2,292","40,622","27,261","3,299","10,061","34,797","29,646","4,387",764,"40,959","35,755","2,641","2,563","94,216","90,200","3,588",428,"59,934","55,852","3,807",275,"48,777","44,393","4,010",375,"38,896","33,860","4,493",543,"41,127","35,162","5,542",422,"55,139","51,307","3,297",535,"20,715","14,785","5,930",n.a.,"7,052","2,957","4,096",n.a.
10804,France,"604,774","441,746","133,891","29,137","495,683","345,591","127,033","23,059","473,552","327,071","117,885","28,596","484,945","317,985","128,516","38,444","465,715","342,850","104,229","18,636","375,675","257,136","105,607","12,932","305,953","209,213","88,378","8,362","366,329","244,197","82,204","39,928","362,382","250,706","81,859","29,818","285,482","212,191","58,158","15,133","448,482","348,011","83,005","17,466","401,388","306,861","62,961","31,566","273,879","205,113","47,801","20,965","216,607","164,634","41,831","10,142","184,959","130,761","42,955","11,243","143,572","112,205","26,086","5,281","99,752","85,019","14,733",n.a.,"42,412","25,647","16,765",n.a.
36404,French Guyana,0,0,0,0,0,0,0,0,0,0,0,0,0,0,0,0,0,0,0,0,*,*,0,0,*,*,0,0,*,*,0,0,*,*,0,0,*,*,0,0,*,*,0,0,8,8,0,0,n.a.,n.a.,0,0,n.a.,n.a.,0,0,n.a.,n.a.,0,0,0,0,0,0,n.a.,n.a.,0,n.a.,0,0,0,n.a.
60704,French Polynesia,0,0,0,0,0,0,0,0,0,0,0,0,0,0,0,0,0,0,0,0,0,0,0,0,0,0,0,0,0,0,0,0,0,0,0,0,0,0,0,0,0,0,0,0,0,0,0,0,0,0,0,0,0,0,0,0,0,0,0,0,0,0,0,0,0,0,0,n.a.,0,0,0,n.a.
52418,Gabon,564,3,561,0,492,3,489,0,380,4,376,0,330,11,319,0,403,20,382,0,199,9,190,0,170,6,164,0,214,9,204,0,261,9,252,0,202,8,194,0,313,22,292,0,7,7,0,0,n.a.,n.a.,n.a.,n.a.,n.a.,n.a.,n.a.,n.a.,n.a.,n.a.,n.a.,n.a.,n.a.,n.a.,n.a.,n.a.,n.a.,n.a.,n.a.,n.a.,n.a.,n.a.,n.a.,n.a.
52507,Gambia,0,0,0,0,0,0,0,0,0,0,0,0,0,0,0,0,*,*,0,0,*,*,*,0,0,0,0,0,*,*,0,0,*,*,0,0,*,*,0,0,*,*,0,0,*,*,0,0,0,0,0,0,0,0,0,0,30,0,30,0,22,1,21,0,32,n.a.,32,n.a.,0,0,0,n.a.
16535,Georgia,953,0,513,440,"1,166",633,514,19,528,46,472,10,578,89,484,5,403,*,401,2,473,*,442,31,221,45,94,82,210,81,130,0,117,30,87,0,91,21,70,0,150,148,3,0,30,27,3,0,n.a.,0,n.a.,0,0,0,0,0,n.a.,n.a.,n.a.,0,4,3,1,0,n.a.,n.a.,0,n.a.,0,0,0,n.a.
11002,Germany,"494,275","400,185","83,088","11,002","373,464","293,355","67,834","12,274","377,767","283,193","76,182","18,392","375,111","274,126","84,885","16,100","391,209","301,874","73,853","15,482","329,574","228,202","78,865","22,507","266,366","174,165","82,065","10,136","299,101","206,767","74,308","18,025","293,598","192,692","80,168","20,739","254,714","159,863","79,711","15,140","426,558","329,405","89,235","7,918","292,103","220,397","62,012","9,694","216,727","158,013","48,997","9,717","201,376","123,685","67,918","9,772","189,304","103,239","71,403","14,662","136,493","72,200","46,119","18,174","108,414","64,965","43,449",n.a.,"47,652","25,580","22,072",n.a.
52604,Ghana,"3,161",44,"3,116",0,"1,714",22,"1,692",0,"1,230",45,"1,185",0,964,66,898,0,840,140,700,0,581,50,532,0,449,35,414,0,367,32,335,0,230,15,214,0,114,15,99,0,193,20,173,0,3,2,1,0,3,2,1,0,4,3,1,n.a.,350,349,1,0,208,207,1,0,358,358,0,n.a.,12,12,0,n.a.
11088,Gibraltar,198,198,0,0,90,90,0,0,245,245,0,0,384,384,0,0,471,462,9,0,410,408,2,0,494,494,0,0,295,275,19,0,104,104,0,*,64,64,0,0,96,96,0,0,136,135,*,0,211,211,0,0,64,64,0,0,31,1,10,20,22,22,0,0,n.a.,n.a.,0,n.a.,259,252,7,n.a.
11207,Greece,"9,988","7,081","1,769","1,138","7,371","5,245","2,126",0,"7,975","5,124","2,850",0,"10,161","6,628","2,684",848,"7,101","4,901","2,200",0,"4,629","3,622","1,007",0,"3,776","2,890",885,0,"7,085","6,158",927,0,"11,474","9,706","1,768",0,"8,822","7,889",932,0,"25,494","23,728","1,766",0,"16,012","14,448","1,559",6,"10,555","9,529","1,025",0,"8,290","6,980","1,310",0,"5,935","3,957","1,978",n.a.,"4,563","2,810","1,753",n.a.,"2,741","1,513","1,228",n.a.,676,538,138,n.a.
10545,Greenland,60,5,56,0,56,8,49,0,50,10,40,0,13,13,0,0,*,*,0,0,0,0,0,0,0,0,0,0,0,0,0,0,*,*,0,0,0,0,0,0,0,0,0,0,0,0,0,0,0,0,0,0,0,0,0,0,0,0,0,0,0,0,0,0,0,0,0,n.a.,0,0,0,n.a.
36706,Grenada,38,0,38,0,34,0,34,0,28,0,28,0,19,0,19,0,20,*,20,0,25,0,25,0,28,0,28,0,19,0,19,0,10,0,10,0,9,0,9,0,14,0,14,0,16,0,16,0,2,0,2,0,2,0,2,0,6,0,6,0,8,n.a.,8,0,n.a.,n.a.,0,n.a.,0,0,0,n.a.
36803,Guadeloupe (6),0,0,0,0,0,0,0,0,0,0,0,0,0,0,0,0,20,20,0,0,0,0,0,0,6,6,0,0,0,0,0,0,0,0,0,0,0,0,0,0,0,0,0,0,0,0,0,0,0,0,0,0,0,0,0,0,0,0,0,0,0,0,0,0,1,0,1,n.a.,0,0,0,n.a.
31208,Guatemala,556,0,556,0,384,0,384,0,248,0,248,0,275,0,275,0,370,0,370,0,248,0,248,0,27,0,27,0,55,0,55,0,48,0,48,0,93,0,93,0,225,0,225,0,206,*,206,0,206,n.a.,206,0,173,0,173,0,109,0,109,0,60,0,58,2,193,2,191,n.a.,28,*,28,n.a.
13006,Guernsey (4),"50,020","37,029","12,986",5,"42,026","29,175","12,851",*,"37,557","27,097","10,460",0,"38,376","33,320","5,056",*,"29,537","25,069","4,469",*,"28,172","23,284","4,254",634,"17,129","13,425","3,674",30,"14,796","11,811","2,985",0,"12,270","10,938","1,333",0,"6,589","5,621",967,1,"15,847","13,247","2,572",29,"12,493","11,715",772,6,"6,396","5,797",597,2,"5,941","5,399",542,n.a.,"5,350","4,636",713,1,"4,645","4,576",69,0,450,378,72,n.a.,n.a.,n.a.,n.a.,n.a.
52701,Guinea,0,0,0,0,0,0,0,0,0,0,0,0,0,0,0,0,0,0,0,0,0,0,0,0,0,0,0,0,2,2,0,0,2,2,0,0,2,2,0,0,3,3,0,0,0,0,0,0,0,0,0,0,0,0,0,0,0,0,0,0,0,0,0,0,0,0,0,n.a.,0,0,0,n.a.
54402,Guinea-Bissau,0,0,0,0,0,0,0,0,0,0,0,0,0,0,0,0,0,0,0,0,0,0,0,0,0,0,0,0,0,0,0,0,0,0,0,0,0,0,0,0,0,0,0,0,0,0,0,0,0,0,0,0,0,0,0,0,0,0,0,0,0,0,0,0,0,0,0,n.a.,0,0,0,n.a.
31305,Guyana,0,0,0,0,0,0,0,0,0,0,0,0,0,0,0,0,0,0,0,0,0,0,0,0,0,0,0,0,*,*,0,0,*,*,0,0,*,*,0,0,0,0,0,0,0,0,0,0,0,0,0,0,0,0,0,0,5,0,5,0,0,0,0,0,n.a.,n.a.,0,n.a.,0,0,0,n.a.
31402,Haiti,0,0,0,0,0,0,0,0,0,0,0,0,0,0,0,0,0,0,0,0,0,0,0,0,0,0,0,0,0,0,0,0,0,0,0,0,0,0,0,0,0,0,0,0,0,0,0,0,0,0,0,0,0,0,0,0,0,0,0,0,0,0,0,0,n.a.,n.a.,0,n.a.,0,0,0,n.a.
31488,Honduras,696,0,696,0,389,0,389,*,422,0,422,1,376,0,376,*,295,0,294,*,14,0,0,14,14,0,1,13,29,0,7,22,29,0,7,22,40,0,24,16,26,*,6,20,28,0,8,21,45,0,17,28,43,0,15,28,51,n.a.,22,28,45,0,17,28,17,n.a.,17,n.a.,*,*,0,n.a.
42005,Hong Kong,"163,535","155,087","4,394","4,055","124,224","118,394","3,696","2,133","136,033","129,459","4,578","1,996","150,785","141,940","3,197","5,648","140,162","134,875","1,917","3,370","144,743","139,420","2,859","2,464","115,643","112,274","2,906",464,"134,817","132,520","2,228",69,"92,885","91,391","1,456",39,"64,815","61,483","3,300",33,"121,339","119,583","1,739",18,"87,518","85,833","1,660",25,"46,225","44,465","1,731",29,"37,350","35,395","1,933",22,"37,660","36,210","1,419",32,"32,047","30,154","1,893",0,"31,628","28,102","3,526",n.a.,"18,171","17,527",644,n.a.
15504,Hungary,"12,632","5,663","6,750",219,"12,021","3,962","8,055",3,"12,347","3,012","9,336",0,"15,258","2,086","13,115",56,"15,449","2,777","12,467",205,"13,082","2,556","10,207",319,"9,082","2,185","6,733",163,"6,564","3,446","3,119",0,"6,801","4,431","2,271",98,"4,549","2,699","1,780",70,"9,226","7,309","1,785",131,"8,409","7,619",764,27,"5,635","4,880",754,1,"5,105","4,503",601,n.a.,"3,092","2,412",651,28,"2,026","1,702",324,0,"4,846","3,483","1,363",n.a.,567,145,422,n.a.
11304,Iceland,"2,600",774,"1,826",0,"2,627",228,"2,231",168,"2,138",144,"1,931",63,"1,885",74,"1,806",5,"1,947",157,"1,791",0,"2,103",182,"1,917",4,"1,447",168,"1,259",20,"1,644",73,"1,520",51,"1,451",22,"1,422",7,"2,049",2,"2,042",5,"7,270",32,"7,221",17,"7,829",29,"6,022","1,777","3,229",14,"3,215",0,243,2,241,n.a.,143,3,130,10,224,41,183,0,309,3,306,n.a.,352,0,352,n.a.
42102,India,"194,444","180,669","13,102",673,"133,009","123,162","9,096",751,"130,033","120,268","9,022",743,"129,208","121,783","7,171",255,"85,610","82,361","2,921",328,"78,847","75,686","2,917",243,"58,594","55,056","2,873",665,"91,486","86,477","4,395",614,"65,495","62,045","3,352",98,"31,918","29,041","2,362",514,"85,225","81,829","3,296",100,"49,231","47,932","1,025",274,"33,226","32,753",473,0,"23,525","23,152",363,10,"18,699","18,500",183,16,"7,198","6,897",276,25,"8,138","6,176","1,962",n.a.,"1,352","1,134",218,n.a.
42218,Indonesia,"73,228","39,830","33,399",0,"56,278","30,357","25,921",0,"47,129","25,377","21,629",123,"51,670","31,929","19,741",1,"37,458","24,124","13,333",2,"44,991","30,342","14,638",11,"39,112","27,168","11,874",70,"34,861","25,239","9,582",40,"22,742","15,467","7,261",13,"11,160","7,018","4,142",*,"18,357","15,079","3,276",1,"14,072","11,490","2,582",*,"9,025","7,127","1,874",24,"6,987","6,116",869,3,"5,072","4,406",666,0,"1,841","1,526",315,0,"4,345","2,488","1,857",n.a.,"2,164","1,935",229,n.a.
42307,Iran,0,0,0,0,0,0,0,0,0,0,0,0,0,0,0,0,24,0,24,0,0,0,0,0,0,0,0,0,0,0,0,0,0,0,0,0,0,0,0,0,0,0,0,0,0,0,0,0,n.a.,n.a.,n.a.,n.a.,n.a.,n.a.,n.a.,n.a.,n.a.,n.a.,n.a.,n.a.,n.a.,n.a.,n.a.,n.a.,n.a.,n.a.,n.a.,n.a.,n.a.,n.a.,n.a.,n.a.
42404,Iraq,"2,051",3,"2,047",0,605,0,605,0,507,3,504,0,592,3,588,0,548,0,548,0,781,0,781,0,626,0,626,0,338,0,338,0,586,0,586,0,234,0,234,0,260,0,260,0,341,0,341,0,n.a.,n.a.,n.a.,n.a.,n.a.,n.a.,n.a.,n.a.,n.a.,n.a.,n.a.,n.a.,n.a.,n.a.,n.a.,n.a.,n.a.,n.a.,n.a.,n.a.,n.a.,n.a.,n.a.,n.a.
11401,Ireland,"495,403","421,082","70,302","4,019","462,334","389,370","66,637","6,327","498,270","421,661","56,559","20,050","387,485","332,192","52,905","2,388","280,714","228,147","51,220","1,347","183,815","136,892","46,492",431,"149,497","114,159","34,853",485,"131,936","101,419","27,402","3,115","120,020","79,187","25,825","15,008","62,809","22,262","22,600","17,947","131,951","49,046","50,176","32,729","120,513","47,943","38,326","34,244","75,368","33,027","16,893","25,448","55,264","32,422","13,821","9,020","33,470","22,191","8,452","2,827","32,431","28,374","3,010","1,047","17,666","14,147","3,519",n.a.,"4,482","2,641","1,841",n.a.
13008,Isle of Man,"6,050","4,848","1,202",0,"4,323","3,213","1,110",0,"3,768","2,632","1,136",0,"3,799","2,137","1,661",0,"3,989","2,317","1,672",0,"3,285","1,831","1,454",0,"2,872","1,884",988,0,"2,843","2,084",758,0,"1,301","1,112",189,0,510,345,165,0,"1,308","1,146",149,13,569,541,28,0,61,36,26,0,15,n.a.,15,0,0,0,0,0,1,1,0,0,9,9,0,n.a.,0,0,0,n.a.
42501,Israel,"66,211","49,319","16,826",66,"64,592","48,006","16,451",135,"79,785","62,947","16,383",456,"75,148","56,907","17,644",597,"62,535","46,246","16,279",10,"56,544","37,309","18,509",726,"57,968","37,202","18,537","2,229","63,502","44,798","16,703","2,001","58,804","44,284","14,369",151,"46,064","30,913","15,130",21,"54,312","38,931","15,278",103,"41,516","26,019","15,487",11,"44,313","29,125","15,183",5,"34,315","19,054","15,254",7,"28,664","16,361","12,292",11,"21,233","13,333","7,847",53,"12,298","7,036","5,262",n.a.,"4,436","2,581","1,855",n.a.
11509,Italy,"140,214","97,287","40,794","2,133","91,862","65,151","26,082",628,"106,546","72,746","33,629",171,"109,321","64,349","44,956",15,"123,541","75,124","40,421","7,996","109,564","54,066","55,153",346,"62,483","40,416","20,856","1,211","65,638","51,211","14,416",11,"78,505","59,343","15,597","3,565","61,763","46,997","13,493","1,273","120,019","96,974","21,894","1,151","105,893","92,733","11,946","1,215","79,393","63,915","12,038","3,440","77,710","57,494","17,352","2,864","66,931","38,971","24,956","3,004","48,208","33,686","13,299","1,223","59,171","41,547","17,624",n.a.,"31,587","13,797","17,789",n.a.
31607,Jamaica,"1,059",1,"1,058",0,881,5,876,0,858,11,847,0,417,12,404,0,154,*,154,0,222,*,221,0,243,*,243,0,315,*,315,0,382,3,379,0,336,1,336,*,663,*,663,0,591,2,590,0,446,2,440,4,204,2,193,9,40,1,39,0,279,1,267,11,329,3,326,n.a.,7,4,3,n.a.
42609,Japan,"1,132,251","902,397","122,775","107,079","853,980","695,499","91,407","67,075","821,552","690,436","84,331","46,785","688,811","591,576","83,199","14,036","686,097","603,767","69,152","13,178","520,713","427,249","61,260","32,204","508,613","391,341","57,379","59,892","518,906","450,096","46,619","22,191","419,077","370,850","40,532","7,695","403,279","347,600","53,708","1,971","594,083","529,431","60,325","4,326","596,239","543,506","46,171","6,562","530,885","493,343","35,072","2,470","384,099","330,427","36,433","17,240","306,529","255,494","37,175","13,861","208,469","170,714","26,152","11,603","166,758","136,404","30,354",n.a.,"131,198","99,413","31,785",n.a.
13007,Jersey (4),"123,375","107,623","14,968",784,"102,218","86,944","14,661",613,"92,365","80,260","11,377",728,"91,079","81,657","8,584",839,"75,161","65,348","9,286",527,"49,119","39,283","9,526",311,"48,976","36,267","9,058","3,650","41,907","20,846","12,432","8,628","45,956","19,784","13,208","12,964","37,308","10,858","7,697","18,752","28,658","5,436","12,240","10,982","21,450","2,848","9,899","8,703","19,057",824,"8,316","9,917","12,352",436,"6,638","5,278","10,458",867,"4,329","5,262","2,448",29,"1,586",833,"1,554","1,517",37,n.a.,n.a.,n.a.,n.a.,n.a.
42706,Jordan,"4,705",148,"4,556",1,"3,714",147,"3,567",0,"3,196",136,"3,060",0,"2,011",196,"1,815",0,"1,086",162,924,0,231,142,89,0,155,106,49,*,118,87,31,0,91,65,26,0,77,52,26,0,110,83,28,0,61,28,33,0,72,40,32,0,41,19,22,n.a.,57,40,17,0,98,61,37,0,219,40,179,n.a.,39,*,39,n.a.
16543,Kazakhstan,"5,688",280,"5,216",192,"4,278",169,"4,103",6,"4,043",227,"3,816",0,"3,052",529,"2,523",0,"3,885",581,"3,304",0,"3,798",614,"3,184",0,"3,329",406,"2,923",0,"2,993",724,"2,269",0,"1,422","1,008",406,8,750,232,513,4,"1,342",812,505,25,"1,288",953,328,7,336,6,330,0,346,n.a.,346,0,102,n.a.,102,0,140,2,138,0,121,1,120,n.a.,0,0,0,n.a.
53104,Kenya,"1,831","1,179",652,0,"1,787",882,905,0,"1,707",803,902,3,"2,054","1,038","1,008",8,958,787,54,118,444,436,8,0,223,214,9,0,192,187,5,0,103,95,6,2,40,32,7,0,32,24,8,0,15,7,8,0,21,3,17,0,17,2,15,0,22,6,15,0,16,5,11,0,36,19,17,n.a.,*,*,0,n.a.
60526,Kiribati,0,0,0,0,0,0,0,0,0,0,0,0,0,0,0,0,0,0,0,0,0,0,0,0,0,0,0,0,2,2,0,0,1,1,0,0,1,1,0,0,0,0,0,0,0,0,0,0,0,0,0,0,0,0,0,0,0,0,0,0,0,0,0,0,24,n.a.,24,n.a.,0,0,0,n.a.
44407,"Korea, North",0,0,0,0,0,0,0,0,0,0,0,0,0,0,0,0,0,0,0,0,0,0,0,0,0,0,0,0,0,0,0,0,0,0,0,0,0,0,0,0,0,0,0,0,0,0,0,0,0,0,0,0,0,0,0,0,0,0,0,0,0,0,0,0,0,0,0,n.a.,0,0,0,n.a.
43001,"Korea, South","263,113","241,627","20,309","1,177","177,375","153,931","22,754",689,"171,088","139,027","29,007","3,054","178,389","141,316","35,812","1,261","182,811","147,172","34,255","1,385","174,689","141,077","31,311","2,301","146,206","116,656","27,580","1,970","148,188","122,416","24,890",882,"104,826","87,915","16,328",583,"56,055","45,287","10,450",319,"139,606","129,272","9,859",476,"123,876","114,155","9,507",213,"118,507","110,264","8,243",0,"73,613","66,639","6,905",70,"53,429","49,121","4,217",91,"34,475","29,537","4,938",0,"15,262","4,428","10,834",n.a.,"6,925","4,352","2,573",n.a.
13471,Kosovo (7),0,0,0,0,0,0,0,0,0,0,0,0,0,0,0,0,0,0,0,0,n.a.,n.a.,n.a.,n.a.,n.a.,n.a.,n.a.,n.a.,n.a.,n.a.,n.a.,n.a.,n.a.,n.a.,n.a.,n.a.,n.a.,n.a.,n.a.,n.a.,n.a.,n.a.,n.a.,n.a.,n.a.,n.a.,n.a.,n.a.,n.a.,n.a.,n.a.,n.a.,n.a.,n.a.,n.a.,n.a.,n.a.,n.a.,n.a.,n.a.,n.a.,n.a.,n.a.,n.a.,n.a.,n.a.,n.a.,n.a.,n.a.,n.a.,n.a.,n.a.
43109,Kuwait,"2,593",640,"1,810",143,641,574,9,59,701,645,1,55,811,788,23,0,535,535,0,*,291,290,1,0,286,283,3,0,238,235,3,0,121,117,4,0,68,62,6,0,16,8,7,*,7,*,7,0,n.a.,n.a.,n.a.,n.a.,n.a.,n.a.,n.a.,n.a.,n.a.,n.a.,n.a.,n.a.,n.a.,n.a.,n.a.,n.a.,n.a.,n.a.,n.a.,n.a.,n.a.,n.a.,n.a.,n.a.
16551,Kyrgyzstan,0,0,0,0,0,0,0,0,0,0,0,0,0,0,0,0,*,*,0,0,*,*,0,0,0,0,0,0,0,0,0,0,0,0,0,0,0,0,0,0,0,0,0,0,0,0,0,0,0,0,0,0,11,n.a.,11,0,n.a.,0,n.a.,0,0,0,0,0,0,0,0,n.a.,0,0,0,n.a.
43303,Laos,0,0,0,0,0,0,0,0,0,0,0,0,0,0,0,0,0,0,0,0,0,0,0,0,0,0,0,0,0,0,0,0,0,0,0,0,0,0,0,0,0,0,0,0,0,0,0,0,0,0,0,0,0,0,0,0,0,0,0,0,0,0,0,0,0,0,0,n.a.,0,0,0,n.a.
15601,Latvia,219,13,206,0,495,31,465,0,470,15,454,0,670,6,664,0,786,23,763,0,780,6,774,0,148,6,142,0,13,13,*,0,10,10,*,0,4,3,1,0,18,18,*,0,14,13,*,0,12,10,3,0,8,4,4,0,n.a.,n.a.,0,0,13,13,0,0,4,4,0,n.a.,0,0,0,n.a.
43419,Lebanon,"3,916",57,"3,859",*,"2,686",79,"2,607",0,"1,260",88,943,229,"1,487",241,879,367,914,85,499,330,710,150,560,0,460,153,307,0,463,166,297,0,303,136,160,8,284,90,193,*,432,141,291,0,375,87,288,0,408,100,308,n.a.,223,49,174,0,151,23,127,0,87,38,49,0,813,133,680,n.a.,6,0,6,n.a.
53155,Lesotho,0,0,0,0,0,0,0,0,0,0,0,0,0,0,0,0,1,1,0,0,1,1,0,0,4,4,0,0,0,0,0,0,0,0,0,0,*,*,0,0,*,*,0,0,0,0,0,0,1,1,0,0,26,25,1,0,2,2,0,0,2,2,0,0,73,70,3,n.a.,0,0,0,n.a.
53201,Liberia,"16,169","14,762","1,407",0,"11,209","10,193","1,017",0,"12,983","11,636","1,347",0,"10,030","8,664","1,366",0,"4,850","3,575","1,254",21,"4,930","2,766","2,163",0,"3,983","2,103","1,880",0,"5,413","3,535","1,876",2,"4,120","2,153","1,965",3,"2,872","1,834","1,039",0,"6,772","5,054","1,718",0,"5,786","4,253","1,533",0,"6,748","5,172","1,576",0,"7,829","5,866","1,964",0,"4,328","2,589","1,739",0,"1,359",701,658,0,"1,400",924,476,n.a.,291,100,191,n.a.
53309,Libya,0,0,0,0,0,0,0,0,0,0,0,0,0,0,0,0,0,0,0,0,0,0,0,0,0,0,0,0,0,0,0,0,11,11,0,0,9,9,0,0,0,0,0,0,0,0,0,0,n.a.,n.a.,n.a.,n.a.,n.a.,n.a.,n.a.,n.a.,n.a.,n.a.,n.a.,n.a.,n.a.,n.a.,n.a.,n.a.,n.a.,n.a.,n.a.,n.a.,n.a.,n.a.,n.a.,n.a.
11606,Liechtenstein,58,57,1,0,60,59,1,0,58,57,1,0,79,78,1,0,92,92,0,0,70,70,0,0,104,104,0,0,300,299,*,0,216,206,10,0,192,183,9,0,263,253,10,0,244,241,2,0,66,66,n.a.,0,35,35,0,0,19,19,0,0,59,59,0,0,5,5,0,n.a.,70,70,0,n.a.
15709,Lithuania,"1,444",26,"1,417",0,"1,347",19,"1,328",0,"1,586",21,"1,565",0,"2,193",18,"2,175",0,"2,083",22,"2,060",0,"2,645",11,"2,634",0,"1,983",11,"1,971",0,"1,518",18,"1,499",0,792,21,771,0,44,12,32,0,74,29,45,0,41,9,32,0,52,20,33,0,5,3,1,0,28,3,25,0,51,3,48,0,41,14,27,n.a.,0,0,0,n.a.
11703,Luxembourg (2),"145,873","72,438","70,530","2,905","131,641","53,596","74,719","3,325","127,586","40,844","80,667","6,075","133,463","43,138","84,426","5,899","125,013","46,231","75,792","2,990","107,132","32,746","72,005","2,381","93,218","30,971","61,208","1,040","100,431","32,663","64,579","3,189","94,376","31,533","57,005","5,838","60,036","15,791","36,590","7,656","95,146","40,084","43,834","11,228","60,101","15,590","37,108","7,404","46,287","11,134","29,329","5,824","38,050","7,634","26,547","3,868","23,383","6,026","15,043","2,314","13,035","2,357","8,584","2,094","8,289","5,345","2,944",n.a.,n.a.,n.a.,n.a.,n.a.
43508,Macau,4,*,4,0,*,*,0,0,0,0,0,0,*,0,*,0,0,0,0,0,0,0,0,0,0,0,0,0,57,*,56,0,13,0,13,0,0,0,0,0,0,0,0,0,0,0,0,0,0,0,0,0,0,0,0,0,0,0,0,0,0,0,0,0,0,0,0,n.a.,0,0,0,n.a.
14419,Macedonia,568,0,568,0,385,0,385,0,295,0,295,0,208,0,208,0,7,0,7,0,14,0,14,0,8,0,8,0,13,0,13,0,1,0,1,0,0,0,0,0,0,0,0,0,0,0,0,0,53,0,53,0,40,0,40,0,42,0,42,0,34,0,34,0,20,0,20,n.a.,0,0,0,n.a.
53406,Madagascar,0,0,0,0,0,0,0,0,0,0,0,0,2,2,0,0,1,1,0,0,2,2,0,0,*,*,0,0,2,2,0,0,*,*,0,0,*,*,0,0,0,0,0,0,0,0,0,0,0,0,0,0,0,0,0,0,0,0,0,0,3,3,0,0,2,1,1,n.a.,0,0,0,n.a.
53503,Malawi,2,2,0,0,3,3,0,0,1,1,0,0,4,4,0,0,0,0,0,0,*,*,0,0,3,3,0,0,1,1,0,0,*,*,0,0,0,0,0,0,0,0,0,0,0,0,0,0,0,0,0,0,0,0,0,0,0,0,0,0,19,19,0,0,0,0,0,n.a.,0,0,0,n.a.
43605,Malaysia,"38,682","26,516","11,789",376,"29,795","18,870","10,538",387,"32,761","19,928","11,031","1,803","40,198","25,806","9,600","4,792","42,223","28,531","12,531","1,161","42,418","25,445","11,862","5,112","35,727","20,763","10,597","4,367","32,210","20,270","10,017","1,923","18,918","12,133","6,769",15,"11,936","6,673","5,163",100,"25,241","17,674","6,387","1,179","15,404","10,781","4,605",18,"11,282","6,934","4,348",0,"10,690","6,474","4,209",6,"7,954","4,075","3,878",n.a.,"4,258","2,578","1,680",0,"9,078","4,713","4,365",n.a.,"9,564","9,115",449,n.a.
43702,Maldives,16,0,16,0,0,0,0,0,0,0,0,0,0,0,0,0,0,0,0,0,0,0,0,0,0,0,0,0,0,0,0,0,0,0,0,0,0,0,0,0,0,0,0,0,0,0,0,0,0,0,0,0,0,0,0,0,0,0,0,0,0,0,0,0,n.a.,n.a.,0,n.a.,0,0,0,n.a.
53589,Mali,0,0,0,0,0,0,0,0,0,0,0,0,0,0,0,0,0,0,0,0,0,0,0,0,0,0,0,0,0,0,0,0,0,0,0,0,0,0,0,0,0,0,0,0,0,0,0,0,0,0,0,0,0,0,0,0,0,0,0,0,4,4,0,0,0,0,0,n.a.,0,0,0,n.a.
11819,Malta,"1,260",814,445,0,801,628,168,5,995,816,178,0,"1,035",403,630,1,303,157,145,1,181,60,121,0,138,39,99,0,88,1,87,0,82,13,69,0,101,13,88,0,127,50,71,5,155,82,73,0,96,n.a.,96,0,17,n.a.,17,0,19,n.a.,19,0,93,n.a.,93,0,148,0,148,n.a.,43,0,43,n.a.
61204,Marshall Islands,"15,304","12,640","2,664",0,"13,291","10,670","2,621",0,"14,091","11,460","2,631",0,"24,260","20,520","3,739",0,"21,280","18,209","3,070",0,"9,781","7,561","2,220",0,"8,160","6,585","1,575",0,"11,174","9,412","1,762",0,"7,221","6,182","1,039",0,"5,330","5,055",275,0,"13,603","13,113",490,0,"7,462","6,781",680,0,"5,546","5,047",498,0,"4,475","3,727",748,0,942,705,237,0,66,65,1,0,35,0,35,n.a.,72,0,72,n.a.
37001,Martinique,0,0,0,0,0,0,0,0,0,0,0,0,0,0,0,0,0,0,0,0,0,0,0,0,0,0,0,0,0,0,0,0,0,0,0,0,0,0,0,0,0,0,0,0,0,0,0,0,0,0,0,0,0,0,0,0,0,0,0,0,0,0,0,0,0,0,0,n.a.,0,0,0,n.a.
53708,Mauritania,0,0,0,0,1,1,0,0,170,170,0,0,136,136,0,0,61,61,0,0,45,45,0,0,19,19,0,0,0,0,0,0,0,0,0,0,0,0,0,0,*,0,*,0,*,0,*,0,n.a.,0,n.a.,0,0,0,0,0,0,0,0,0,0,0,0,0,0,0,0,n.a.,0,0,0,n.a.
53805,Mauritius,"19,490","18,865",624,1,"12,295","11,843",451,1,"10,233","10,022",210,1,"9,530","9,186",335,10,"7,031","6,927",90,13,"6,088","6,038",47,3,"4,768","4,717",50,2,"2,289","2,255",35,0,"1,484","1,451",33,0,956,936,20,0,"1,666","1,577",87,2,639,619,19,1,238,188,48,1,325,143,183,0,174,62,112,0,149,71,78,0,731,65,666,n.a.,3,3,0,n.a.
54518,Mayotte,*,*,0,0,0,0,0,0,0,0,0,0,0,0,0,0,1,1,0,0,3,3,0,0,7,7,0,0,0,0,0,0,0,0,0,0,0,0,0,0,0,0,0,0,0,0,0,0,n.a.,n.a.,n.a.,n.a.,n.a.,n.a.,n.a.,n.a.,n.a.,n.a.,n.a.,n.a.,n.a.,n.a.,n.a.,n.a.,n.a.,n.a.,n.a.,n.a.,n.a.,n.a.,n.a.,n.a.
31704,Mexico,"162,693","67,059","93,771","1,862","144,698","52,795","90,111","1,792","147,611","56,483","87,440","3,689","165,727","66,869","92,303","6,556","154,016","71,206","73,534","9,275","157,089","76,835","72,084","8,170","108,494","59,422","45,485","3,586","108,855","76,614","32,081",160,"87,654","65,061","22,555",38,"65,183","46,021","18,950",211,"110,041","85,698","23,911",432,"108,450","84,620","23,812",18,"86,107","57,876","28,198",34,"66,317","37,516","28,606",195,"56,241","28,529","27,615",96,"48,904","26,279","22,493",132,"63,751","34,965","28,786",n.a.,"51,526","34,665","16,861",n.a.
16306,Moldova,0,0,0,0,0,0,0,0,0,0,0,0,0,0,0,0,0,0,0,0,4,0,4,0,0,0,0,0,*,*,0,0,*,*,0,0,*,*,0,0,*,*,0,0,*,*,0,0,0,0,0,0,0,0,0,0,0,0,0,0,29,n.a.,29,0,39,n.a.,39,n.a.,0,0,0,n.a.
12009,Monaco,37,19,19,0,9,9,0,0,11,11,0,0,10,10,0,0,12,12,0,0,5,5,0,0,9,9,*,0,27,27,*,0,12,12,*,0,13,13,0,0,16,16,0,0,10,10,0,0,9,9,0,0,8,8,0,0,3,3,0,0,2,2,0,0,0,0,0,n.a.,25,25,0,n.a.
43818,Mongolia,"1,074",*,"1,073",0,596,*,596,0,473,*,472,*,240,*,240,*,276,0,276,0,339,0,339,0,17,*,17,0,6,0,6,0,*,0,*,0,*,0,*,0,*,0,*,0,0,0,0,0,0,0,0,0,0,0,0,0,1,0,1,0,0,0,0,0,0,0,0,n.a.,0,0,0,n.a.
13625,Montenegro (5),3,0,3,0,0,0,0,0,13,0,13,0,20,0,20,0,*,0,*,0,n.a.,n.a.,n.a.,n.a.,n.a.,n.a.,n.a.,n.a.,n.a.,n.a.,n.a.,n.a.,n.a.,n.a.,n.a.,n.a.,n.a.,n.a.,n.a.,n.a.,n.a.,n.a.,n.a.,n.a.,n.a.,n.a.,n.a.,n.a.,n.a.,n.a.,n.a.,n.a.,n.a.,n.a.,n.a.,n.a.,n.a.,n.a.,n.a.,n.a.,n.a.,n.a.,n.a.,n.a.,n.a.,n.a.,n.a.,n.a.,n.a.,n.a.,n.a.,n.a.
37109,Montserrat (3),0,0,0,0,0,0,0,0,0,0,0,0,0,0,0,0,0,0,0,0,0,0,0,0,0,0,0,0,0,0,0,0,0,0,0,0,0,0,0,0,0,0,0,0,0,0,0,0,0,0,0,0,0,0,0,0,0,0,0,0,0,0,0,0,0,0,0,n.a.,n.a.,n.a.,n.a.,n.a.
54003,Morocco,"2,249",487,"1,763",0,"2,427",579,"1,848",0,"2,336",427,"1,889",20,"2,267",529,"1,738",0,"1,085",399,686,0,"1,012",523,488,0,427,353,73,0,475,383,92,0,293,246,47,0,381,349,32,0,455,394,61,0,415,337,79,0,440,299,141,0,228,89,139,0,162,16,147,0,369,37,332,0,561,217,344,n.a.,365,24,341,n.a.
54089,Mozambique,96,0,96,0,73,0,73,0,0,0,0,0,0,0,0,0,0,0,0,0,0,0,0,0,0,0,0,0,0,0,0,0,0,0,0,0,0,0,0,0,0,0,0,0,0,0,0,0,0,0,0,0,0,0,0,0,0,0,0,0,3,3,0,0,0,0,0,n.a.,0,0,0,n.a.
54127,Namibia,446,231,215,0,350,72,277,0,294,1,293,0,169,48,121,0,92,5,87,0,130,1,129,0,166,2,165,0,1,1,0,0,4,4,0,0,3,3,0,0,3,3,0,0,2,2,0,0,1,1,0,0,1,1,0,0,3,n.a.,3,0,1,1,n.a.,0,132,130,2,n.a.,9,0,9,n.a.
61301,Nauru,0,0,0,0,0,0,0,0,0,0,0,0,0,0,0,0,0,0,0,0,0,0,0,0,0,0,0,0,0,0,0,0,0,0,0,0,*,*,0,0,*,*,0,0,*,*,0,0,0,0,0,0,0,0,0,0,0,0,0,0,0,0,0,0,0,0,0,n.a.,0,0,0,n.a.
44202,Nepal,0,0,0,0,0,0,0,0,0,0,0,0,0,0,0,0,*,*,0,0,*,*,0,0,*,*,0,0,0,0,0,0,0,0,0,0,0,0,0,0,0,0,0,0,0,0,0,0,0,0,0,0,0,0,0,0,0,0,0,0,0,0,0,0,0,0,0,n.a.,0,0,0,n.a.
12106,Netherlands,"537,731","344,669","185,239","7,823","435,909","262,566","167,591","5,752","404,133","249,862","141,035","13,236","388,031","232,733","142,091","13,207","386,449","230,462","138,604","17,383","292,188","151,636","129,110","11,441","241,758","119,460","109,591","12,706","232,886","120,456","103,229","9,200","232,918","108,803","106,172","17,943","169,343","76,571","74,919","17,852","235,281","154,111","76,497","4,672","234,066","161,493","67,871","4,701","191,883","132,769","51,760","7,353","202,361","136,467","55,077","10,817","182,193","115,792","57,988","8,413","149,082","112,751","30,624","5,707","120,150","106,984","13,166",n.a.,"47,464","38,054","9,410",n.a.
37206,Netherlands Antilles (5),n.a.,n.a.,n.a.,n.a.,n.a.,n.a.,n.a.,n.a.,n.a.,n.a.,n.a.,n.a.,n.a.,n.a.,n.a.,n.a.,n.a.,n.a.,n.a.,n.a.,"69,652","64,972","4,680",*,"69,707","65,844","3,863",0,"83,309","82,076","1,233",0,"57,310","56,189","1,119",3,"38,474","37,174","1,299",1,"89,358","88,063","1,287",8,"58,173","56,368","1,803",2,"47,222","45,378","1,844",n.a.,"30,277","28,730","1,522",25,"24,736","23,359","1,369",9,"16,046","14,544","1,327",175,"17,002","15,809","1,193",n.a.,"10,326","8,096","2,230",n.a.
61409,New Caledonia,0,0,0,0,0,0,0,0,0,0,0,0,0,0,0,0,0,0,0,0,0,0,0,0,0,0,0,0,0,0,0,0,0,0,0,0,0,0,0,0,*,*,0,0,0,0,0,0,0,0,0,0,0,0,0,0,0,0,0,0,0,0,0,0,1,1,0,n.a.,0,0,0,n.a.
61689,New Zealand,"20,468","9,627","10,529",313,"20,222","7,775","11,137","1,310","20,395","6,879","11,344","2,172","22,294","6,312","11,083","4,899","17,552","4,852","8,836","3,864","17,967","3,870","9,771","4,326","18,460","3,186","11,139","4,135","17,296","3,100","7,453","6,743","15,644","2,710","5,248","7,685","12,240","1,709","6,006","4,525","9,806","3,947","3,901","1,958","11,372","4,671","4,006","2,695","11,935","4,633","5,238","2,064","12,034","4,720","5,719","1,595","10,558","3,861","5,045","1,652","4,129","2,004","2,052",73,"8,817","5,311","3,506",n.a.,"6,283","4,300","1,983",n.a.
31801,Nicaragua,1,0,1,0,1,0,1,0,0,0,0,0,0,0,0,0,0,0,0,0,0,0,0,0,0,0,0,0,24,0,24,0,27,0,27,0,1,0,1,0,29,0,29,0,28,0,28,0,31,0,30,1,38,0,37,1,1,0,0,1,22,0,19,3,76,0,76,n.a.,7,0,7,n.a.
54208,Niger,0,0,0,0,0,0,0,0,0,0,0,0,0,0,0,0,0,0,0,0,0,0,0,0,0,0,0,0,3,3,0,0,3,3,0,0,2,2,0,0,0,0,0,0,0,0,0,0,0,0,0,0,0,0,0,0,0,0,0,0,0,0,0,0,0,0,0,n.a.,0,0,0,n.a.
54305,Nigeria,"4,188","1,294","2,037",857,"1,544",919,621,4,"2,261","1,457",804,0,"3,340","2,244","1,014",82,"4,965","2,528","1,612",825,"3,849","1,772",808,"1,268","1,026",804,195,27,668,667,1,0,262,257,5,0,274,91,96,88,459,231,227,1,89,10,79,0,n.a.,n.a.,n.a.,n.a.,n.a.,n.a.,n.a.,n.a.,n.a.,n.a.,n.a.,n.a.,n.a.,n.a.,n.a.,n.a.,n.a.,n.a.,n.a.,n.a.,n.a.,n.a.,n.a.,n.a.
61808,Niue Island,0,0,0,0,0,0,0,0,0,0,0,0,0,0,0,0,0,0,0,0,0,0,0,0,0,0,0,0,0,0,0,0,0,0,0,0,0,0,0,0,0,0,0,0,0,0,0,0,0,0,0,0,0,0,0,0,0,0,0,0,0,0,0,0,0,0,0,n.a.,0,0,0,n.a.
12203,Norway,"71,188","35,554","25,438","10,196","59,174","27,070","24,623","7,481","57,893","22,298","27,372","8,223","72,895","25,048","32,557","15,290","76,844","28,683","34,532","13,628","73,282","24,420","32,558","16,304","62,538","21,267","29,445","11,826","56,074","23,008","23,600","9,466","52,354","22,861","17,048","12,445","33,349","13,426","10,558","9,365","67,937","46,404","15,239","6,294","50,573","32,096","14,632","3,845","36,334","22,023","9,455","4,856","30,477","18,153","10,270","2,055","21,244","11,972","8,195","1,076","14,641","7,906","5,925",810,"14,267","9,494","4,773",n.a.,"6,349","3,929","2,420",n.a.
44105,Oman,"1,780",162,"1,617",0,683,302,379,2,346,334,12,0,750,630,121,0,485,475,10,1,387,387,*,0,280,280,*,0,306,306,*,0,233,233,*,0,263,262,0,*,788,788,0,0,254,254,0,0,n.a.,n.a.,n.a.,n.a.,n.a.,n.a.,n.a.,n.a.,n.a.,n.a.,n.a.,n.a.,n.a.,n.a.,n.a.,n.a.,n.a.,n.a.,n.a.,n.a.,n.a.,n.a.,n.a.,n.a.
44709,Pakistan,"3,430","2,132","1,298",0,"3,758","2,776",982,*,"2,783","1,818",965,0,"2,932","2,076",856,0,"1,420","1,272",148,0,"1,323","1,027",296,0,917,683,234,0,"1,174",886,288,0,785,494,290,0,631,435,196,0,"1,759","1,444",315,*,"1,026",780,246,0,389,364,25,0,147,111,36,0,133,85,48,0,180,86,94,0,"1,521","1,180",341,n.a.,226,226,0,n.a.
62502,Palau,0,0,0,0,0,0,0,0,0,0,0,0,0,0,0,0,0,0,0,0,0,0,0,0,0,0,0,0,0,0,0,0,0,0,0,0,0,0,0,0,0,0,0,0,0,0,0,0,0,0,0,0,0,0,0,0,0,0,0,0,0,0,0,0,1,n.a.,1,n.a.,0,0,0,n.a.
31887,Panama,"33,928","25,606","8,065",258,"29,348","21,545","7,763",41,"27,240","19,877","7,363",0,"27,154","19,963","6,864",326,"27,872","21,895","5,938",38,"23,337","18,058","5,251",27,"20,710","16,215","4,358",137,"25,609","21,842","3,641",126,"20,530","17,339","3,104",87,"14,814","11,718","3,094",2,"29,453","25,305","4,146",3,"26,069","21,340","4,728",1,"26,151","20,998","4,940",213,"24,303","19,450","4,830",24,"18,648","14,822","3,761",65,"9,956","7,450","2,418",88,"6,595","3,556","3,039",n.a.,"2,208","2,152",56,n.a.
61751,Papua New Guinea,"1,958","1,958",0,0,"1,790","1,790",0,0,"1,616","1,616",0,0,"1,562","1,562",0,0,"1,672","1,672",0,0,"1,479","1,479",0,0,"1,355","1,355",0,0,"1,310","1,310",0,0,"2,802","2,802",0,0,"1,820","1,820",0,0,"2,429","2,429",0,0,"1,298","1,298",0,0,782,782,0,0,314,314,0,0,235,235,0,0,155,155,0,0,174,165,9,n.a.,55,55,0,n.a.
32107,Paraguay,"1,048",0,"1,048",0,933,1,923,9,"1,028",50,978,0,"1,044",51,992,0,393,0,393,0,218,0,218,0,47,20,27,0,5,5,0,0,5,5,0,0,3,3,0,0,*,0,0,*,0,0,0,0,0,0,0,0,0,0,0,0,0,0,0,0,0,0,0,0,81,n.a.,81,n.a.,1,1,0,n.a.
32204,Peru,"12,941","2,502","10,438",0,"10,253","1,871","8,382",0,"8,709",900,"7,809",0,"10,437","1,693","8,744",0,"9,478","1,973","7,505",0,"10,830","3,418","7,412",0,"8,901","3,162","5,738",0,"7,576","3,459","4,117",0,"4,978","2,218","2,760",0,"3,576","1,292","2,134",150,"4,612","1,682","2,656",274,"3,763",925,"2,838",0,"4,588",870,"3,718",0,"3,875",666,"3,208",1,"3,999","1,087","2,912",0,"1,673",452,"1,221",0,"3,544","2,341","1,203",n.a.,463,449,14,n.a.
44806,Philippines,"27,545","20,908","6,637",0,"22,749","15,756","6,293",700,"23,207","16,308","6,397",502,"26,842","18,295","8,164",383,"22,159","13,862","7,032","1,265","22,417","14,583","7,302",531,"17,855","9,264","8,079",512,"16,533","9,026","7,419",87,"9,326","6,110","3,216",0,"7,098","4,279","2,816",2,"14,472","9,910","4,560",2,"10,989","6,050","4,939",*,"7,179","3,068","4,111",0,"5,690","2,222","3,468",0,"5,045","1,634","3,403",9,"4,015","1,344","2,671",0,"7,327","2,848","4,479",n.a.,"2,491","1,910",581,n.a.
62103,Pitcairn Island,0,0,0,0,0,0,0,0,0,0,0,0,0,0,0,0,0,0,0,0,0,0,0,0,0,0,0,0,0,0,0,0,0,0,0,0,0,0,0,0,0,0,0,0,0,0,0,0,0,0,0,0,0,0,0,0,0,0,0,0,0,0,0,0,0,0,0,n.a.,0,0,0,n.a.
15768,Poland,"26,669","13,677","12,992",0,"20,003","9,108","10,895",0,"21,599","8,123","13,476",0,"28,136","10,108","18,029",0,"31,585","10,866","20,720",0,"33,664","10,209","23,456",0,"24,221","7,083","17,138",0,"21,810","8,756","12,979",75,"13,968","5,243","8,718",7,"7,841","4,383","3,451",7,"13,866","9,082","4,784",0,"11,816","7,384","4,432",0,"7,537","4,562","2,974",1,"5,625","3,072","2,552",1,"3,481","1,671","1,809",1,"3,099","1,197","1,901",1,"4,495","1,618","2,877",n.a.,95,75,20,n.a.
12319,Portugal,"14,924","8,944","5,037",943,"10,624","7,528","3,040",55,"12,405","7,479","4,926",0,"13,282","6,428","6,854",*,"10,687","7,421","3,264",1,"6,426","4,528","1,873",24,"4,247","3,569",679,0,"5,991","5,363",583,45,"6,178","5,242",936,0,"3,822","3,382",432,8,"8,713","6,111","2,232",370,"6,485","5,982",460,43,"6,053","5,323",643,87,"6,386","5,505",807,73,"5,276","3,949","1,128",199,"4,506","3,819",531,156,"8,233","6,993","1,240",n.a.,"1,323","1,106",217,n.a.
45101,Qatar,"7,774","3,439","3,974",361,"6,415","3,228","3,187",0,"5,299","2,428","2,871",0,"6,322","2,842","3,480",0,"6,679","1,570","5,110",0,"7,314",786,"6,528",0,"8,144",708,"7,436",0,"8,012",652,"7,361",0,"7,539",366,"7,173",0,"3,187",393,"2,794",0,"4,674",354,"4,320",0,"3,939",*,"3,939",0,n.a.,n.a.,n.a.,n.a.,n.a.,n.a.,n.a.,n.a.,n.a.,n.a.,n.a.,n.a.,n.a.,n.a.,n.a.,n.a.,n.a.,n.a.,n.a.,n.a.,n.a.,n.a.,n.a.,n.a.
54607,Reunion,0,0,0,0,0,0,0,0,0,0,0,0,0,0,0,0,0,0,0,0,0,0,0,0,0,0,0,0,*,0,*,0,1,0,1,0,2,*,2,*,0,0,0,0,0,0,0,0,0,0,0,0,0,0,0,0,0,0,0,0,0,0,0,0,0,0,0,n.a.,0,0,0,n.a.
15806,Romania,"4,196",845,"3,351",0,"3,684",933,"2,681",71,"3,690",973,"2,717",0,"4,813","1,306","3,507",0,"3,252",950,"2,261",41,"1,987",933,"1,054",0,"1,149",716,43,390,211,203,5,3,184,184,*,0,151,151,*,0,622,612,1,9,380,372,9,0,251,249,2,0,172,120,52,0,151,24,127,0,13,3,10,0,211,4,207,n.a.,0,0,0,n.a.
16101,Russia (U.S.S.R. until 1989),"69,191","55,702","13,474",14,"61,740","51,570","10,170",0,"39,625","32,051","7,574",0,"40,745","30,970","9,775",0,"70,899","57,298","13,601",0,"66,532","54,717","11,814",*,"51,334","42,858","8,476",0,"62,285","55,553","6,732",0,"50,814","45,355","5,459",0,"24,616","19,764","4,832",20,"80,947","74,412","6,523",13,"48,441","40,291","8,130",20,"28,764","18,631","10,133",0,"21,314","10,775","10,540",0,"21,554","13,259","8,296",0,"10,208","4,613","5,595",0,"12,153","8,457","3,696",n.a.,47,16,31,n.a.
55018,Rwanda,100,0,100,0,116,0,116,0,131,0,131,0,92,0,92,0,125,0,125,0,0,0,0,0,0,0,0,0,0,0,0,0,0,0,0,0,0,0,0,0,0,0,0,0,0,0,0,0,0,0,0,0,0,0,0,0,0,0,0,0,0,0,0,0,n.a.,n.a.,0,n.a.,0,0,0,n.a.
55107,Saint Helena,0,0,0,0,0,0,0,0,0,0,0,0,0,0,0,0,0,0,0,0,0,0,0,0,0,0,0,0,0,0,0,0,0,0,0,0,0,0,0,0,0,0,0,0,0,0,0,0,0,0,0,0,0,0,0,0,0,0,0,0,0,0,0,0,0,0,0,n.a.,0,0,0,n.a.
37303,Saint Kitts and Nevis,0,0,0,0,0,0,0,0,0,0,0,0,0,0,0,0,*,*,0,0,*,*,0,0,0,0,0,0,0,0,0,0,*,*,0,0,*,*,0,0,*,*,0,0,3,3,0,0,3,3,0,0,n.a.,n.a.,0,0,n.a.,n.a.,0,0,0,0,0,0,n.a.,n.a.,0,n.a.,0,0,0,n.a.
37508,Saint Lucia,*,*,0,0,0,0,0,0,9,0,9,0,11,0,11,0,14,0,14,0,18,0,18,0,43,2,41,0,19,0,19,0,15,0,15,0,37,0,37,0,62,0,62,0,66,0,66,0,98,0,98,0,49,0,49,0,0,0,0,0,0,0,0,0,0,0,0,n.a.,0,0,0,n.a.
62219,Saint Pierre & Miquelon,0,0,0,0,0,0,0,0,0,0,0,0,0,0,0,0,0,0,0,0,0,0,0,0,0,0,0,0,0,0,0,0,0,0,0,0,0,0,0,0,0,0,0,0,0,0,0,0,0,0,0,0,0,0,0,0,0,0,0,0,0,0,0,0,0,0,0,n.a.,0,0,0,n.a.
37605,Saint Vincent & the Grenadines,*,0,*,0,*,0,*,0,1,0,1,0,2,0,2,0,1,0,1,0,1,0,1,0,1,0,1,0,1,0,1,0,10,0,10,0,10,0,10,0,0,0,0,0,0,0,0,0,0,0,0,0,0,0,0,0,0,0,0,0,0,0,0,0,0,0,0,n.a.,1,0,1,n.a.
62618,Samoa,0,0,0,0,0,0,0,0,0,0,0,0,0,0,0,0,0,0,0,0,0,0,0,0,0,0,0,0,0,0,0,0,0,0,0,0,0,0,0,0,0,0,0,0,0,0,0,0,0,0,0,0,0,0,0,0,0,0,0,0,0,0,0,0,0,0,0,n.a.,0,0,0,n.a.
12408,San Marino,0,0,0,0,0,0,0,0,0,0,0,0,0,0,0,0,0,0,0,0,0,0,0,0,0,0,0,0,0,0,0,0,0,0,0,0,0,0,0,0,0,0,0,0,0,0,0,0,0,0,0,0,0,0,0,0,0,0,0,0,0,0,0,0,0,0,0,n.a.,0,0,0,n.a.
55204,Sao Tome and Principe,0,0,0,0,0,0,0,0,0,0,0,0,0,0,0,0,0,0,0,0,0,0,0,0,0,0,0,0,0,0,0,0,0,0,0,0,0,0,0,0,0,0,0,0,0,0,0,0,0,0,0,0,0,0,0,0,0,0,0,0,0,0,0,0,33,0,33,n.a.,0,0,0,n.a.
45608,Saudi Arabia,"7,823",532,"7,291",0,"3,907",116,"3,791",0,9,5,3,0,0,0,0,0,*,0,*,*,84,14,0,70,84,2,*,82,39,3,36,0,60,3,57,0,48,2,45,1,98,4,91,3,54,*,52,2,n.a.,n.a.,n.a.,n.a.,n.a.,n.a.,n.a.,n.a.,n.a.,n.a.,n.a.,n.a.,n.a.,n.a.,n.a.,n.a.,n.a.,n.a.,n.a.,n.a.,n.a.,n.a.,n.a.,n.a.
55301,Senegal,687,33,654,0,255,24,231,0,297,47,230,20,292,43,249,0,57,20,37,0,39,4,35,0,76,18,58,0,36,21,15,0,11,3,8,0,1,1,0,0,2,2,0,0,1,0,*,1,n.a.,n.a.,0,0,n.a.,n.a.,0,0,n.a.,n.a.,0,0,0,0,0,0,7,4,3,n.a.,1,1,0,n.a.
13218,Serbia,"2,865",11,"2,853",0,"2,614",7,"2,608",0,"3,265",5,"3,260",0,"2,939",13,"2,926",0,"2,464",11,"2,452",0,"1,314",16,"1,298",0,437,29,407,0,124,12,112,0,118,6,112,0,100,2,99,0,272,201,71,0,205,105,100,0,108,7,101,0,1,0,1,0,15,0,15,0,1,0,1,0,13,n.a.,13,n.a.,0,0,0,n.a.
55409,Seychelles,7,*,7,0,29,*,29,0,31,*,31,0,27,*,27,0,21,*,21,0,16,*,16,0,27,12,15,0,7,0,7,0,2,0,2,0,1,0,1,0,58,0,58,0,2,0,2,0,0,0,0,0,0,0,0,0,1,1,0,0,0,0,0,0,52,6,46,n.a.,0,0,0,n.a.
55506,Sierra Leone,0,0,0,0,0,0,0,0,0,0,0,0,0,0,0,0,0,0,0,0,0,0,0,0,0,0,0,0,0,0,0,0,0,0,0,0,0,0,0,0,0,0,0,0,0,0,0,0,0,0,0,0,0,0,0,0,n.a.,n.a.,0,0,0,0,0,0,1,1,0,n.a.,0,0,0,n.a.
46019,Singapore,"170,699","142,929","10,931","16,840","114,964","100,147","8,158","6,659","98,913","81,065","8,858","8,990","98,045","73,414","9,562","15,069","89,055","62,081","8,217","18,757","72,896","59,482","9,087","4,327","59,552","47,987","9,751","1,814","63,907","56,356","7,190",362,"52,104","45,424","6,649",31,"30,480","24,028","6,453",0,"64,732","55,598","9,069",65,"52,731","43,911","8,518",302,"36,361","29,109","6,938",314,"29,195","23,968","5,113",114,"25,001","21,932","2,951",118,"22,818","21,376","1,442",0,"10,735","10,185",550,n.a.,"6,838","6,832",6,n.a.
15318,Slovakia,386,*,386,0,281,9,272,0,345,11,334,0,332,*,332,0,484,14,471,0,651,*,651,0,308,*,203,105,50,*,50,0,31,*,31,0,31,*,31,0,71,*,70,0,299,*,299,0,309,1,309,0,190,n.a.,190,0,88,14,74,0,133,3,130,0,184,87,97,n.a.,1,1,0,n.a.
14338,Slovenia,"1,706",139,"1,410",156,"2,157",135,"2,023",0,"5,156",185,"4,971",0,"6,183",217,"5,836",130,"4,012",234,"3,778",0,"1,360",161,"1,198",0,255,169,26,60,262,191,71,0,222,182,40,0,164,133,31,0,351,318,34,0,144,116,28,0,79,48,31,0,37,1,36,0,87,13,74,0,14,4,10,0,224,56,168,n.a.,0,0,0,n.a.
62308,Solomon Islands,0,0,0,0,0,0,0,0,0,0,0,0,0,0,0,0,0,0,0,0,0,0,0,0,0,0,0,0,0,0,0,0,0,0,0,0,0,0,0,0,0,0,0,0,0,0,0,0,0,0,0,0,0,0,0,0,0,0,0,0,0,0,0,0,n.a.,n.a.,0,n.a.,0,0,0,n.a.
55603,Somalia,0,0,0,0,0,0,0,0,0,0,0,0,0,0,0,0,0,0,0,0,0,0,0,0,0,0,0,0,0,0,0,0,0,0,0,0,0,0,0,0,0,0,0,0,0,0,0,0,0,0,0,0,0,0,0,0,n.a.,n.a.,0,0,0,0,0,0,6,3,3,n.a.,0,0,0,n.a.
55719,South Africa,"115,362","100,920","14,414",29,"78,935","67,504","11,431",0,"62,855","54,238","8,617",0,"83,045","71,090","11,856",99,"76,665","64,597","12,066",2,"85,830","71,286","14,538",6,"70,511","58,564","11,937",10,"77,934","70,343","7,591",0,"53,519","49,465","4,054",0,"32,218","29,639","2,529",50,"53,159","49,147","3,917",95,"42,686","39,586","2,960",141,"34,211","31,605","2,607",0,"24,647","21,600","3,047",n.a.,"17,849","15,101","2,748",0,"7,861","6,714","1,147",0,"12,541","9,937","2,604",n.a.,"5,179","4,438",741,n.a.
53392,South Sudan,0,0,0,0,0,0,0,0,0,0,0,0,0,0,0,0,0,0,0,0,n.a.,n.a.,n.a.,n.a.,n.a.,n.a.,n.a.,n.a.,n.a.,n.a.,n.a.,n.a.,n.a.,n.a.,n.a.,n.a.,n.a.,n.a.,n.a.,n.a.,n.a.,n.a.,n.a.,n.a.,n.a.,n.a.,n.a.,n.a.,n.a.,n.a.,n.a.,n.a.,n.a.,n.a.,n.a.,n.a.,n.a.,n.a.,n.a.,n.a.,n.a.,n.a.,n.a.,n.a.,n.a.,n.a.,n.a.,n.a.,n.a.,n.a.,n.a.,n.a.
12505,Spain,"158,215","125,204","30,514","2,497","112,411","91,882","19,489","1,041","115,177","90,008","25,016",153,"132,983","92,502","40,059",422,"132,955","91,934","38,456","2,565","98,894","63,350","33,011","2,532","75,689","53,449","22,201",39,"87,078","65,510","21,209",359,"113,469","87,442","25,808",219,"93,205","63,299","24,840","5,066","146,451","106,666","37,843","1,942","110,957","85,600","24,172","1,184","69,821","63,514","5,712",595,"68,905","63,002","5,072",831,"51,547","43,801","6,293","1,453","39,922","32,455","7,370",97,"32,145","25,223","6,922",n.a.,"24,493","13,733","10,760",n.a.
41319,Sri Lanka,"4,461",497,"3,924",40,"3,868",469,"3,384",15,"3,391",540,"2,838",13,"3,929",820,"2,790",319,"3,359",586,"2,438",335,"2,638",557,"1,759",322,"2,011",529,"1,317",165,"1,832",704,"1,106",22,"1,026",223,793,9,145,64,80,0,285,166,115,4,183,152,30,0,93,74,19,0,79,31,49,n.a.,87,33,55,0,158,35,123,0,193,133,60,n.a.,86,86,0,n.a.
36196,St. Maarten (5),0,0,0,0,0,0,0,0,47,0,47,0,50,0,50,0,0,0,0,0,n.a.,n.a.,n.a.,n.a.,n.a.,n.a.,n.a.,n.a.,n.a.,n.a.,n.a.,n.a.,n.a.,n.a.,n.a.,n.a.,n.a.,n.a.,n.a.,n.a.,n.a.,n.a.,n.a.,n.a.,n.a.,n.a.,n.a.,n.a.,n.a.,n.a.,n.a.,n.a.,n.a.,n.a.,n.a.,n.a.,n.a.,n.a.,n.a.,n.a.,n.a.,n.a.,n.a.,n.a.,n.a.,n.a.,n.a.,n.a.,n.a.,n.a.,n.a.,n.a.
36471,St. Martin and St. Barthelemy (6),0,0,0,0,0,0,0,0,0,0,0,0,0,0,0,0,0,0,0,0,n.a.,n.a.,n.a.,n.a.,n.a.,n.a.,n.a.,n.a.,n.a.,n.a.,n.a.,n.a.,n.a.,n.a.,n.a.,n.a.,n.a.,n.a.,n.a.,n.a.,n.a.,n.a.,n.a.,n.a.,n.a.,n.a.,n.a.,n.a.,n.a.,n.a.,n.a.,n.a.,n.a.,n.a.,n.a.,n.a.,n.a.,n.a.,n.a.,n.a.,n.a.,n.a.,n.a.,n.a.,n.a.,n.a.,n.a.,n.a.,n.a.,n.a.,n.a.,n.a.
56103,Sudan,0,0,0,0,0,0,0,0,0,0,0,0,0,0,0,0,0,0,0,0,0,0,0,0,0,0,0,0,0,0,0,0,0,0,0,0,0,0,0,0,0,0,0,0,0,0,0,0,0,0,0,0,0,0,0,0,0,0,0,0,0,0,0,0,n.a.,n.a.,0,n.a.,0,0,0,n.a.
37702,Suriname,188,0,188,0,257,0,257,0,0,0,0,0,0,0,0,0,0,0,0,0,0,0,0,0,0,0,0,0,0,0,0,0,0,0,0,0,0,0,0,0,0,0,0,0,0,0,0,0,0,0,0,0,0,0,0,0,0,0,0,0,0,0,0,0,46,46,0,n.a.,0,0,0,n.a.
56219,Swaziland,0,0,0,0,0,0,0,0,0,0,0,0,0,0,0,0,590,490,0,100,412,412,0,0,76,*,0,76,3,3,0,0,3,3,0,0,2,2,0,0,0,0,0,0,0,0,0,0,3,0,3,0,3,n.a.,3,0,5,0,5,0,3,n.a.,3,0,1,1,0,n.a.,0,0,0,n.a.
12602,Sweden,"172,330","106,832","42,976","22,522","134,131","85,434","30,301","18,396","137,502","86,325","31,749","19,428","164,729","85,216","40,143","39,370","164,526","87,542","43,407","33,576","121,567","66,354","31,048","24,165","115,419","53,863","33,918","27,638","122,100","63,221","29,798","29,081","75,743","43,980","25,528","6,236","59,358","30,320","20,199","8,840","112,081","57,411","29,117","25,553","102,066","59,433","23,829","18,805","74,618","40,530","16,481","17,608","62,398","38,284","14,577","9,537","45,257","27,529","12,755","4,973","36,830","24,274","9,332","3,224","51,886","38,784","13,102",n.a.,"21,925","11,769","10,156",n.a.
12688,Switzerland,"505,951","477,416","26,182","2,353","421,007","407,266","10,997","2,744","419,714","407,132","10,743","1,840","423,864","409,276","10,222","4,366","442,517","429,733","8,579","4,205","335,223","323,957","8,022","3,244","292,024","277,743","5,067","9,215","327,036","319,376","5,884","1,776","305,011","298,270","6,109",632,"218,388","214,282","3,870",236,"287,877","280,958","3,630","3,290","264,243","262,620","1,208",415,"196,135","191,812","2,185","2,139","142,013","138,187","1,551","2,274","119,715","117,910","1,090",715,"76,627","75,587",767,273,"63,140","61,897","1,243",n.a.,"21,073","20,962",111,n.a.
46205,Syria,0,0,0,0,0,0,0,0,0,0,0,0,0,0,0,0,0,0,0,0,0,0,0,0,0,0,0,0,0,0,0,0,0,0,0,0,0,0,0,0,0,0,0,0,0,0,0,0,0,0,0,0,0,0,0,0,0,0,0,0,0,0,0,0,0,0,0,n.a.,0,0,0,n.a.
46302,Taiwan,"177,729","177,703",26,0,"130,336","130,254",82,0,"107,699","107,545",154,0,"114,402","114,115",287,0,"98,142","97,973",168,0,"87,640","87,433",207,0,"72,146","71,800",346,0,"94,656","94,279",377,0,"76,859","76,631",227,0,"41,418","41,195",223,0,"81,202","81,034",168,0,"74,449","74,228",220,0,"57,877","57,088",789,n.a.,"34,887","34,554",331,2,"27,230","26,970",258,2,"19,860","19,607",253,0,"6,227","4,939","1,288",n.a.,531,468,63,n.a.
16578,Tajikistan,47,0,47,0,0,0,0,0,0,0,0,0,0,0,0,0,0,0,0,0,0,0,0,0,0,0,0,0,0,0,0,0,0,0,0,0,0,0,0,0,0,0,0,0,0,0,0,0,0,0,0,0,0,0,0,0,0,0,0,0,0,0,0,0,0,0,0,n.a.,0,0,0,n.a.
56405,Tanzania,315,44,271,0,375,54,321,0,289,68,222,0,249,10,239,0,196,*,195,0,0,0,0,0,0,0,0,0,0,0,0,0,0,0,0,0,0,0,0,0,0,0,0,0,0,0,0,0,0,0,0,0,0,0,0,0,0,0,0,0,7,7,0,0,n.a.,n.a.,0,n.a.,0,0,0,n.a.
46418,Thailand,"51,056","46,660","4,387",8,"37,323","34,371","2,952",0,"29,764","27,037","2,727",0,"37,650","34,381","3,270",0,"32,696","28,710","3,686",300,"36,731","33,322","3,221",189,"23,167","21,293","1,862",12,"23,034","20,999","1,953",82,"14,222","12,962","1,239",21,"7,619","6,670",873,76,"16,843","15,998",835,10,"13,047","11,054","1,702",290,"10,538","8,992","1,400",145,"7,113","5,961","1,136",16,"7,339","6,477",835,27,"2,698","1,916",782,0,"5,624","2,158","3,466",n.a.,"4,793","4,113",680,n.a.
56502,Togo,27,27,0,0,52,52,0,0,136,136,0,0,51,51,0,0,17,17,0,0,*,*,0,0,2,2,0,0,8,8,0,0,1,1,0,0,2,2,0,0,0,0,0,0,0,0,0,0,0,0,0,0,0,0,0,0,0,0,0,0,0,0,0,0,0,0,0,n.a.,0,0,0,n.a.
62405,Tokelau Islands,0,0,0,0,0,0,0,0,0,0,0,0,0,0,0,0,0,0,0,0,0,0,0,0,0,0,0,0,0,0,0,0,0,0,0,0,0,0,0,0,0,0,0,0,0,0,0,0,0,0,0,0,0,0,0,0,n.a.,n.a.,0,0,0,0,0,0,20,n.a.,20,n.a.,0,0,0,n.a.
62448,Tonga,0,0,0,0,0,0,0,0,0,0,0,0,0,0,0,0,0,0,0,0,0,0,0,0,0,0,0,0,0,0,0,0,0,0,0,0,0,0,0,0,0,0,0,0,0,0,0,0,0,0,0,0,0,0,0,0,0,0,0,0,0,0,0,0,50,0,50,n.a.,0,0,0,n.a.
32409,Trinidad and Tobago,677,0,677,0,810,0,810,0,720,*,720,0,900,2,898,0,"1,058",4,"1,054",0,"1,160",4,"1,156",0,"1,145",4,"1,142",0,"1,175",3,"1,172",0,"1,403",2,"1,401",0,"1,121",*,"1,121",0,"1,477",*,"1,477",0,711,*,711,0,516,2,488,26,503,5,472,26,632,n.a.,606,26,495,158,311,26,464,1,463,n.a.,83,2,81,n.a.
56707,Tunisia,"1,842",44,"1,798",0,"1,780",61,"1,719",0,"1,216",78,"1,139",0,953,61,892,0,562,50,512,0,461,31,431,0,446,29,417,0,560,14,546,0,463,11,452,0,407,8,399,0,505,4,501,0,607,4,604,0,639,n.a.,639,0,588,n.a.,588,0,"1,280",n.a.,"1,280",0,168,4,164,0,280,0,280,n.a.,37,0,37,n.a.
12807,Turkey,"39,814","22,572","17,242",0,"29,666","16,002","13,663",0,"33,510","17,315","16,196",0,"47,533","27,409","20,077",47,"38,597","21,941","16,520",136,"50,124","30,788","19,199",137,"28,684","17,287","11,151",246,"40,088","30,579","9,435",74,"28,526","21,302","7,183",41,"15,849","9,908","5,939",3,"25,093","19,705","5,388",0,"15,284","11,180","4,045",59,"14,201","11,122","3,056",22,"8,224","5,561","2,577",87,"5,716","3,781","1,932",3,"3,539","2,269","1,256",14,"7,010","6,005","1,005",n.a.,963,630,333,n.a.
16616,Turkmenistan,0,0,0,0,0,0,0,0,0,0,0,0,0,0,0,0,0,0,0,0,0,0,0,0,0,0,0,0,0,0,0,0,0,0,0,0,0,0,0,0,0,0,0,0,0,0,0,0,0,0,0,0,0,0,0,0,0,0,0,0,0,0,0,0,0,0,0,n.a.,0,0,0,n.a.
37818,Turks & Caicos Islands (3),42,1,42,0,325,0,325,0,407,0,407,0,416,*,416,0,108,0,108,0,121,0,121,0,119,0,119,0,1,*,1,0,*,*,0,0,*,*,0,0,*,*,0,0,*,*,0,0,n.a.,n.a.,0,0,n.a.,n.a.,0,0,57,57,0,0,32,32,0,0,419,384,35,n.a.,n.a.,n.a.,n.a.,n.a.
60518,Tuvalu,0,0,0,0,0,0,0,0,0,0,0,0,0,0,0,0,0,0,0,0,0,0,0,0,0,0,0,0,0,0,0,0,0,0,0,0,0,0,0,0,0,0,0,0,0,0,0,0,0,0,0,0,0,0,0,0,0,0,0,0,0,0,0,0,0,0,0,n.a.,0,0,0,n.a.
46604,United Arab Emirates,"18,801","8,647","7,816","2,338","10,891","7,265","3,333",293,"9,094","6,029","3,065",0,"9,196","5,286","3,899",10,"7,779","3,735","4,044",0,"6,171","1,569","4,589",13,"5,360","1,006","4,110",243,"4,836",962,"3,863",10,"4,111",596,"3,515",0,"3,213",314,"2,898",0,"4,375",832,"3,543",0,"1,184",29,"1,154",1,n.a.,n.a.,n.a.,n.a.,n.a.,n.a.,n.a.,n.a.,n.a.,n.a.,n.a.,n.a.,n.a.,n.a.,n.a.,n.a.,n.a.,n.a.,n.a.,n.a.,n.a.,n.a.,n.a.,n.a.
56804,Uganda,42,21,22,0,41,12,29,0,147,48,90,8,252,58,149,44,43,19,23,1,54,21,13,20,17,2,1,14,*,*,0,0,6,1,5,0,2,1,1,0,1,0,0,1,0,0,0,0,0,0,0,0,0,0,0,0,n.a.,0,0,n.a.,5,5,0,0,1,1,0,n.a.,0,0,0,n.a.
16403,Ukraine,"8,978",11,"8,684",283,"8,373",215,"8,158",0,"6,985",194,"6,791",0,"4,762",259,"4,502",0,"6,483",262,"6,221",0,"5,741",264,"5,311",165,"3,121",230,"2,890",0,"1,788",149,"1,640",0,960,110,850,0,931,115,816,0,"2,137",643,"1,495",0,"1,506",235,"1,272",0,"1,276",50,"1,226",0,"1,552",25,"1,524",3,603,17,586,0,203,2,201,0,90,61,29,n.a.,0,0,0,n.a.
13005,United Kingdom (4),"1,473,490","1,091,108","335,926","46,456","1,195,918","878,262","286,924","30,733","1,239,501","896,659","302,252","40,591","1,300,299","922,176","312,287","65,836","1,344,095","978,137","294,123","71,835","1,139,328","769,231","295,602","74,495","989,273","641,919","285,163","62,191","1,001,456","626,428","252,478","122,549","958,257","561,670","240,252","156,334","647,361","376,861","185,386","85,114","1,143,104","715,494","286,661","140,948","1,075,579","673,978","245,365","156,236","814,784","537,891","184,958","91,935","737,754","455,919","171,446","110,390","663,110","420,675","143,280","99,155","512,975","350,014","80,868","82,093","271,680","217,525","54,155",n.a.,"119,607","99,729","19,878",n.a.
32603,Uruguay,"5,310",*,"5,263",47,"3,573",29,"3,544",0,"3,755",60,"3,695",1,"3,484",39,"3,423",22,"3,168",42,"3,098",28,"3,336",1,"3,269",66,"2,263",1,"2,197",64,"1,812",1,"1,798",13,"1,714",1,"1,713",0,"1,244",1,"1,244",0,"1,963",0,"1,962",*,"1,694",*,"1,694",0,"1,073",3,"1,070",0,"1,303",6,"1,297",0,609,3,600,5,603,4,599,0,613,15,598,n.a.,254,1,253,n.a.
16705,Uzbekistan,0,0,0,0,0,0,0,0,0,0,0,0,0,0,0,0,0,0,0,0,0,0,0,0,0,0,0,0,0,0,0,0,0,0,0,0,0,0,0,0,0,0,0,0,0,0,0,0,0,0,0,0,0,0,0,0,4,0,4,0,1,1,0,0,0,0,0,n.a.,0,0,0,n.a.
61603,Vanuatu,0,0,0,0,0,0,0,0,0,0,0,0,0,0,0,0,0,0,0,0,0,0,0,0,0,0,0,0,0,0,0,0,0,0,0,0,0,0,0,0,0,0,0,0,0,0,0,0,0,0,0,0,0,0,0,0,0,0,0,0,0,0,0,0,0,0,0,n.a.,*,*,0,n.a.
13102,Vatican City (Holy See),0,0,0,0,0,0,0,0,0,0,0,0,0,0,0,0,0,0,0,0,0,0,0,0,0,0,0,0,0,0,0,0,0,0,0,0,0,0,0,0,0,0,0,0,0,0,0,0,0,0,0,0,0,0,0,0,0,0,0,0,0,0,0,0,0,0,0,n.a.,0,0,0,n.a.
32719,Venezuela,"3,014",74,"2,939",0,"5,993",6,"5,887",100,"6,320",234,"6,086",0,"6,803",59,"6,744",0,"9,902",71,"9,827",5,"13,607",47,"13,556",4,"8,565",62,"8,495",9,"7,954",92,"7,670",192,"9,647",138,"9,508",1,"3,602",208,"3,386",8,"5,426",416,"5,009",0,"6,097",971,"5,125",0,"6,113",483,"5,520",111,"6,863",636,"6,226",0,"5,322",405,"4,898",18,"3,655",348,"3,307",n.a.,"7,827","1,975","5,852",n.a.,"5,115",901,"4,214",n.a.
46906,Vietnam,"3,402","2,885",517,*,"2,460","1,934",517,9,"2,750","1,984",761,5,"2,484","1,784",699,1,"2,093","1,394",699,0,"1,804","1,074",731,0,"1,368",687,681,0,"1,080",407,674,0,419,176,243,0,199,6,193,*,248,11,237,0,238,0,238,0,306,n.a.,306,0,113,n.a.,113,0,81,n.a.,81,0,21,0,21,0,37,n.a.,37,n.a.,0,0,0,n.a.
47201,West Bank and Gaza,0,0,0,0,0,0,0,0,1,1,0,0,25,25,0,0,*,*,0,0,1,1,0,0,1,1,0,0,0,0,0,0,0,0,0,0,0,0,0,0,0,0,0,0,0,0,0,0,n.a.,n.a.,n.a.,n.a.,n.a.,n.a.,n.a.,n.a.,n.a.,n.a.,n.a.,n.a.,n.a.,n.a.,n.a.,n.a.,n.a.,n.a.,n.a.,n.a.,n.a.,n.a.,n.a.,n.a.
56006,Western Sahara,0,0,0,0,0,0,0,0,0,0,0,0,0,0,0,0,0,0,0,0,0,0,0,0,0,0,0,0,0,0,0,0,0,0,0,0,0,0,0,0,0,0,0,0,0,0,0,0,0,0,0,0,0,0,0,0,0,0,0,0,0,0,0,0,0,0,0,n.a.,0,0,0,n.a.
47104,Yemen,0,0,0,0,0,0,0,0,0,0,0,0,0,0,0,0,0,0,0,0,0,0,0,0,0,0,0,0,0,0,0,0,0,0,0,0,0,0,0,0,0,0,0,0,0,0,0,0,0,0,0,0,0,0,0,0,0,0,0,0,0,0,0,0,0,0,0,n.a.,0,0,0,n.a.
57207,Zambia,881,8,872,0,885,9,875,0,838,26,783,29,689,33,621,36,142,14,129,*,223,10,211,2,19,15,*,3,46,44,1,1,52,46,1,4,39,35,1,3,84,80,2,2,19,16,0,3,12,11,1,0,2,2,0,0,5,5,0,0,5,5,n.a.,0,9,7,2,n.a.,18,18,0,n.a.
54704,Zimbabwe,72,64,8,0,51,42,9,0,84,65,19,0,143,123,20,0,170,148,23,0,124,99,25,0,96,43,53,0,101,46,56,0,68,35,33,0,76,40,36,0,200,157,43,0,203,135,68,*,79,32,47,0,68,14,54,0,61,13,48,0,88,47,41,0,169,133,36,n.a.,75,15,60,n.a.
88862,Country unknown,*,*,0,0,0,0,0,0,8,6,2,0,6,0,6,0,0,0,0,0,0,0,0,0,142,78,9,55,169,0,169,0,0,0,0,0,0,0,0,0,0,0,0,0,0,0,0,0,n.a.,n.a.,n.a.,0,1,n.a.,n.a.,0,66,11,24,31,42,38,2,2,870,337,533,n.a.,180,20,160,n.a.
79995,INTERNATIONAL & REGIONAL ORGS.,"90,563",187,"81,675","8,701","75,339",96,"70,622","4,621","65,739",0,"54,564","11,175","64,510",100,"58,230","6,180","61,829",20,"53,913","7,896","57,041",*,"50,306","6,735","52,411",16,"45,880","6,515","55,056",387,"41,412","13,257","48,572",278,"40,238","8,056","25,637",303,"20,391","4,943","24,068",366,"22,182","1,520","21,911",327,"19,042","2,542","21,962",21,"18,965","2,976","20,339",373,"17,789","2,177","18,640",365,"17,187","1,087","12,360",147,"11,731",482,"16,975",10,"16,965",n.a.,"9,854",215,"9,639",n.a.
46612,MIDDLE EAST OIL-EXPORTERS (8),n.a.,n.a.,n.a.,n.a.,n.a.,n.a.,n.a.,n.a.,n.a.,n.a.,n.a.,n.a.,n.a.,n.a.,n.a.,n.a.,n.a.,n.a.,n.a.,n.a.,n.a.,n.a.,n.a.,n.a.,n.a.,n.a.,n.a.,n.a.,n.a.,n.a.,n.a.,n.a.,n.a.,n.a.,n.a.,n.a.,n.a.,n.a.,n.a.,n.a.,n.a.,n.a.,n.a.,n.a.,n.a.,n.a.,n.a.,n.a.,"2,696",138,"2,555",3,"1,457",1,"1,453",3,994,1,989,4,602,14,588,0,458,28,430,n.a.,*,*,0,n.a.
57215,AFRICAN OIL-EXPORTERS (9),n.a.,n.a.,n.a.,n.a.,n.a.,n.a.,n.a.,n.a.,n.a.,n.a.,n.a.,n.a.,n.a.,n.a.,n.a.,n.a.,n.a.,n.a.,n.a.,n.a.,n.a.,n.a.,n.a.,n.a.,n.a.,n.a.,n.a.,n.a.,n.a.,n.a.,n.a.,n.a.,n.a.,n.a.,n.a.,n.a.,n.a.,n.a.,n.a.,n.a.,n.a.,n.a.,n.a.,n.a.,n.a.,n.a.,n.a.,n.a.,222,11,211,0,191,12,180,0,320,34,286,0,636,23,613,0,843,61,782,n.a.,361,61,300,n.a.
99996,Total,"12,408,946","9,118,138","2,835,189","455,618","9,891,264","7,146,320","2,436,491","308,454","9,454,779","6,756,163","2,347,162","351,454","9,604,305","6,726,610","2,508,543","369,152","9,130,409","6,472,877","2,304,612","352,920","7,958,388","5,321,857","2,271,476","365,055","6,840,849","4,501,438","1,979,041","360,370","6,763,362","4,646,908","1,714,815","401,639","5,976,711","3,995,295","1,594,187","387,229","4,291,407","2,748,428","1,260,625","282,354","7,219,707","5,252,941","1,609,803","356,963","5,990,896","4,328,960","1,294,059","367,877","4,609,105","3,317,705","1,028,179","263,221","3,786,635","2,560,418","992,969","233,248","3,152,282","2,079,424","874,357","198,502","2,316,595","1,612,673","557,062","146,860","1,755,015","1,207,787","547,228",n.a.,"870,260","566,554","303,706",n.a.
 ,,,,,,,,,,,,,,,,,,,,,,,,,,,,,,,,,,,,,,,,,,,,,,,,,,,,,,,,,,,,,,,,,,,,,,,,,
Department of the Treasury/Federal Reserve Board,,,,,,,,,,,,,,,,,,,,,,,,,,,,,,,,,,,,,,,,,,,,,,,,,,,,,,,,,,,,,,,,,,,,,,,,,
Treasury International Capital System,,,,,,,,,,,,,,,,,,,,,,,,,,,,,,,,,,,,,,,,,,,,,,,,,,,,,,,,,,,,,,,,,,,,,,,,,
https://www.treasury.gov/resource-center/data-chart-center/tic/Pages/index.aspx,,,,,,,,,,,,,,,,,,,,,,,,,,,,,,,,,,,,,,,,,,,,,,,,,,,,,,,,,,,,,,,,,,,,,,,,,
31-Oct-18,,,,,,,,,,,,,,,,,,,,,,,,,,,,,,,,,,,,,,,,,,,,,,,,,,,,,,,,,,,,,,,,,,,,,,,,,
 ,,,,,,,,,,,,,,,,,,,,,,,,,,,,,,,,,,,,,,,,,,,,,,,,,,,,,,,,,,,,,,,,,,,,,,,,,
"*    Greater than zero but less than $500,000.",,,,,,,,,,,,,,,,,,,,,,,,,,,,,,,,,,,,,,,,,,,,,,,,,,,,,,,,,,,,,,,,,,,,,,,,,
r    Revised,,,,,,,,,,,,,,,,,,,,,,,,,,,,,,,,,,,,,,,,,,,,,,,,,,,,,,,,,,,,,,,,,,,,,,,,,
n.a. Not available.,,,,,,,,,,,,,,,,,,,,,,,,,,,,,,,,,,,,,,,,,,,,,,,,,,,,,,,,,,,,,,,,,,,,,,,,,
 ,,,,,,,,,,,,,,,,,,,,,,,,,,,,,,,,,,,,,,,,,,,,,,,,,,,,,,,,,,,,,,,,,,,,,,,,,
"1.   For 1994 and 1997, totals include only holdings of equity and long-term",,,,,,,,,,,,,,,,,,,,,,,,,,,,,,,,,,,,,,,,,,,,,,,,,,,,,,,,,,,,,,,,,,,,,,,,,
"     debt.  From 2001 onwards, totals include holdings of short-term debt as well as",,,,,,,,,,,,,,,,,,,,,,,,,,,,,,,,,,,,,,,,,,,,,,,,,,,,,,,,,,,,,,,,,,,,,,,,,
     equity and long-term debt.,,,,,,,,,,,,,,,,,,,,,,,,,,,,,,,,,,,,,,,,,,,,,,,,,,,,,,,,,,,,,,,,,,,,,,,,,
 ,,,,,,,,,,,,,,,,,,,,,,,,,,,,,,,,,,,,,,,,,,,,,,,,,,,,,,,,,,,,,,,,,,,,,,,,,
2.   Belgium and Luxembourg were combined as Belgium-Luxembourg in the 1994,,,,,,,,,,,,,,,,,,,,,,,,,,,,,,,,,,,,,,,,,,,,,,,,,,,,,,,,,,,,,,,,,,,,,,,,,
"     survey.  From 1997 forward, they were reported separately.",,,,,,,,,,,,,,,,,,,,,,,,,,,,,,,,,,,,,,,,,,,,,,,,,,,,,,,,,,,,,,,,,,,,,,,,,
 ,,,,,,,,,,,,,,,,,,,,,,,,,,,,,,,,,,,,,,,,,,,,,,,,,,,,,,,,,,,,,,,,,,,,,,,,,
"3.   Separate reporting for Anguilla, British Virgin Islands, Cayman Islands,",,,,,,,,,,,,,,,,,,,,,,,,,,,,,,,,,,,,,,,,,,,,,,,,,,,,,,,,,,,,,,,,,,,,,,,,,
"     Montserrat, and Turks and Caicos began with the 1997 survey; previously these",,,,,,,,,,,,,,,,,,,,,,,,,,,,,,,,,,,,,,,,,,,,,,,,,,,,,,,,,,,,,,,,,,,,,,,,,
     entries were reported as the British West Indies.,,,,,,,,,,,,,,,,,,,,,,,,,,,,,,,,,,,,,,,,,,,,,,,,,,,,,,,,,,,,,,,,,,,,,,,,,
 ,,,,,,,,,,,,,,,,,,,,,,,,,,,,,,,,,,,,,,,,,,,,,,,,,,,,,,,,,,,,,,,,,,,,,,,,,
4.   Separate reporting for Guernsey and Jersey began with the 1997 survey; in,,,,,,,,,,,,,,,,,,,,,,,,,,,,,,,,,,,,,,,,,,,,,,,,,,,,,,,,,,,,,,,,,,,,,,,,,
     the 1994 survey these entries were included in the United Kingdom.,,,,,,,,,,,,,,,,,,,,,,,,,,,,,,,,,,,,,,,,,,,,,,,,,,,,,,,,,,,,,,,,,,,,,,,,,
 ,,,,,,,,,,,,,,,,,,,,,,,,,,,,,,,,,,,,,,,,,,,,,,,,,,,,,,,,,,,,,,,,,,,,,,,,,
"5.   Separate reporting for Bonaire, Sint Eustatius, and Saba; Curacao; and",,,,,,,,,,,,,,,,,,,,,,,,,,,,,,,,,,,,,,,,,,,,,,,,,,,,,,,,,,,,,,,,,,,,,,,,,
"     Sint Maarten began with the 2013 survey. In previous years, these entries were",,,,,,,,,,,,,,,,,,,,,,,,,,,,,,,,,,,,,,,,,,,,,,,,,,,,,,,,,,,,,,,,,,,,,,,,,
     reported together as Netherlands Antilles.,,,,,,,,,,,,,,,,,,,,,,,,,,,,,,,,,,,,,,,,,,,,,,,,,,,,,,,,,,,,,,,,,,,,,,,,,
 ,,,,,,,,,,,,,,,,,,,,,,,,,,,,,,,,,,,,,,,,,,,,,,,,,,,,,,,,,,,,,,,,,,,,,,,,,
6.   Separate reporting for Guadeloupe and for Saint Martin and Saint,,,,,,,,,,,,,,,,,,,,,,,,,,,,,,,,,,,,,,,,,,,,,,,,,,,,,,,,,,,,,,,,,,,,,,,,,
"     Barthelemy began with the 2013 survey. In previous years, entries for Guadeloupe",,,,,,,,,,,,,,,,,,,,,,,,,,,,,,,,,,,,,,,,,,,,,,,,,,,,,,,,,,,,,,,,,,,,,,,,,
     included Saint Martin and Saint Barthelemy.,,,,,,,,,,,,,,,,,,,,,,,,,,,,,,,,,,,,,,,,,,,,,,,,,,,,,,,,,,,,,,,,,,,,,,,,,
 ,,,,,,,,,,,,,,,,,,,,,,,,,,,,,,,,,,,,,,,,,,,,,,,,,,,,,,,,,,,,,,,,,,,,,,,,,
"7.   Separate reporting for Kosovo, Montenegro, and Serbia began with the 2013",,,,,,,,,,,,,,,,,,,,,,,,,,,,,,,,,,,,,,,,,,,,,,,,,,,,,,,,,,,,,,,,,,,,,,,,,
"     survey. In previous years, entries for Serbia included Kosovo and Montenegro.",,,,,,,,,,,,,,,,,,,,,,,,,,,,,,,,,,,,,,,,,,,,,,,,,,,,,,,,,,,,,,,,,,,,,,,,,
 ,,,,,,,,,,,,,,,,,,,,,,,,,,,,,,,,,,,,,,,,,,,,,,,,,,,,,,,,,,,,,,,,,,,,,,,,,
"8.   Bahrain, Iran, Iraq, Kuwait, Oman, Qatar, Saudi Arabia, United Arab",,,,,,,,,,,,,,,,,,,,,,,,,,,,,,,,,,,,,,,,,,,,,,,,,,,,,,,,,,,,,,,,,,,,,,,,,
     Emirates.  These countries are reported separately beginning in 2006.,,,,,,,,,,,,,,,,,,,,,,,,,,,,,,,,,,,,,,,,,,,,,,,,,,,,,,,,,,,,,,,,,,,,,,,,,
 ,,,,,,,,,,,,,,,,,,,,,,,,,,,,,,,,,,,,,,,,,,,,,,,,,,,,,,,,,,,,,,,,,,,,,,,,,
"9.   Algeria, Gabon, Libya, Nigeria.   These countries are reported separately",,,,,,,,,,,,,,,,,,,,,,,,,,,,,,,,,,,,,,,,,,,,,,,,,,,,,,,,,,,,,,,,,,,,,,,,,
     beginning in 2006.,,,,,,,,,,,,,,,,,,,,,,,,,,,,,,,,,,,,,,,,,,,,,,,,,,,,,,,,,,,,,,,,,,,,,,,,,
