,year,country_origin_id,country_destination_id,hs92_product_id,export_val,export_val_pct,countT,per
1,1995,ARM,CHN,ALL,60225.26,0.00%,37005083.89,0.16%
7,1998,ARM,CHN,ALL,14097,0.00%,125876507.6,0.01%
10,1999,ARM,CHN,ALL,72398.52,0.00%,137199907.5,0.05%
13,2000,ARM,CHN,ALL,1764655.78,0.01%,296537905.4,0.60%
16,2001,ARM,CHN,ALL,148660.94,0.00%,350304137.9,0.04%
19,2002,ARM,CHN,ALL,4061589.87,0.02%,502977122.9,0.81%
22,2003,ARM,CHN,ALL,4592049.76,0.02%,737145719,0.62%
25,2004,ARM,CHN,ALL,22687892.42,0.10%,746903696.9,3.04%
28,2005,ARM,CHN,ALL,9335542.52,0.04%,989117073.1,0.94%
31,2006,ARM,CHN,ALL,8768572.26,0.04%,1172588212,0.75%
34,2007,ARM,CHN,ALL,11725937.58,0.05%,1364164272,0.86%
37,2008,ARM,CHN,ALL,10890934.91,0.05%,1189875935,0.92%
40,2009,ARM,CHN,ALL,18904096.72,0.09%,695036850.5,2.72%
43,2010,ARM,CHN,ALL,35011483.95,0.16%,1032230168,3.39%
46,2011,ARM,CHN,ALL,18699868.7,0.09%,1343543557,1.39%
49,2012,ARM,CHN,ALL,36277582,0.16%,1624666792,2.23%
52,2013,ARM,CHN,ALL,87996888.77,0.40%,1629173651,5.40%
55,2014,ARM,CHN,ALL,181180385.9,0.82%,1623901975,11.16%
58,2015,ARM,CHN,ALL,172224891.3,0.78%,1656467325,10.40%
61,2016,ARM,CHN,ALL,108898935.6,0.49%,2164780673,5.03%
64,2017,ARM,CHN,ALL,131273597.1,0.59%,2440052480,5.38%
67,1995,AZE,CHN,ALL,2536243.1,0.00%,100177229.5,2.53%
69,1996,AZE,CHN,ALL,429708,0.00%,640083154,0.07%
72,1997,AZE,CHN,ALL,14256779.56,0.01%,589544449,2.42%
75,1998,AZE,CHN,ALL,918363.15,0.00%,522939794.8,0.18%
78,1999,AZE,CHN,ALL,173880.23,0.00%,800099496.4,0.02%
81,2000,AZE,CHN,ALL,4832277.23,0.00%,1625973593,0.30%
84,2001,AZE,CHN,ALL,2650588.06,0.00%,1855505154,0.14%
87,2002,AZE,CHN,ALL,1320517.09,0.00%,1918261290,0.07%
90,2003,AZE,CHN,ALL,21238767.12,0.01%,2323712102,0.91%
93,2004,AZE,CHN,ALL,36251605.9,0.01%,3208151028,1.13%
96,2005,AZE,CHN,ALL,88535034.86,0.03%,5251308953,1.69%
99,2006,AZE,CHN,ALL,13287380.03,0.00%,8543260449,0.16%
102,2007,AZE,CHN,ALL,10070239,0.00%,13826283973,0.07%
105,2008,AZE,CHN,ALL,459524809.1,0.17%,35539456823,1.29%
108,2009,AZE,CHN,ALL,140990461.2,0.05%,17404218101,0.81%
111,2010,AZE,CHN,ALL,315972035.1,0.11%,25315533298,1.25%
114,2011,AZE,CHN,ALL,154162610.9,0.06%,30094723140,0.51%
117,2012,AZE,CHN,ALL,207996033.4,0.08%,27855359403,0.75%
120,2013,AZE,CHN,ALL,123045596,0.05%,28621540997,0.43%
123,2014,AZE,CHN,ALL,266566727.8,0.10%,25746669524,1.04%
126,2015,AZE,CHN,ALL,183978681.8,0.07%,16879075844,1.09%
129,2016,AZE,CHN,ALL,282505035.3,0.10%,12263975886,2.30%
132,2017,AZE,CHN,ALL,435521522.3,0.16%,14266343337,3.05%
135,1995,BLR,CHN,ALL,19918596.91,0.00%,1419990207,1.40%
137,1996,BLR,CHN,ALL,24152347.56,0.01%,1625621736,1.49%
139,1997,BLR,CHN,ALL,21855288.22,0.01%,1827753596,1.20%
142,1998,BLR,CHN,ALL,98904162.83,0.02%,6913694776,1.43%
145,1999,BLR,CHN,ALL,51157546.4,0.01%,5499603114,0.93%
148,2000,BLR,CHN,ALL,161141032,0.04%,7352758151,2.19%
151,2001,BLR,CHN,ALL,165415051.8,0.04%,7443967692,2.22%
154,2002,BLR,CHN,ALL,246221914.9,0.06%,7951031294,3.10%
157,2003,BLR,CHN,ALL,181704137.2,0.04%,9956018450,1.83%
160,2004,BLR,CHN,ALL,304444007.8,0.07%,13684338814,2.22%
163,2005,BLR,CHN,ALL,441812456,0.10%,15948822723,2.77%
166,2006,BLR,CHN,ALL,397027917.9,0.09%,19812658766,2%
169,2007,BLR,CHN,ALL,522296901.1,0.12%,24298885986,2.15%
172,2008,BLR,CHN,ALL,644424465.1,0.15%,32747534207,1.97%
175,2009,BLR,CHN,ALL,545920201.2,0.12%,22360062557,2.44%
178,2010,BLR,CHN,ALL,500809524.9,0.11%,24928089415,2.01%
181,2011,BLR,CHN,ALL,678230171.9,0.15%,40220368844,1.69%
184,2012,BLR,CHN,ALL,451792066.1,0.10%,44885816091,1.01%
187,2013,BLR,CHN,ALL,499375040.1,0.11%,36430023449,1.37%
190,2014,BLR,CHN,ALL,646097102.2,0.15%,36051028234,1.79%
193,2015,BLR,CHN,ALL,799109261.9,0.18%,26079463311,3.06%
196,2016,BLR,CHN,ALL,417132134.5,0.10%,22936622057,1.82%
199,2017,BLR,CHN,ALL,376208127.8,0.09%,28538956345,1.32%
202,1995,GEO,CHN,ALL,60531.79,0.00%,95956930.14,0.06%
204,1996,GEO,CHN,ALL,342000,0.00%,268695688.6,0.13%
207,1997,GEO,CHN,ALL,2835105.48,0.01%,394378231.7,0.72%
210,1998,GEO,CHN,ALL,1912783.05,0.00%,314207454.8,0.61%
213,1999,GEO,CHN,ALL,1430255.7,0.00%,337496727.4,0.42%
216,2000,GEO,CHN,ALL,1003530.36,0.00%,628133832.2,0.16%
219,2001,GEO,CHN,ALL,2045435.49,0.01%,619272767.8,0.33%
222,2002,GEO,CHN,ALL,2504957.63,0.01%,631470764.6,0.40%
225,2003,GEO,CHN,ALL,5994118.85,0.02%,914192851.7,0.66%
228,2004,GEO,CHN,ALL,30750276.32,0.08%,1232682795,2.49%
231,2005,GEO,CHN,ALL,5419218.2,0.01%,1514889255,0.36%
234,2006,GEO,CHN,ALL,11612632.59,0.03%,1835082385,0.63%
237,2007,GEO,CHN,ALL,9544175.34,0.02%,1951932959,0.49%
240,2008,GEO,CHN,ALL,8657752.69,0.02%,2484388569,0.35%
243,2009,GEO,CHN,ALL,8808010.93,0.02%,1862851874,0.47%
246,2010,GEO,CHN,ALL,47873305.32,0.12%,2662787122,1.80%
249,2011,GEO,CHN,ALL,35523962.38,0.09%,3402269078,1.04%
252,2012,GEO,CHN,ALL,31016072.49,0.08%,3309085315,0.94%
255,2013,GEO,CHN,ALL,48307092.56,0.12%,3450696307,1.40%
258,2014,GEO,CHN,ALL,97380579.31,0.24%,3583682829,2.72%
261,2015,GEO,CHN,ALL,128190884.7,0.32%,2769371978,4.63%
264,2016,GEO,CHN,ALL,171884524.4,0.43%,2537551178,6.77%
267,2017,GEO,CHN,ALL,209071211.3,0.52%,3214227747,6.50%
270,1995,KAZ,CHN,ALL,293283715.6,0.04%,1198858435,24.46%
272,1996,KAZ,CHN,ALL,312685845.8,0.04%,4284550746,7.30%
275,1997,KAZ,CHN,ALL,398013348.3,0.05%,4866372883,8.18%
278,1998,KAZ,CHN,ALL,394125193.2,0.05%,4185994730,9.42%
281,1999,KAZ,CHN,ALL,588908864.3,0.08%,4617534868,12.75%
284,2000,KAZ,CHN,ALL,778442331.3,0.10%,10731766811,7.25%
287,2001,KAZ,CHN,ALL,724513836.4,0.10%,9743932639,7.44%
290,2002,KAZ,CHN,ALL,1048610654,0.14%,11012876180,9.52%
293,2003,KAZ,CHN,ALL,1670564247,0.22%,10663910668,15.67%
296,2004,KAZ,CHN,ALL,2042694588,0.27%,18555416349,11.01%
299,2005,KAZ,CHN,ALL,2654549836,0.35%,24573567134,10.80%
302,2006,KAZ,CHN,ALL,3641345675,0.48%,32966065988,11.05%
305,2007,KAZ,CHN,ALL,5726153366,0.75%,41890381204,13.67%
308,2008,KAZ,CHN,ALL,7749544238,1.00%,61551030404,12.59%
311,2009,KAZ,CHN,ALL,5921590796,0.78%,40282600053,14.70%
314,2010,KAZ,CHN,ALL,10194316857,1.30%,54988020702,18.54%
317,2011,KAZ,CHN,ALL,16258605886,2.10%,79481114256,20.46%
320,2012,KAZ,CHN,ALL,16402579169,2.20%,83752245164,19.58%
323,2013,KAZ,CHN,ALL,14418756757,1.90%,73979768973,19.49%
326,2014,KAZ,CHN,ALL,9894503133,1.30%,68320160899,14.48%
329,2015,KAZ,CHN,ALL,5525543110,0.73%,40879555285,13.52%
332,2016,KAZ,CHN,ALL,4298413174,0.57%,32775349302,13.11%
335,2017,KAZ,CHN,ALL,5858021817,0.77%,44113785785,13.28%
338,1995,KGZ,CHN,ALL,112419166.7,0.51%,371661575.6,30.25%
341,1996,KGZ,CHN,ALL,53465766.78,0.24%,459806619,11.63%
344,1997,KGZ,CHN,ALL,34684546.39,0.16%,290501340.8,11.94%
347,1998,KGZ,CHN,ALL,24515631.6,0.11%,429985754.9,5.70%
350,1999,KGZ,CHN,ALL,30294457.44,0.14%,316034576.1,9.59%
353,2000,KGZ,CHN,ALL,37138992.01,0.17%,416970890.6,8.91%
356,2001,KGZ,CHN,ALL,21680143.58,0.10%,427818342.7,5.07%
359,2002,KGZ,CHN,ALL,41620728.24,0.19%,465368816,8.94%
362,2003,KGZ,CHN,ALL,23346349.97,0.11%,337185729.5,6.92%
365,2004,KGZ,CHN,ALL,54252930.41,0.25%,752165005.8,7.21%
368,2005,KGZ,CHN,ALL,31500117.3,0.14%,691587208.6,4.55%
371,2006,KGZ,CHN,ALL,44200820.28,0.20%,812946001.6,5.44%
374,2007,KGZ,CHN,ALL,84980291.97,0.39%,1181147462,7.19%
377,2008,KGZ,CHN,ALL,48985443.1,0.22%,1333256518,3.67%
380,2009,KGZ,CHN,ALL,21533452.85,0.10%,1128481758,1.91%
383,2010,KGZ,CHN,ALL,31995919.78,0.15%,1718549464,1.86%
386,2011,KGZ,CHN,ALL,50228684.01,0.23%,2071827707,2.42%
389,2012,KGZ,CHN,ALL,70462485.33,0.32%,1675326572,4.21%
392,2013,KGZ,CHN,ALL,66010627.01,0.30%,1845216884,3.58%
395,2014,KGZ,CHN,ALL,46529144.9,0.21%,1091786529,4.26%
398,2015,KGZ,CHN,ALL,56158201.48,0.25%,1290297194,4.35%
401,2016,KGZ,CHN,ALL,81710870.25,0.37%,1006149891,8.12%
404,2017,KGZ,CHN,ALL,101443236,0.46%,1923654240,5.27%
407,1995,MDA,CHN,ALL,731234.72,0.00%,828279040.9,0.09%
410,1996,MDA,CHN,ALL,1473651.71,0.00%,1024052388,0.14%
413,1997,MDA,CHN,ALL,723990.95,0.00%,1207158631,0.06%
416,1998,MDA,CHN,ALL,506557.06,0.00%,874868372.7,0.06%
419,1999,MDA,CHN,ALL,32134,0.00%,649334788.4,0%
422,2000,MDA,CHN,ALL,8165932.92,0.02%,733162453.2,1.11%
425,2001,MDA,CHN,ALL,11499645.57,0.03%,806768100.3,1.43%
428,2002,MDA,CHN,ALL,5131400.98,0.01%,851148433.1,0.60%
431,2003,MDA,CHN,ALL,7298326.1,0.02%,1014423549,0.72%
434,2004,MDA,CHN,ALL,201972.91,0.00%,1370213868,0.01%
437,2005,MDA,CHN,ALL,756527.43,0.00%,1509303984,0.05%
440,2006,MDA,CHN,ALL,687928.06,0.00%,1478254073,0.05%
443,2007,MDA,CHN,ALL,2182465.94,0.01%,1965548148,0.11%
446,2008,MDA,CHN,ALL,4330498.24,0.01%,2205950473,0.20%
449,2009,MDA,CHN,ALL,3634213.54,0.01%,1616305507,0.22%
452,2010,MDA,CHN,ALL,7627602.61,0.02%,1933774927,0.39%
455,2011,MDA,CHN,ALL,13523605.67,0.03%,2774234603,0.49%
458,2012,MDA,CHN,ALL,20276389.94,0.05%,2735704862,0.74%
461,2013,MDA,CHN,ALL,19409138.43,0.05%,2907270721,0.67%
464,2014,MDA,CHN,ALL,24501938.04,0.06%,2969580740,0.83%
467,2015,MDA,CHN,ALL,22051151.91,0.06%,2400460349,0.92%
470,2016,MDA,CHN,ALL,27208338.82,0.07%,2433199458,1.12%
473,2017,MDA,CHN,ALL,38106765.03,0.10%,2956770720,1.29%
476,1995,TJK,CHN,ALL,8689273.79,0.06%,225129871.6,3.86%
478,1996,TJK,CHN,ALL,3856056.38,0.03%,306838423.8,1.26%
481,1997,TJK,CHN,ALL,8728929.96,0.06%,268439936.2,3.25%
484,1998,TJK,CHN,ALL,7689806.75,0.05%,254836934.9,3.02%
487,1999,TJK,CHN,ALL,5531877.32,0.04%,259185559.3,2.13%
490,2000,TJK,CHN,ALL,10055284.32,0.07%,400719461.8,2.51%
493,2001,TJK,CHN,ALL,5240438.1,0.04%,337947026.9,1.55%
496,2002,TJK,CHN,ALL,4540917.56,0.03%,432062935.7,1.05%
499,2003,TJK,CHN,ALL,17338199.02,0.11%,540160206.5,3.21%
502,2004,TJK,CHN,ALL,14999158.47,0.10%,621920845.2,2.41%
505,2005,TJK,CHN,ALL,13787006.03,0.09%,767473184.3,1.80%
508,2006,TJK,CHN,ALL,17486899.61,0.12%,878122868.4,1.99%
511,2007,TJK,CHN,ALL,10061358.51,0.07%,1071737937,0.94%
514,2008,TJK,CHN,ALL,19842042.33,0.13%,989270999.7,2.01%
517,2009,TJK,CHN,ALL,179686560.3,1.20%,843634907.2,21.30%
520,2010,TJK,CHN,ALL,54419250.62,0.36%,1058587725,5.14%
523,2011,TJK,CHN,ALL,68541949.14,0.45%,956493583,7.17%
526,2012,TJK,CHN,ALL,102130820.6,0.68%,893394694.7,11.43%
529,2013,TJK,CHN,ALL,84295833.94,0.56%,741584578.5,11.37%
532,2014,TJK,CHN,ALL,46861386.91,0.31%,697241149.8,6.72%
535,2015,TJK,CHN,ALL,48237233.33,0.32%,846280342.2,5.70%
538,2016,TJK,CHN,ALL,30373060.83,0.20%,781251618.3,3.89%
541,2017,TJK,CHN,ALL,45774980.76,0.30%,939740015.5,4.87%
544,1995,TKM,CHN,ALL,5926738.55,0.01%,419140488.5,1.41%
546,1996,TKM,CHN,ALL,2816894.94,0.00%,468591469.6,0.60%
549,1997,TKM,CHN,ALL,3397831.76,0.00%,1224739297,0.28%
552,1998,TKM,CHN,ALL,2082545.37,0.00%,287440575.3,0.72%
555,1999,TKM,CHN,ALL,2190937.48,0.00%,797684766.2,0.27%
558,2000,TKM,CHN,ALL,4362198.35,0.00%,1568384027,0.28%
561,2001,TKM,CHN,ALL,1143458.95,0.00%,2074730188,0.06%
564,2002,TKM,CHN,ALL,715645.59,0.00%,2375001789,0.03%
567,2003,TKM,CHN,ALL,3970216.38,0.00%,2374647836,0.17%
570,2004,TKM,CHN,ALL,13504099.83,0.01%,3241851617,0.42%
573,2005,TKM,CHN,ALL,18633198.42,0.02%,4381955675,0.43%
576,2006,TKM,CHN,ALL,15536764.87,0.02%,4959441750,0.31%
579,2007,TKM,CHN,ALL,48196293.46,0.05%,5911953150,0.82%
582,2008,TKM,CHN,ALL,28050778.74,0.03%,7273658678,0.39%
585,2009,TKM,CHN,ALL,37363746.08,0.04%,1869309912,2%
588,2010,TKM,CHN,ALL,934350571.7,0.92%,2407964842,38.80%
591,2011,TKM,CHN,ALL,4155946556,4.10%,6665801269,62.35%
594,2012,TKM,CHN,ALL,7624651650,7.50%,9458926649,80.61%
597,2013,TKM,CHN,ALL,7973004224,7.80%,10347198233,77.05%
600,2014,TKM,CHN,ALL,8585981947,8.40%,10646866230,80.64%
603,2015,TKM,CHN,ALL,7000475584,6.90%,8943625116,78.27%
606,2016,TKM,CHN,ALL,4985294933,4.90%,7056871243,70.64%
609,2017,TKM,CHN,ALL,5930020071,5.80%,7102590916,83.49%
612,1995,UKR,CHN,ALL,404671172.6,0.05%,5646323117,7.17%
614,1996,UKR,CHN,ALL,803484723.9,0.09%,15202712992,5.29%
617,1997,UKR,CHN,ALL,1134931600,0.13%,15249289478,7.44%
620,1998,UKR,CHN,ALL,768259283.4,0.09%,13710990179,5.60%
623,1999,UKR,CHN,ALL,742071635.1,0.09%,12105456408,6.13%
626,2000,UKR,CHN,ALL,639352360.8,0.07%,15495965546,4.13%
629,2001,UKR,CHN,ALL,528958332,0.06%,17461946776,3.03%
632,2002,UKR,CHN,ALL,708062754.7,0.08%,19302028575,3.67%
635,2003,UKR,CHN,ALL,1112269783,0.13%,24732924375,4.50%
638,2004,UKR,CHN,ALL,903778464.2,0.10%,34694372998,2.60%
641,2005,UKR,CHN,ALL,631728557.8,0.07%,38027849764,1.66%
644,2006,UKR,CHN,ALL,405980149.2,0.05%,40956522214,0.99%
647,2007,UKR,CHN,ALL,558518075.4,0.06%,52911110662,1.06%
650,2008,UKR,CHN,ALL,586892597.9,0.07%,73319437301,0.80%
653,2009,UKR,CHN,ALL,1469504019,0.17%,43270790066,3.40%
656,2010,UKR,CHN,ALL,1461625463,0.17%,56102750016,2.61%
659,2011,UKR,CHN,ALL,2296283458,0.26%,73036815779,3.14%
662,2012,UKR,CHN,ALL,1842937799,0.21%,73163970439,2.52%
665,2013,UKR,CHN,ALL,2775528755,0.32%,64735662923,4.29%
668,2014,UKR,CHN,ALL,2737877393,0.31%,58165607142,4.71%
671,2015,UKR,CHN,ALL,2480563476,0.29%,41692879056,5.95%
674,2016,UKR,CHN,ALL,2203947178,0.25%,35087403172,6.28%
677,2017,UKR,CHN,ALL,2012835570,0.23%,46119664971,4.36%
680,1995,UZB,CHN,ALL,65649596.01,0.07%,1319742393,4.97%
682,1996,UZB,CHN,ALL,142895242.6,0.15%,2422351333,5.90%
685,1997,UZB,CHN,ALL,133632558.3,0.14%,2533227821,5.28%
688,1998,UZB,CHN,ALL,30744797.44,0.03%,1708858412,1.80%
691,1999,UZB,CHN,ALL,12360921.59,0.01%,1486451873,0.83%
694,2000,UZB,CHN,ALL,11368617.03,0.01%,1984638516,0.57%
697,2001,UZB,CHN,ALL,7246325.52,0.01%,1920340371,0.38%
700,2002,UZB,CHN,ALL,26177866.18,0.03%,1478127905,1.77%
703,2003,UZB,CHN,ALL,192602814.4,0.20%,1994041159,9.66%
706,2004,UZB,CHN,ALL,387614510.2,0.40%,2832141721,13.69%
709,2005,UZB,CHN,ALL,433947148.9,0.45%,3631977816,11.95%
712,2006,UZB,CHN,ALL,544528769.1,0.57%,4608766901,11.82%
715,2007,UZB,CHN,ALL,352479281.7,0.37%,5650542013,6.24%
718,2008,UZB,CHN,ALL,317759517.1,0.33%,6691995480,4.75%
721,2009,UZB,CHN,ALL,337378666.5,0.35%,4920944602,6.86%
724,2010,UZB,CHN,ALL,1277731441,1.30%,6099628008,20.95%
727,2011,UZB,CHN,ALL,785400265.6,0.82%,6540423343,12.01%
730,2012,UZB,CHN,ALL,1044105300,1.10%,4780887022,21.84%
733,2013,UZB,CHN,ALL,1823663040,1.90%,5862945033,31.10%
736,2014,UZB,CHN,ALL,1511093996,1.60%,6137943243,24.62%
739,2015,UZB,CHN,ALL,1212156352,1.30%,5853634888,20.71%
742,2016,UZB,CHN,ALL,1517336920,1.60%,7113866845,21.33%
745,2017,UZB,CHN,ALL,1397975361,1.50%,8383971852,16.67%
3,1996,ARM,RUS,ALL,37645741.5,0.17%,74586432.54,50.47%
5,1997,ARM,RUS,ALL,49262753.72,0.22%,194277964.1,25.36%
8,1998,ARM,RUS,ALL,35694233.56,0.16%,125876507.6,28.36%
11,1999,ARM,RUS,ALL,29206560.41,0.13%,137199907.5,21.29%
14,2000,ARM,RUS,ALL,43747548.72,0.20%,296537905.4,14.75%
17,2001,ARM,RUS,ALL,58900789.95,0.27%,350304137.9,16.81%
20,2002,ARM,RUS,ALL,62284668.98,0.28%,502977122.9,12.38%
23,2003,ARM,RUS,ALL,93029063.72,0.42%,737145719,12.62%
26,2004,ARM,RUS,ALL,78275109.18,0.35%,746903696.9,10.48%
29,2005,ARM,RUS,ALL,116562819.5,0.53%,989117073.1,11.78%
32,2006,ARM,RUS,ALL,118657882.5,0.54%,1172588212,10.12%
35,2007,ARM,RUS,ALL,200931635.7,0.91%,1364164272,14.73%
38,2008,ARM,RUS,ALL,216844674.8,0.98%,1189875935,18.22%
41,2009,ARM,RUS,ALL,108962936.2,0.49%,695036850.5,15.68%
44,2010,ARM,RUS,ALL,164180346,0.74%,1032230168,15.91%
47,2011,ARM,RUS,ALL,226485511.1,1.00%,1343543557,16.86%
50,2012,ARM,RUS,ALL,299680845.3,1.40%,1624666792,18.45%
53,2013,ARM,RUS,ALL,336646661.6,1.50%,1629173651,20.66%
56,2014,ARM,RUS,ALL,307090664.2,1.40%,1623901975,18.91%
59,2015,ARM,RUS,ALL,230386999,1.00%,1656467325,13.91%
62,2016,ARM,RUS,ALL,407356939.6,1.80%,2164780673,18.82%
65,2017,ARM,RUS,ALL,569585996.8,2.60%,2440052480,23.34%
70,1996,AZE,RUS,ALL,112387877.9,0.04%,640083154,17.56%
73,1997,AZE,RUS,ALL,197125763.2,0.07%,589544449,33.44%
76,1998,AZE,RUS,ALL,101264345.4,0.04%,522939794.8,19.36%
79,1999,AZE,RUS,ALL,67065444.07,0.02%,800099496.4,8.38%
82,2000,AZE,RUS,ALL,107149502.5,0.04%,1625973593,6.59%
85,2001,AZE,RUS,ALL,77562798.24,0.03%,1855505154,4.18%
88,2002,AZE,RUS,ALL,77568579.73,0.03%,1918261290,4.04%
91,2003,AZE,RUS,ALL,140392471.4,0.05%,2323712102,6.04%
94,2004,AZE,RUS,ALL,172699742.5,0.06%,3208151028,5.38%
97,2005,AZE,RUS,ALL,218763012.8,0.08%,5251308953,4.17%
100,2006,AZE,RUS,ALL,323999117.1,0.12%,8543260449,3.79%
103,2007,AZE,RUS,ALL,491439019.3,0.18%,13826283973,3.55%
106,2008,AZE,RUS,ALL,583039495.3,0.21%,35539456823,1.64%
109,2009,AZE,RUS,ALL,699046010.5,0.25%,17404218101,4.02%
112,2010,AZE,RUS,ALL,780936732.9,0.28%,25315533298,3.08%
115,2011,AZE,RUS,ALL,1115636854,0.41%,30094723140,3.71%
118,2012,AZE,RUS,ALL,516138535.5,0.19%,27855359403,1.85%
121,2013,AZE,RUS,ALL,1000764055,0.36%,28621540997,3.50%
124,2014,AZE,RUS,ALL,464776572.1,0.17%,25746669524,1.81%
127,2015,AZE,RUS,ALL,427051783.7,0.16%,16879075844,2.53%
130,2016,AZE,RUS,ALL,415192352.3,0.15%,12263975886,3.39%
133,2017,AZE,RUS,ALL,199516547.2,0.07%,14266343337,1.40%
140,1997,BLR,RUS,ALL,308250990.1,0.07%,1827753596,16.87%
143,1998,BLR,RUS,ALL,4398640040,1.00%,6913694776,63.62%
146,1999,BLR,RUS,ALL,3065441074,0.70%,5499603114,55.74%
149,2000,BLR,RUS,ALL,3648291300,0.83%,7352758151,49.62%
152,2001,BLR,RUS,ALL,3821125300,0.87%,7443967692,51.33%
155,2002,BLR,RUS,ALL,3730279800,0.85%,7951031294,46.92%
158,2003,BLR,RUS,ALL,4563366200,1.00%,9956018450,45.84%
161,2004,BLR,RUS,ALL,6116046300,1.40%,13684338814,44.69%
164,2005,BLR,RUS,ALL,5469185400,1.20%,15948822723,34.29%
167,2006,BLR,RUS,ALL,6598644300,1.50%,19812658766,33.31%
170,2007,BLR,RUS,ALL,8487721400,1.90%,24298885986,34.93%
173,2008,BLR,RUS,ALL,10183188800,2.30%,32747534207,31.10%
176,2009,BLR,RUS,ALL,6454630300,1.50%,22360062557,28.87%
179,2010,BLR,RUS,ALL,9405622200,2.10%,24928089415,37.73%
182,2011,BLR,RUS,ALL,12730912100,2.90%,40220368844,31.65%
185,2012,BLR,RUS,ALL,15026022612,3.40%,44885816091,33.48%
188,2013,BLR,RUS,ALL,16073867391,3.70%,36430023449,44.12%
191,2014,BLR,RUS,ALL,14880429358,3.40%,36051028234,41.28%
194,2015,BLR,RUS,ALL,10112180276,2.30%,26079463311,38.77%
197,2016,BLR,RUS,ALL,10624822478,2.40%,22936622057,46.32%
200,2017,BLR,RUS,ALL,12523656221,2.90%,28538956345,43.88%
205,1996,GEO,RUS,ALL,70906887.8,0.18%,268695688.6,26.39%
208,1997,GEO,RUS,ALL,132474535.2,0.33%,394378231.7,33.59%
211,1998,GEO,RUS,ALL,62916638.98,0.16%,314207454.8,20.02%
214,1999,GEO,RUS,ALL,42266989.32,0.11%,337496727.4,12.52%
217,2000,GEO,RUS,ALL,73473233.06,0.18%,628133832.2,11.70%
220,2001,GEO,RUS,ALL,80746500.89,0.20%,619272767.8,13.04%
223,2002,GEO,RUS,ALL,64108401,0.16%,631470764.6,10.15%
226,2003,GEO,RUS,ALL,85041960.03,0.21%,914192851.7,9.30%
229,2004,GEO,RUS,ALL,109035789.9,0.27%,1232682795,8.85%
232,2005,GEO,RUS,ALL,160152128.6,0.40%,1514889255,10.57%
235,2006,GEO,RUS,ALL,83620233.2,0.21%,1835082385,4.56%
238,2007,GEO,RUS,ALL,70906005.92,0.18%,1951932959,3.63%
241,2008,GEO,RUS,ALL,38170087.21,0.10%,2484388569,1.54%
244,2009,GEO,RUS,ALL,36714980.14,0.09%,1862851874,1.97%
247,2010,GEO,RUS,ALL,75797042.66,0.19%,2662787122,2.85%
250,2011,GEO,RUS,ALL,24963183.41,0.06%,3402269078,0.73%
253,2012,GEO,RUS,ALL,85466849.29,0.21%,3309085315,2.58%
256,2013,GEO,RUS,ALL,206578340.5,0.52%,3450696307,5.99%
259,2014,GEO,RUS,ALL,293500015.8,0.73%,3583682829,8.19%
262,2015,GEO,RUS,ALL,183920638.8,0.46%,2769371978,6.64%
265,2016,GEO,RUS,ALL,229495201.9,0.57%,2537551178,9.04%
268,2017,GEO,RUS,ALL,403977559,1.00%,3214227747,12.57%
273,1996,KAZ,RUS,ALL,2640120374,0.35%,4284550746,61.62%
276,1997,KAZ,RUS,ALL,2385191737,0.31%,4866372883,49.01%
279,1998,KAZ,RUS,ALL,1544994115,0.20%,4185994730,36.91%
282,1999,KAZ,RUS,ALL,1204616757,0.16%,4617534868,26.09%
285,2000,KAZ,RUS,ALL,1869192461,0.25%,10731766811,17.42%
288,2001,KAZ,RUS,ALL,1745323925,0.23%,9743932639,17.91%
291,2002,KAZ,RUS,ALL,1523233098,0.20%,11012876180,13.83%
294,2003,KAZ,RUS,ALL,1972076759,0.26%,10663910668,18.49%
297,2004,KAZ,RUS,ALL,2822712945,0.37%,18555416349,15.21%
300,2005,KAZ,RUS,ALL,2950747869,0.39%,24573567134,12.01%
303,2006,KAZ,RUS,ALL,3763164758,0.50%,32966065988,11.42%
306,2007,KAZ,RUS,ALL,4626624783,0.61%,41890381204,11.04%
309,2008,KAZ,RUS,ALL,6228743414,0.82%,61551030404,10.12%
312,2009,KAZ,RUS,ALL,3582213447,0.47%,40282600053,8.89%
315,2010,KAZ,RUS,ALL,2996361561,0.39%,54988020702,5.45%
318,2011,KAZ,RUS,ALL,7481046400,0.99%,79481114256,9.41%
321,2012,KAZ,RUS,ALL,7594763176,1.00%,83752245164,9.07%
324,2013,KAZ,RUS,ALL,5851525828,0.77%,73979768973,7.91%
327,2014,KAZ,RUS,ALL,6675551267,0.88%,68320160899,9.77%
330,2015,KAZ,RUS,ALL,4657253772,0.61%,40879555285,11.39%
333,2016,KAZ,RUS,ALL,3751070325,0.49%,32775349302,11.44%
336,2017,KAZ,RUS,ALL,4733366253,0.62%,44113785785,10.73%
339,1995,KGZ,RUS,ALL,73514540,0.33%,371661575.6,19.78%
342,1996,KGZ,RUS,ALL,168878432.5,0.77%,459806619,36.73%
345,1997,KGZ,RUS,ALL,140746964.9,0.64%,290501340.8,48.45%
348,1998,KGZ,RUS,ALL,128775379.1,0.58%,429985754.9,29.95%
351,1999,KGZ,RUS,ALL,91549337.07,0.42%,316034576.1,28.97%
354,2000,KGZ,RUS,ALL,70858816.19,0.32%,416970890.6,16.99%
357,2001,KGZ,RUS,ALL,65669808.93,0.30%,427818342.7,15.35%
360,2002,KGZ,RUS,ALL,80509565.61,0.37%,465368816,17.30%
363,2003,KGZ,RUS,ALL,94821338.68,0.43%,337185729.5,28.12%
366,2004,KGZ,RUS,ALL,128018234.1,0.58%,752165005.8,17.02%
369,2005,KGZ,RUS,ALL,129141253.6,0.59%,691587208.6,18.67%
372,2006,KGZ,RUS,ALL,167664251.4,0.76%,812946001.6,20.62%
375,2007,KGZ,RUS,ALL,277230336.7,1.30%,1181147462,23.47%
378,2008,KGZ,RUS,ALL,378740595.9,1.70%,1333256518,28.41%
381,2009,KGZ,RUS,ALL,277731880.5,1.30%,1128481758,24.61%
384,2010,KGZ,RUS,ALL,332186892.8,1.50%,1718549464,19.33%
387,2011,KGZ,RUS,ALL,294533579.3,1.30%,2071827707,14.22%
390,2012,KGZ,RUS,ALL,222469105.6,1.00%,1675326572,13.28%
393,2013,KGZ,RUS,ALL,154885056,0.70%,1845216884,8.39%
396,2014,KGZ,RUS,ALL,70060627.19,0.32%,1091786529,6.42%
399,2015,KGZ,RUS,ALL,78973258.88,0.36%,1290297194,6.12%
402,2016,KGZ,RUS,ALL,167468182.1,0.76%,1006149891,16.64%
405,2017,KGZ,RUS,ALL,268893192.9,1.20%,1923654240,13.98%
408,1995,MDA,RUS,ALL,349626742,0.89%,828279040.9,42.21%
411,1996,MDA,RUS,ALL,531005320,1.40%,1024052388,51.85%
414,1997,MDA,RUS,ALL,817632188.4,2.10%,1207158631,67.73%
417,1998,MDA,RUS,ALL,380158334.7,0.97%,874868372.7,43.45%
420,1999,MDA,RUS,ALL,220843932.4,0.56%,649334788.4,34.01%
423,2000,MDA,RUS,ALL,265243995.3,0.68%,733162453.2,36.18%
426,2001,MDA,RUS,ALL,277771651.6,0.71%,806768100.3,34.43%
429,2002,MDA,RUS,ALL,262248835.3,0.67%,851148433.1,30.81%
432,2003,MDA,RUS,ALL,346757701.5,0.88%,1014423549,34.18%
435,2004,MDA,RUS,ALL,449285432.2,1.10%,1370213868,32.79%
438,2005,MDA,RUS,ALL,538098956.8,1.40%,1509303984,35.65%
441,2006,MDA,RUS,ALL,344908364.2,0.88%,1478254073,23.33%
444,2007,MDA,RUS,ALL,495173501.1,1.30%,1965548148,25.19%
447,2008,MDA,RUS,ALL,448157730,1.10%,2205950473,20.32%
450,2009,MDA,RUS,ALL,376801648.4,0.96%,1616305507,23.31%
453,2010,MDA,RUS,ALL,482571818,1.20%,1933774927,24.95%
456,2011,MDA,RUS,ALL,731805108.2,1.90%,2774234603,26.38%
459,2012,MDA,RUS,ALL,760549141.3,1.90%,2735704862,27.80%
462,2013,MDA,RUS,ALL,665748017,1.70%,2907270721,22.90%
465,2014,MDA,RUS,ALL,478441677.7,1.20%,2969580740,16.11%
468,2015,MDA,RUS,ALL,263404442.8,0.67%,2400460349,10.97%
471,2016,MDA,RUS,ALL,256037993,0.65%,2433199458,10.52%
474,2017,MDA,RUS,ALL,279860831.4,0.71%,2956770720,9.47%
479,1996,TJK,RUS,ALL,85018904.76,0.56%,306838423.8,27.71%
482,1997,TJK,RUS,ALL,93825427.32,0.62%,268439936.2,34.95%
485,1998,TJK,RUS,ALL,57951324.73,0.38%,254836934.9,22.74%
488,1999,TJK,RUS,ALL,106223391.1,0.70%,259185559.3,40.98%
491,2000,TJK,RUS,ALL,230389648,1.50%,400719461.8,57.49%
494,2001,TJK,RUS,ALL,125275732.5,0.83%,337947026.9,37.07%
497,2002,TJK,RUS,ALL,63735070.21,0.42%,432062935.7,14.75%
500,2003,TJK,RUS,ALL,66442604.53,0.44%,540160206.5,12.30%
503,2004,TJK,RUS,ALL,73928294.01,0.49%,621920845.2,11.89%
506,2005,TJK,RUS,ALL,92802603.12,0.61%,767473184.3,12.09%
509,2006,TJK,RUS,ALL,122959384.1,0.81%,878122868.4,14%
512,2007,TJK,RUS,ALL,158161513.9,1.00%,1071737937,14.76%
515,2008,TJK,RUS,ALL,206499761.8,1.40%,989270999.7,20.87%
518,2009,TJK,RUS,ALL,209623270.5,1.40%,843634907.2,24.85%
521,2010,TJK,RUS,ALL,208549206.9,1.40%,1058587725,19.70%
524,2011,TJK,RUS,ALL,85827132.4,0.57%,956493583,8.97%
527,2012,TJK,RUS,ALL,64167266.55,0.42%,893394694.7,7.18%
530,2013,TJK,RUS,ALL,37010592.27,0.24%,741584578.5,4.99%
533,2014,TJK,RUS,ALL,36212488.03,0.24%,697241149.8,5.19%
536,2015,TJK,RUS,ALL,43955957.68,0.29%,846280342.2,5.19%
539,2016,TJK,RUS,ALL,25671824.55,0.17%,781251618.3,3.29%
542,2017,TJK,RUS,ALL,24563702.91,0.16%,939740015.5,2.61%
547,1996,TKM,RUS,ALL,150892741.2,0.15%,468591469.6,32.20%
550,1997,TKM,RUS,ALL,140665331.8,0.14%,1224739297,11.49%
553,1998,TKM,RUS,ALL,41571957.76,0.04%,287440575.3,14.46%
556,1999,TKM,RUS,ALL,74367964.46,0.07%,797684766.2,9.32%
559,2000,TKM,RUS,ALL,62176391.35,0.06%,1568384027,3.96%
562,2001,TKM,RUS,ALL,36780100.34,0.04%,2074730188,1.77%
565,2002,TKM,RUS,ALL,29441757.11,0.03%,2375001789,1.24%
568,2003,TKM,RUS,ALL,26280531.82,0.03%,2374647836,1.11%
571,2004,TKM,RUS,ALL,40919274.7,0.04%,3241851617,1.26%
574,2005,TKM,RUS,ALL,73804565.54,0.07%,4381955675,1.68%
577,2006,TKM,RUS,ALL,77465537.74,0.08%,4959441750,1.56%
580,2007,TKM,RUS,ALL,67539454.62,0.07%,5911953150,1.14%
583,2008,TKM,RUS,ALL,98145309.74,0.10%,7273658678,1.35%
586,2009,TKM,RUS,ALL,44273081.57,0.04%,1869309912,2.37%
589,2010,TKM,RUS,ALL,145330907.7,0.14%,2407964842,6.04%
592,2011,TKM,RUS,ALL,138055908.3,0.14%,6665801269,2.07%
595,2012,TKM,RUS,ALL,176443729,0.17%,9458926649,1.87%
598,2013,TKM,RUS,ALL,136838481.9,0.13%,10347198233,1.32%
601,2014,TKM,RUS,ALL,89599434.39,0.09%,10646866230,0.84%
604,2015,TKM,RUS,ALL,68528506.38,0.07%,8943625116,0.77%
607,2016,TKM,RUS,ALL,327284673.2,0.32%,7056871243,4.64%
610,2017,TKM,RUS,ALL,83143633.55,0.08%,7102590916,1.17%
615,1996,UKR,RUS,ALL,5554253535,0.64%,15202712992,36.53%
618,1997,UKR,RUS,ALL,3765946164,0.43%,15249289478,24.70%
621,1998,UKR,RUS,ALL,2939404649,0.34%,13710990179,21.44%
624,1999,UKR,RUS,ALL,2427779677,0.28%,12105456408,20.06%
627,2000,UKR,RUS,ALL,3629952671,0.42%,15495965546,23.43%
630,2001,UKR,RUS,ALL,3656219195,0.42%,17461946776,20.94%
633,2002,UKR,RUS,ALL,3206472201,0.37%,19302028575,16.61%
636,2003,UKR,RUS,ALL,4335041903,0.50%,24732924375,17.53%
639,2004,UKR,RUS,ALL,5888295686,0.68%,34694372998,16.97%
642,2005,UKR,RUS,ALL,7460318387,0.86%,38027849764,19.62%
645,2006,UKR,RUS,ALL,8643061628,0.99%,40956522214,21.10%
648,2007,UKR,RUS,ALL,12653610463,1.50%,52911110662,23.91%
651,2008,UKR,RUS,ALL,15871202361,1.80%,73319437301,21.65%
654,2009,UKR,RUS,ALL,8687153292,1.00%,43270790066,20.08%
657,2010,UKR,RUS,ALL,13603920530,1.60%,56102750016,24.25%
660,2011,UKR,RUS,ALL,19745057477,2.30%,73036815779,27.03%
663,2012,UKR,RUS,ALL,17733599596,2.00%,73163970439,24.24%
666,2013,UKR,RUS,ALL,15125991253,1.70%,64735662923,23.37%
669,2014,UKR,RUS,ALL,9852038670,1.10%,58165607142,16.94%
672,2015,UKR,RUS,ALL,4986513133,0.57%,41692879056,11.96%
675,2016,UKR,RUS,ALL,3853129312,0.44%,35087403172,10.98%
678,2017,UKR,RUS,ALL,4245128155,0.49%,46119664971,9.20%
683,1996,UZB,RUS,ALL,626400582.1,0.65%,2422351333,25.86%
686,1997,UZB,RUS,ALL,816038440.1,0.85%,2533227821,32.21%
689,1998,UZB,RUS,ALL,510588509.1,0.53%,1708858412,29.88%
692,1999,UZB,RUS,ALL,442887448.5,0.46%,1486451873,29.79%
695,2000,UZB,RUS,ALL,645094253.4,0.67%,1984638516,32.50%
698,2001,UZB,RUS,ALL,565764437.3,0.59%,1920340371,29.46%
701,2002,UZB,RUS,ALL,334579013.3,0.35%,1478127905,22.64%
704,2003,UZB,RUS,ALL,416825849.3,0.43%,1994041159,20.90%
707,2004,UZB,RUS,ALL,601003319.7,0.63%,2832141721,21.22%
710,2005,UZB,RUS,ALL,841904748.5,0.88%,3631977816,23.18%
713,2006,UZB,RUS,ALL,1249547162,1.30%,4608766901,27.11%
716,2007,UZB,RUS,ALL,1422719909,1.50%,5650542013,25.18%
719,2008,UZB,RUS,ALL,1283898990,1.30%,6691995480,19.19%
722,2009,UZB,RUS,ALL,831697761.3,0.87%,4920944602,16.90%
725,2010,UZB,RUS,ALL,1494506283,1.60%,6099628008,24.50%
728,2011,UZB,RUS,ALL,1736042015,1.80%,6540423343,26.54%
731,2012,UZB,RUS,ALL,1337619448,1.40%,4780887022,27.98%
734,2013,UZB,RUS,ALL,1249591620,1.30%,5862945033,21.31%
737,2014,UZB,RUS,ALL,866014245.4,0.90%,6137943243,14.11%
740,2015,UZB,RUS,ALL,570350194.4,0.59%,5853634888,9.74%
743,2016,UZB,RUS,ALL,751432369.2,0.78%,7113866845,10.56%
746,2017,UZB,RUS,ALL,1010431377,1.10%,8383971852,12.05%
2,1995,ARM,USA,ALL,15656435.12,0.07%,37005083.89,42.31%
4,1996,ARM,USA,ALL,1202086.32,0.01%,74586432.54,1.61%
6,1997,ARM,USA,ALL,8361395.04,0.04%,194277964.1,4.30%
9,1998,ARM,USA,ALL,11194161.25,0.05%,125876507.6,8.89%
12,1999,ARM,USA,ALL,21121457.58,0.10%,137199907.5,15.39%
15,2000,ARM,USA,ALL,39504729.44,0.18%,296537905.4,13.32%
18,2001,ARM,USA,ALL,58507906.31,0.26%,350304137.9,16.70%
21,2002,ARM,USA,ALL,50423258.93,0.23%,502977122.9,10.02%
24,2003,ARM,USA,ALL,57009003.77,0.26%,737145719,7.73%
27,2004,ARM,USA,ALL,76291431.94,0.34%,746903696.9,10.21%
30,2005,ARM,USA,ALL,64191415.35,0.29%,989117073.1,6.49%
33,2006,ARM,USA,ALL,67827061.6,0.31%,1172588212,5.78%
36,2007,ARM,USA,ALL,51553976.08,0.23%,1364164272,3.78%
39,2008,ARM,USA,ALL,60572361.47,0.27%,1189875935,5.09%
42,2009,ARM,USA,ALL,65976944.15,0.30%,695036850.5,9.49%
45,2010,ARM,USA,ALL,84744559.15,0.38%,1032230168,8.21%
48,2011,ARM,USA,ALL,103129028,0.47%,1343543557,7.68%
51,2012,ARM,USA,ALL,90090678.14,0.41%,1624666792,5.55%
54,2013,ARM,USA,ALL,92850230,0.42%,1629173651,5.70%
57,2014,ARM,USA,ALL,92533571.23,0.42%,1623901975,5.70%
60,2015,ARM,USA,ALL,58219940.76,0.26%,1656467325,3.51%
63,2016,ARM,USA,ALL,44876033.66,0.20%,2164780673,2.07%
66,2017,ARM,USA,ALL,64481206.93,0.29%,2440052480,2.64%
68,1995,AZE,USA,ALL,685011.44,0.00%,100177229.5,0.68%
71,1996,AZE,USA,ALL,4472231.93,0.00%,640083154,0.70%
74,1997,AZE,USA,ALL,5200552.74,0.00%,589544449,0.88%
77,1998,AZE,USA,ALL,15627936.74,0.01%,522939794.8,2.99%
80,1999,AZE,USA,ALL,30109149.58,0.01%,800099496.4,3.76%
83,2000,AZE,USA,ALL,16815187.13,0.01%,1625973593,1.03%
86,2001,AZE,USA,ALL,25221546.74,0.01%,1855505154,1.36%
89,2002,AZE,USA,ALL,50401086.81,0.02%,1918261290,2.63%
92,2003,AZE,USA,ALL,75126190.32,0.03%,2323712102,3.23%
95,2004,AZE,USA,ALL,47647227.28,0.02%,3208151028,1.49%
98,2005,AZE,USA,ALL,56569405.44,0.02%,5251308953,1.08%
101,2006,AZE,USA,ALL,393940249.9,0.14%,8543260449,4.61%
104,2007,AZE,USA,ALL,1052400905,0.38%,13826283973,7.61%
107,2008,AZE,USA,ALL,5191276948,1.90%,35539456823,14.61%
110,2009,AZE,USA,ALL,1751738809,0.64%,17404218101,10.07%
113,2010,AZE,USA,ALL,1747430557,0.63%,25315533298,6.90%
116,2011,AZE,USA,ALL,2208607262,0.80%,30094723140,7.34%
119,2012,AZE,USA,ALL,1351511583,0.49%,27855359403,4.85%
122,2013,AZE,USA,ALL,1015592610,0.37%,28621540997,3.55%
125,2014,AZE,USA,ALL,828526188.9,0.30%,25746669524,3.22%
128,2015,AZE,USA,ALL,209334428.4,0.08%,16879075844,1.24%
131,2016,AZE,USA,ALL,108737466.3,0.04%,12263975886,0.89%
134,2017,AZE,USA,ALL,107236963.9,0.04%,14266343337,0.75%
136,1995,BLR,USA,ALL,44196909.92,0.01%,1419990207,3.11%
138,1996,BLR,USA,ALL,53821608.65,0.01%,1625621736,3.31%
141,1997,BLR,USA,ALL,68045016.66,0.02%,1827753596,3.72%
144,1998,BLR,USA,ALL,129412492.9,0.03%,6913694776,1.87%
147,1999,BLR,USA,ALL,97589496.71,0.02%,5499603114,1.77%
150,2000,BLR,USA,ALL,123017908.7,0.03%,7352758151,1.67%
153,2001,BLR,USA,ALL,105171073.2,0.02%,7443967692,1.41%
156,2002,BLR,USA,ALL,108307629.3,0.03%,7951031294,1.36%
159,2003,BLR,USA,ALL,226111360.1,0.05%,9956018450,2.27%
162,2004,BLR,USA,ALL,219696726,0.05%,13684338814,1.61%
165,2005,BLR,USA,ALL,264915752.3,0.06%,15948822723,1.66%
168,2006,BLR,USA,ALL,527108927.1,0.12%,19812658766,2.66%
171,2007,BLR,USA,ALL,358214279.4,0.08%,24298885986,1.47%
174,2008,BLR,USA,ALL,164936771.1,0.04%,32747534207,0.50%
177,2009,BLR,USA,ALL,52925784.63,0.01%,22360062557,0.24%
180,2010,BLR,USA,ALL,99447755.96,0.02%,24928089415,0.40%
183,2011,BLR,USA,ALL,114539207.2,0.03%,40220368844,0.28%
186,2012,BLR,USA,ALL,111440602.1,0.03%,44885816091,0.25%
189,2013,BLR,USA,ALL,125144788.1,0.03%,36430023449,0.34%
192,2014,BLR,USA,ALL,159466299.2,0.04%,36051028234,0.44%
195,2015,BLR,USA,ALL,146476152.3,0.03%,26079463311,0.56%
198,2016,BLR,USA,ALL,147920381.1,0.03%,22936622057,0.64%
201,2017,BLR,USA,ALL,246095334.8,0.06%,28538956345,0.86%
203,1995,GEO,USA,ALL,9868976.96,0.03%,95956930.14,10.28%
206,1996,GEO,USA,ALL,7827042.92,0.02%,268695688.6,2.91%
209,1997,GEO,USA,ALL,6551123.72,0.02%,394378231.7,1.66%
212,1998,GEO,USA,ALL,13545396.81,0.03%,314207454.8,4.31%
215,1999,GEO,USA,ALL,13290094.23,0.03%,337496727.4,3.94%
218,2000,GEO,USA,ALL,28928238.74,0.07%,628133832.2,4.61%
221,2001,GEO,USA,ALL,34560230.66,0.09%,619272767.8,5.58%
224,2002,GEO,USA,ALL,20062017.58,0.05%,631470764.6,3.18%
227,2003,GEO,USA,ALL,40009113.6,0.10%,914192851.7,4.38%
230,2004,GEO,USA,ALL,67199691.41,0.17%,1232682795,5.45%
233,2005,GEO,USA,ALL,187415621.6,0.47%,1514889255,12.37%
236,2006,GEO,USA,ALL,100002235.7,0.25%,1835082385,5.45%
239,2007,GEO,USA,ALL,197300567.8,0.49%,1951932959,10.11%
242,2008,GEO,USA,ALL,197500590.3,0.49%,2484388569,7.95%
245,2009,GEO,USA,ALL,58795719.51,0.15%,1862851874,3.16%
248,2010,GEO,USA,ALL,213037721.3,0.53%,2662787122,8%
251,2011,GEO,USA,ALL,171002451.4,0.43%,3402269078,5.03%
254,2012,GEO,USA,ALL,236859184.6,0.59%,3309085315,7.16%
257,2013,GEO,USA,ALL,159388811.1,0.40%,3450696307,4.62%
260,2014,GEO,USA,ALL,323048603.7,0.81%,3583682829,9.01%
263,2015,GEO,USA,ALL,168576267.4,0.42%,2769371978,6.09%
266,2016,GEO,USA,ALL,96196101.78,0.24%,2537551178,3.79%
269,2017,GEO,USA,ALL,144180971.5,0.36%,3214227747,4.49%
271,1995,KAZ,USA,ALL,99640902.42,0.01%,1198858435,8.31%
274,1996,KAZ,USA,ALL,94983979.12,0.01%,4284550746,2.22%
277,1997,KAZ,USA,ALL,66455695.52,0.01%,4866372883,1.37%
280,1998,KAZ,USA,ALL,137273024.9,0.02%,4185994730,3.28%
283,1999,KAZ,USA,ALL,218819706.2,0.03%,4617534868,4.74%
286,2000,KAZ,USA,ALL,429819429.5,0.06%,10731766811,4.01%
289,2001,KAZ,USA,ALL,361351160.2,0.05%,9743932639,3.71%
292,2002,KAZ,USA,ALL,285601690.1,0.04%,11012876180,2.59%
295,2003,KAZ,USA,ALL,336808719.8,0.04%,10663910668,3.16%
298,2004,KAZ,USA,ALL,467629974.4,0.06%,18555416349,2.52%
301,2005,KAZ,USA,ALL,914421657.3,0.12%,24573567134,3.72%
304,2006,KAZ,USA,ALL,935157843.6,0.12%,32966065988,2.84%
307,2007,KAZ,USA,ALL,975850515.4,0.13%,41890381204,2.33%
310,2008,KAZ,USA,ALL,1319453190,0.17%,61551030404,2.14%
313,2009,KAZ,USA,ALL,1124672543,0.15%,40282600053,2.79%
316,2010,KAZ,USA,ALL,1405160680,0.19%,54988020702,2.56%
319,2011,KAZ,USA,ALL,1435956850,0.19%,79481114256,1.81%
322,2012,KAZ,USA,ALL,922666620.3,0.12%,83752245164,1.10%
325,2013,KAZ,USA,ALL,825012785.9,0.11%,73979768973,1.12%
328,2014,KAZ,USA,ALL,1002363641,0.13%,68320160899,1.47%
331,2015,KAZ,USA,ALL,782215988.9,0.10%,40879555285,1.91%
334,2016,KAZ,USA,ALL,971372677,0.13%,32775349302,2.96%
337,2017,KAZ,USA,ALL,602612108.4,0.08%,44113785785,1.37%
340,1995,KGZ,USA,ALL,4634311.27,0.02%,371661575.6,1.25%
343,1996,KGZ,USA,ALL,9685486.64,0.04%,459806619,2.11%
346,1997,KGZ,USA,ALL,2370306.57,0.01%,290501340.8,0.82%
349,1998,KGZ,USA,ALL,165045.22,0.00%,429985754.9,0.04%
352,1999,KGZ,USA,ALL,484312.29,0.00%,316034576.1,0.15%
355,2000,KGZ,USA,ALL,2869566.11,0.01%,416970890.6,0.69%
358,2001,KGZ,USA,ALL,3783658.18,0.02%,427818342.7,0.88%
361,2002,KGZ,USA,ALL,32668239.09,0.15%,465368816,7.02%
364,2003,KGZ,USA,ALL,13739192.51,0.06%,337185729.5,4.07%
367,2004,KGZ,USA,ALL,12314187.49,0.06%,752165005.8,1.64%
370,2005,KGZ,USA,ALL,7789489.98,0.04%,691587208.6,1.13%
373,2006,KGZ,USA,ALL,10061127.34,0.05%,812946001.6,1.24%
376,2007,KGZ,USA,ALL,4627047.71,0.02%,1181147462,0.39%
379,2008,KGZ,USA,ALL,2421792.89,0.01%,1333256518,0.18%
382,2009,KGZ,USA,ALL,4265949.54,0.02%,1128481758,0.38%
385,2010,KGZ,USA,ALL,2106132.75,0.01%,1718549464,0.12%
388,2011,KGZ,USA,ALL,2852542.98,0.01%,2071827707,0.14%
391,2012,KGZ,USA,ALL,5292025.06,0.02%,1675326572,0.32%
394,2013,KGZ,USA,ALL,5323840.46,0.02%,1845216884,0.29%
397,2014,KGZ,USA,ALL,1431658.69,0.01%,1091786529,0.13%
400,2015,KGZ,USA,ALL,15793604.01,0.07%,1290297194,1.22%
403,2016,KGZ,USA,ALL,3160696.7,0.01%,1006149891,0.31%
406,2017,KGZ,USA,ALL,6589122.26,0.03%,1923654240,0.34%
409,1995,MDA,USA,ALL,27078324.2,0.07%,828279040.9,3.27%
412,1996,MDA,USA,ALL,33164720.37,0.09%,1024052388,3.24%
415,1997,MDA,USA,ALL,50497749.76,0.13%,1207158631,4.18%
418,1998,MDA,USA,ALL,105674707.1,0.27%,874868372.7,12.08%
421,1999,MDA,USA,ALL,86080177.75,0.22%,649334788.4,13.26%
424,2000,MDA,USA,ALL,96660637.78,0.25%,733162453.2,13.18%
427,2001,MDA,USA,ALL,67913894.62,0.17%,806768100.3,8.42%
430,2002,MDA,USA,ALL,45676148.5,0.12%,851148433.1,5.37%
433,2003,MDA,USA,ALL,42392174.37,0.11%,1014423549,4.18%
436,2004,MDA,USA,ALL,51995614.39,0.13%,1370213868,3.79%
439,2005,MDA,USA,ALL,55745385.52,0.14%,1509303984,3.69%
442,2006,MDA,USA,ALL,43673557.79,0.11%,1478254073,2.95%
445,2007,MDA,USA,ALL,31935052.01,0.08%,1965548148,1.62%
448,2008,MDA,USA,ALL,23038288.67,0.06%,2205950473,1.04%
451,2009,MDA,USA,ALL,21756352.91,0.06%,1616305507,1.35%
454,2010,MDA,USA,ALL,29150838.07,0.07%,1933774927,1.51%
457,2011,MDA,USA,ALL,33274337.86,0.09%,2774234603,1.20%
460,2012,MDA,USA,ALL,41883885.63,0.11%,2735704862,1.53%
463,2013,MDA,USA,ALL,41592129.92,0.11%,2907270721,1.43%
466,2014,MDA,USA,ALL,46564983.11,0.12%,2969580740,1.57%
469,2015,MDA,USA,ALL,40508950.74,0.10%,2400460349,1.69%
472,2016,MDA,USA,ALL,34982288.6,0.09%,2433199458,1.44%
475,2017,MDA,USA,ALL,33380734.64,0.09%,2956770720,1.13%
477,1995,TJK,USA,ALL,36632562.09,0.24%,225129871.6,16.27%
480,1996,TJK,USA,ALL,30973454.32,0.20%,306838423.8,10.09%
483,1997,TJK,USA,ALL,8209490.53,0.05%,268439936.2,3.06%
486,1998,TJK,USA,ALL,30994860.33,0.21%,254836934.9,12.16%
489,1999,TJK,USA,ALL,21817621.9,0.14%,259185559.3,8.42%
492,2000,TJK,USA,ALL,9449419.06,0.06%,400719461.8,2.36%
495,2001,TJK,USA,ALL,5172091.15,0.03%,337947026.9,1.53%
498,2002,TJK,USA,ALL,1095235.96,0.01%,432062935.7,0.25%
501,2003,TJK,USA,ALL,7673993,0.05%,540160206.5,1.42%
504,2004,TJK,USA,ALL,7366752.62,0.05%,621920845.2,1.18%
507,2005,TJK,USA,ALL,237122624.2,1.60%,767473184.3,30.90%
510,2006,TJK,USA,ALL,59114695.04,0.39%,878122868.4,6.73%
513,2007,TJK,USA,ALL,181723.52,0.00%,1071737937,0.02%
516,2008,TJK,USA,ALL,7476981.6,0.05%,989270999.7,0.76%
519,2009,TJK,USA,ALL,8515926.43,0.06%,843634907.2,1.01%
522,2010,TJK,USA,ALL,203047.15,0.00%,1058587725,0.02%
525,2011,TJK,USA,ALL,11623627.95,0.08%,956493583,1.22%
528,2012,TJK,USA,ALL,25781522.94,0.17%,893394694.7,2.89%
531,2013,TJK,USA,ALL,154607.48,0.00%,741584578.5,0.02%
534,2014,TJK,USA,ALL,2142508.5,0.01%,697241149.8,0.31%
537,2015,TJK,USA,ALL,32141600.23,0.21%,846280342.2,3.80%
540,2016,TJK,USA,ALL,647255.15,0.00%,781251618.3,0.08%
543,2017,TJK,USA,ALL,355323.89,0.00%,939740015.5,0.04%
545,1995,TKM,USA,ALL,1079652.82,0.00%,419140488.5,0.26%
548,1996,TKM,USA,ALL,370517.47,0.00%,468591469.6,0.08%
551,1997,TKM,USA,ALL,2021493.66,0.00%,1224739297,0.17%
554,1998,TKM,USA,ALL,2201314.34,0.00%,287440575.3,0.77%
557,1999,TKM,USA,ALL,8449449.07,0.01%,797684766.2,1.06%
560,2000,TKM,USA,ALL,28862801.8,0.03%,1568384027,1.84%
563,2001,TKM,USA,ALL,47694657.49,0.05%,2074730188,2.30%
566,2002,TKM,USA,ALL,62060829.35,0.06%,2375001789,2.61%
569,2003,TKM,USA,ALL,79718889.64,0.08%,2374647836,3.36%
572,2004,TKM,USA,ALL,84552450.91,0.08%,3241851617,2.61%
575,2005,TKM,USA,ALL,135711473.9,0.13%,4381955675,3.10%
578,2006,TKM,USA,ALL,76681448.14,0.08%,4959441750,1.55%
581,2007,TKM,USA,ALL,216730944.8,0.21%,5911953150,3.67%
584,2008,TKM,USA,ALL,137963312.3,0.14%,7273658678,1.90%
587,2009,TKM,USA,ALL,88847899.37,0.09%,1869309912,4.75%
590,2010,TKM,USA,ALL,48277548.76,0.05%,2407964842,2%
593,2011,TKM,USA,ALL,41996091.26,0.04%,6665801269,0.63%
596,2012,TKM,USA,ALL,86091285.87,0.09%,9458926649,0.91%
599,2013,TKM,USA,ALL,30146763.11,0.03%,10347198233,0.29%
602,2014,TKM,USA,ALL,18660705.81,0.02%,10646866230,0.18%
605,2015,TKM,USA,ALL,55014394.95,0.05%,8943625116,0.62%
608,2016,TKM,USA,ALL,18101035.04,0.02%,7056871243,0.26%
611,2017,TKM,USA,ALL,13699049.67,0.01%,7102590916,0.19%
613,1995,UKR,USA,ALL,358312058.9,0.04%,5646323117,6.35%
616,1996,UKR,USA,ALL,438636748,0.05%,15202712992,2.89%
619,1997,UKR,USA,ALL,414315011.9,0.05%,15249289478,2.72%
622,1998,UKR,USA,ALL,558525515.6,0.06%,13710990179,4.07%
625,1999,UKR,USA,ALL,526225128.3,0.06%,12105456408,4.35%
628,2000,UKR,USA,ALL,795989147.3,0.09%,15495965546,5.14%
631,2001,UKR,USA,ALL,624458149.3,0.07%,17461946776,3.58%
634,2002,UKR,USA,ALL,571547970.1,0.07%,19302028575,2.96%
637,2003,UKR,USA,ALL,707938835.3,0.08%,24732924375,2.86%
640,2004,UKR,USA,ALL,1563799568,0.18%,34694372998,4.51%
643,2005,UKR,USA,ALL,1064979335,0.12%,38027849764,2.80%
646,2006,UKR,USA,ALL,1313333623,0.15%,40956522214,3.21%
649,2007,UKR,USA,ALL,1166922952,0.13%,52911110662,2.21%
652,2008,UKR,USA,ALL,2060416694,0.24%,73319437301,2.81%
655,2009,UKR,USA,ALL,339743787.7,0.04%,43270790066,0.79%
658,2010,UKR,USA,ALL,911880749.4,0.10%,56102750016,1.63%
661,2011,UKR,USA,ALL,1237939112,0.14%,73036815779,1.69%
664,2012,UKR,USA,ALL,1176609862,0.14%,73163970439,1.61%
667,2013,UKR,USA,ALL,1004768732,0.12%,64735662923,1.55%
670,2014,UKR,USA,ALL,790569806.5,0.09%,58165607142,1.36%
673,2015,UKR,USA,ALL,671809748.2,0.08%,41692879056,1.61%
676,2016,UKR,USA,ALL,563349303.9,0.07%,35087403172,1.61%
679,2017,UKR,USA,ALL,920345984.6,0.11%,46119664971,2%
681,1995,UZB,USA,ALL,1356713.86,0.00%,1319742393,0.10%
684,1996,UZB,USA,ALL,143101168.5,0.15%,2422351333,5.91%
687,1997,UZB,USA,ALL,11268037.73,0.01%,2533227821,0.44%
690,1998,UZB,USA,ALL,9684500.09,0.01%,1708858412,0.57%
693,1999,UZB,USA,ALL,20745220.53,0.02%,1486451873,1.40%
696,2000,UZB,USA,ALL,34201933.94,0.04%,1984638516,1.72%
699,2001,UZB,USA,ALL,54499572.25,0.06%,1920340371,2.84%
702,2002,UZB,USA,ALL,79230207.81,0.08%,1478127905,5.36%
705,2003,UZB,USA,ALL,76437991.38,0.08%,1994041159,3.83%
708,2004,UZB,USA,ALL,72417108.47,0.08%,2832141721,2.56%
711,2005,UZB,USA,ALL,94850721.04,0.10%,3631977816,2.61%
714,2006,UZB,USA,ALL,152343433.1,0.16%,4608766901,3.31%
717,2007,UZB,USA,ALL,162594895.9,0.17%,5650542013,2.88%
720,2008,UZB,USA,ALL,289979806.7,0.30%,6691995480,4.33%
723,2009,UZB,USA,ALL,85694779.62,0.09%,4920944602,1.74%
726,2010,UZB,USA,ALL,64570817,0.07%,6099628008,1.06%
729,2011,UZB,USA,ALL,48132549.35,0.05%,6540423343,0.74%
732,2012,UZB,USA,ALL,23570828.61,0.03%,4780887022,0.49%
735,2013,UZB,USA,ALL,21647903.06,0.02%,5862945033,0.37%
738,2014,UZB,USA,ALL,9018338.51,0.01%,6137943243,0.15%
741,2015,UZB,USA,ALL,8969609.6,0.01%,5853634888,0.15%
744,2016,UZB,USA,ALL,30193251.9,0.03%,7113866845,0.42%
747,2017,UZB,USA,ALL,6380238.79,0.01%,8383971852,0.08%
