"","year.x","Countryname","PctAgreeZA","ccode.x"
"1","1991","Angola",0.256756756756757,540
"2","1991","Benin",0.0135135135135135,434
"3","1991","Botswana",0.0135135135135135,571
"4","1991","Burkina Faso",0.148648648648649,439
"5","1991","Burundi",0.027027027027027,516
"6","1991","Cabo Verde",0.0405405405405405,402
"7","1991","Cameroon",0.0405405405405405,471
"8","1991","Central African Republic",0.135135135135135,482
"9","1991","Chad",0.0135135135135135,483
"10","1991","Comoros",0.202702702702703,581
"11","1991","Congo",0.256756756756757,484
"12","1991","Côte D'Ivoire",0.108108108108108,437
"13","1991","Democratic Republic of the Congo",0.608108108108108,490
"14","1991","Djibouti",0.0405405405405405,522
"15","1991","Equatorial Guinea",1,411
"16","1991","Eritrea",0,531
"17","1991","Ethiopia",0.0135135135135135,530
"18","1991","Gabon",0.0135135135135135,481
"19","1991","Gambia (Islamic Republic of the)",0.0945945945945946,420
"20","1991","Ghana",0.121621621621622,452
"21","1991","Guinea",0.027027027027027,438
"22","1991","Guinea Bissau",0.22972972972973,404
"23","1991","Kenya",0.0540540540540541,501
"24","1991","Lesotho",0.027027027027027,570
"25","1991","Liberia",0.0540540540540541,450
"26","1991","Madagascar",0.135135135135135,580
"27","1991","Malawi",0.0675675675675676,553
"28","1991","Mali",0.0810810810810811,432
"29","1991","Mauritania",0.027027027027027,435
"30","1991","Mauritius",0.108108108108108,590
"31","1991","Mozambique",0.0405405405405405,541
"32","1991","Namibia",0,565
"33","1991","Niger",0.0405405405405405,436
"34","1991","Nigeria",0.0405405405405405,475
"35","1991","Rwanda",0.702702702702703,517
"36","1991","Sao Tome and Principe",0.027027027027027,403
"37","1991","Senegal",0.0405405405405405,433
"38","1991","Seychelles",0.135135135135135,591
"39","1991","Sierra Leone",0.189189189189189,451
"40","1991","Somalia",0.135135135135135,520
"41","1991","South Sudan",0,626
"42","1991","Sudan",0.162162162162162,625
"43","1991","Swaziland",0.0405405405405405,572
"44","1991","Togo",0,461
"45","1991","Uganda",0.0675675675675676,500
"46","1991","United Republic of Tanzania",0.0135135135135135,510
"47","1991","Zambia",0.0675675675675676,551
"48","1991","Zimbabwe",0.0135135135135135,552
"49","1992","Angola",0.04,540
"50","1992","Benin",0.0266666666666667,434
"51","1992","Botswana",0.0133333333333333,571
"52","1992","Burkina Faso",0.0133333333333333,439
"53","1992","Burundi",0.32,516
"54","1992","Cabo Verde",0.32,402
"55","1992","Cameroon",0.0133333333333333,471
"56","1992","Central African Republic",0.373333333333333,482
"57","1992","Chad",0.12,483
"58","1992","Comoros",0.2,581
"59","1992","Congo",0.453333333333333,484
"60","1992","Côte D'Ivoire",0.0533333333333333,437
"61","1992","Democratic Republic of the Congo",0.613333333333333,490
"62","1992","Djibouti",0.0666666666666667,522
"63","1992","Equatorial Guinea",1,411
"64","1992","Eritrea",0,531
"65","1992","Ethiopia",0.0933333333333333,530
"66","1992","Gabon",0.04,481
"67","1992","Gambia (Islamic Republic of the)",0.106666666666667,420
"68","1992","Ghana",0.226666666666667,452
"69","1992","Guinea",0.226666666666667,438
"70","1992","Guinea Bissau",0.106666666666667,404
"71","1992","Kenya",0.253333333333333,501
"72","1992","Lesotho",0.266666666666667,570
"73","1992","Liberia",0.173333333333333,450
"74","1992","Madagascar",0.133333333333333,580
"75","1992","Malawi",0.333333333333333,553
"76","1992","Mali",0.04,432
"77","1992","Mauritania",0.0266666666666667,435
"78","1992","Mauritius",0.12,590
"79","1992","Mozambique",0.306666666666667,541
"80","1992","Namibia",0.04,565
"81","1992","Niger",0.0266666666666667,436
"82","1992","Nigeria",0.04,475
"83","1992","Rwanda",0.0133333333333333,517
"84","1992","Sao Tome and Principe",0.186666666666667,403
"85","1992","Senegal",0.08,433
"86","1992","Seychelles",0.586666666666667,591
"87","1992","Sierra Leone",0.173333333333333,451
"88","1992","Somalia",1,520
"89","1992","South Sudan",0,626
"90","1992","Sudan",0.04,625
"91","1992","Swaziland",0.04,572
"92","1992","Togo",0.0133333333333333,461
"93","1992","Uganda",0.253333333333333,500
"94","1992","United Republic of Tanzania",0.133333333333333,510
"95","1992","Zambia",0.0666666666666667,551
"96","1992","Zimbabwe",0.0133333333333333,552
"97","1993","Angola",0.215384615384615,540
"98","1993","Benin",0.0461538461538462,434
"99","1993","Botswana",0,571
"100","1993","Burkina Faso",0.0461538461538462,439
"101","1993","Burundi",0.369230769230769,516
"102","1993","Cabo Verde",0.107692307692308,402
"103","1993","Cameroon",0.0615384615384615,471
"104","1993","Central African Republic",0.138461538461538,482
"105","1993","Chad",0.0461538461538462,483
"106","1993","Comoros",0.0769230769230769,581
"107","1993","Congo",0.153846153846154,484
"108","1993","Côte D'Ivoire",0.0923076923076923,437
"109","1993","Democratic Republic of the Congo",0.492307692307692,490
"110","1993","Djibouti",0.0769230769230769,522
"111","1993","Equatorial Guinea",1,411
"112","1993","Eritrea",0.876923076923077,531
"113","1993","Ethiopia",0.0923076923076923,530
"114","1993","Gabon",0.230769230769231,481
"115","1993","Gambia (Islamic Republic of the)",0.169230769230769,420
"116","1993","Ghana",0.0923076923076923,452
"117","1993","Guinea",0.138461538461538,438
"118","1993","Guinea Bissau",0.0307692307692308,404
"119","1993","Kenya",0,501
"120","1993","Lesotho",0.0153846153846154,570
"121","1993","Liberia",1,450
"122","1993","Madagascar",0.107692307692308,580
"123","1993","Malawi",0.0923076923076923,553
"124","1993","Mali",0.0615384615384615,432
"125","1993","Mauritania",0.0153846153846154,435
"126","1993","Mauritius",0.0307692307692308,590
"127","1993","Mozambique",0.0769230769230769,541
"128","1993","Namibia",0.0461538461538462,565
"129","1993","Niger",0.0461538461538462,436
"130","1993","Nigeria",0.0461538461538462,475
"131","1993","Rwanda",0.0153846153846154,517
"132","1993","Sao Tome and Principe",1,403
"133","1993","Senegal",0.0923076923076923,433
"134","1993","Seychelles",0.707692307692308,591
"135","1993","Sierra Leone",0.0307692307692308,451
"136","1993","Somalia",1,520
"137","1993","South Sudan",0,626
"138","1993","Sudan",0.0615384615384615,625
"139","1993","Swaziland",0.0769230769230769,572
"140","1993","Togo",0.0153846153846154,461
"141","1993","Uganda",0.123076923076923,500
"142","1993","United Republic of Tanzania",0.0615384615384615,510
"143","1993","Zambia",0.292307692307692,551
"144","1993","Zimbabwe",0.0153846153846154,552
"145","1994","Angola",0.485294117647059,540
"146","1994","Benin",0.838235294117647,434
"147","1994","Botswana",0.867647058823529,571
"148","1994","Burkina Faso",0.823529411764706,439
"149","1994","Burundi",0.779411764705882,516
"150","1994","Cabo Verde",0.75,402
"151","1994","Cameroon",0.808823529411765,471
"152","1994","Central African Republic",0.617647058823529,482
"153","1994","Chad",0.0294117647058824,483
"154","1994","Comoros",0.705882352941177,581
"155","1994","Congo",0.808823529411765,484
"156","1994","Côte D'Ivoire",0.764705882352941,437
"157","1994","Democratic Republic of the Congo",0.0441176470588235,490
"158","1994","Djibouti",0.808823529411765,522
"159","1994","Equatorial Guinea",0.0294117647058824,411
"160","1994","Eritrea",0.352941176470588,531
"161","1994","Ethiopia",0.838235294117647,530
"162","1994","Gabon",0.735294117647059,481
"163","1994","Gambia (Islamic Republic of the)",0.426470588235294,420
"164","1994","Ghana",0.779411764705882,452
"165","1994","Guinea",0.808823529411765,438
"166","1994","Guinea Bissau",0.0294117647058824,404
"167","1994","Kenya",0.823529411764706,501
"168","1994","Lesotho",0.735294117647059,570
"169","1994","Liberia",0.0294117647058824,450
"170","1994","Madagascar",0.485294117647059,580
"171","1994","Malawi",0.632352941176471,553
"172","1994","Mali",0.838235294117647,432
"173","1994","Mauritania",0.823529411764706,435
"174","1994","Mauritius",0.852941176470588,590
"175","1994","Mozambique",0.838235294117647,541
"176","1994","Namibia",0.867647058823529,565
"177","1994","Niger",0.823529411764706,436
"178","1994","Nigeria",0.823529411764706,475
"179","1994","Rwanda",0.220588235294118,517
"180","1994","Sao Tome and Principe",0.0294117647058824,403
"181","1994","Senegal",0.838235294117647,433
"182","1994","Seychelles",0.235294117647059,591
"183","1994","Sierra Leone",0.705882352941177,451
"184","1994","Somalia",0.0294117647058824,520
"185","1994","South Sudan",0,626
"186","1994","Sudan",0.720588235294118,625
"187","1994","Swaziland",0.632352941176471,572
"188","1994","Togo",0.838235294117647,461
"189","1994","Uganda",0.838235294117647,500
"190","1994","United Republic of Tanzania",0.838235294117647,510
"191","1994","Zambia",0.882352941176471,551
"192","1994","Zimbabwe",0.867647058823529,552
"193","1995","Angola",0.329113924050633,540
"194","1995","Benin",0.848101265822785,434
"195","1995","Botswana",0.89873417721519,571
"196","1995","Burkina Faso",0.835443037974684,439
"197","1995","Burundi",0.683544303797468,516
"198","1995","Cabo Verde",0.784810126582278,402
"199","1995","Cameroon",0.860759493670886,471
"200","1995","Central African Republic",0,482
"201","1995","Chad",0.784810126582278,483
"202","1995","Comoros",0,581
"203","1995","Congo",0.620253164556962,484
"204","1995","Côte D'Ivoire",0.772151898734177,437
"205","1995","Democratic Republic of the Congo",0.316455696202532,490
"206","1995","Djibouti",0.822784810126582,522
"207","1995","Equatorial Guinea",0.253164556962025,411
"208","1995","Eritrea",0.569620253164557,531
"209","1995","Ethiopia",0.848101265822785,530
"210","1995","Gabon",0.784810126582278,481
"211","1995","Gambia (Islamic Republic of the)",0.0886075949367089,420
"212","1995","Ghana",0.860759493670886,452
"213","1995","Guinea",0.822784810126582,438
"214","1995","Guinea Bissau",0.645569620253165,404
"215","1995","Kenya",0.810126582278481,501
"216","1995","Lesotho",0.670886075949367,570
"217","1995","Liberia",0,450
"218","1995","Madagascar",0.607594936708861,580
"219","1995","Malawi",0.886075949367089,553
"220","1995","Mali",0.860759493670886,432
"221","1995","Mauritania",0.772151898734177,435
"222","1995","Mauritius",0.911392405063291,590
"223","1995","Mozambique",0.531645569620253,541
"224","1995","Namibia",0.506329113924051,565
"225","1995","Niger",0.822784810126582,436
"226","1995","Nigeria",0.79746835443038,475
"227","1995","Rwanda",0.316455696202532,517
"228","1995","Sao Tome and Principe",0,403
"229","1995","Senegal",0.848101265822785,433
"230","1995","Seychelles",0.0253164556962025,591
"231","1995","Sierra Leone",0.645569620253165,451
"232","1995","Somalia",0,520
"233","1995","South Sudan",0,626
"234","1995","Sudan",0.784810126582278,625
"235","1995","Swaziland",0.810126582278481,572
"236","1995","Togo",0.822784810126582,461
"237","1995","Uganda",0.886075949367089,500
"238","1995","United Republic of Tanzania",0.683544303797468,510
"239","1995","Zambia",0.911392405063291,551
"240","1995","Zimbabwe",0.873417721518987,552
"241","1996","Angola",0.828947368421053,540
"242","1996","Benin",0.868421052631579,434
"243","1996","Botswana",0.855263157894737,571
"244","1996","Burkina Faso",0.842105263157895,439
"245","1996","Burundi",0.763157894736842,516
"246","1996","Cabo Verde",0.802631578947368,402
"247","1996","Cameroon",0.815789473684211,471
"248","1996","Central African Republic",0.0131578947368421,482
"249","1996","Chad",0.776315789473684,483
"250","1996","Comoros",0.144736842105263,581
"251","1996","Congo",0.644736842105263,484
"252","1996","Côte D'Ivoire",0.75,437
"253","1996","Democratic Republic of the Congo",0.0657894736842105,490
"254","1996","Djibouti",0.776315789473684,522
"255","1996","Equatorial Guinea",0.342105263157895,411
"256","1996","Eritrea",0.671052631578947,531
"257","1996","Ethiopia",0.75,530
"258","1996","Gabon",0.723684210526316,481
"259","1996","Gambia (Islamic Republic of the)",0.710526315789474,420
"260","1996","Ghana",0.855263157894737,452
"261","1996","Guinea",0.776315789473684,438
"262","1996","Guinea Bissau",0.842105263157895,404
"263","1996","Kenya",0.802631578947368,501
"264","1996","Lesotho",0.460526315789474,570
"265","1996","Liberia",0.578947368421053,450
"266","1996","Madagascar",0.671052631578947,580
"267","1996","Malawi",0.842105263157895,553
"268","1996","Mali",0.631578947368421,432
"269","1996","Mauritania",0.552631578947368,435
"270","1996","Mauritius",0.828947368421053,590
"271","1996","Mozambique",0.657894736842105,541
"272","1996","Namibia",0.723684210526316,565
"273","1996","Niger",0.75,436
"274","1996","Nigeria",0.842105263157895,475
"275","1996","Rwanda",0.105263157894737,517
"276","1996","Sao Tome and Principe",0.0131578947368421,403
"277","1996","Senegal",0.881578947368421,433
"278","1996","Seychelles",0.5,591
"279","1996","Sierra Leone",0.789473684210526,451
"280","1996","Somalia",0.0131578947368421,520
"281","1996","South Sudan",0,626
"282","1996","Sudan",0.842105263157895,625
"283","1996","Swaziland",0.697368421052632,572
"284","1996","Togo",0.828947368421053,461
"285","1996","Uganda",0.868421052631579,500
"286","1996","United Republic of Tanzania",0.842105263157895,510
"287","1996","Zambia",0.868421052631579,551
"288","1996","Zimbabwe",0.894736842105263,552
"289","1997","Angola",0.642857142857143,540
"290","1997","Benin",0.842857142857143,434
"291","1997","Botswana",0.857142857142857,571
"292","1997","Burkina Faso",0.8,439
"293","1997","Burundi",0.242857142857143,516
"294","1997","Cabo Verde",0.557142857142857,402
"295","1997","Cameroon",0.771428571428571,471
"296","1997","Central African Republic",0.0142857142857143,482
"297","1997","Chad",0.214285714285714,483
"298","1997","Comoros",0.257142857142857,581
"299","1997","Congo",0.542857142857143,484
"300","1997","Côte D'Ivoire",0.8,437
"301","1997","Democratic Republic of the Congo",0.528571428571429,490
"302","1997","Djibouti",0.857142857142857,522
"303","1997","Equatorial Guinea",0.628571428571429,411
"304","1997","Eritrea",0.728571428571429,531
"305","1997","Ethiopia",0.714285714285714,530
"306","1997","Gabon",0.714285714285714,481
"307","1997","Gambia (Islamic Republic of the)",0.0142857142857143,420
"308","1997","Ghana",0.771428571428571,452
"309","1997","Guinea",0.8,438
"310","1997","Guinea Bissau",0.771428571428571,404
"311","1997","Kenya",0.814285714285714,501
"312","1997","Lesotho",0.357142857142857,570
"313","1997","Liberia",0.728571428571429,450
"314","1997","Madagascar",0.571428571428571,580
"315","1997","Malawi",0.814285714285714,553
"316","1997","Mali",0.828571428571429,432
"317","1997","Mauritania",0.757142857142857,435
"318","1997","Mauritius",0.8,590
"319","1997","Mozambique",0.828571428571429,541
"320","1997","Namibia",0.857142857142857,565
"321","1997","Niger",0.828571428571429,436
"322","1997","Nigeria",0.785714285714286,475
"323","1997","Rwanda",0.214285714285714,517
"324","1997","Sao Tome and Principe",0.0142857142857143,403
"325","1997","Senegal",0.814285714285714,433
"326","1997","Seychelles",0.0142857142857143,591
"327","1997","Sierra Leone",0.771428571428571,451
"328","1997","Somalia",0.0142857142857143,520
"329","1997","South Sudan",0,626
"330","1997","Sudan",0.842857142857143,625
"331","1997","Swaziland",0.685714285714286,572
"332","1997","Togo",0.814285714285714,461
"333","1997","Uganda",0.771428571428571,500
"334","1997","United Republic of Tanzania",0.814285714285714,510
"335","1997","Zambia",0.657142857142857,551
"336","1997","Zimbabwe",0.828571428571429,552
"337","1998","Angola",0.806451612903226,540
"338","1998","Benin",0.870967741935484,434
"339","1998","Botswana",0.887096774193548,571
"340","1998","Burkina Faso",0.790322580645161,439
"341","1998","Burundi",0.564516129032258,516
"342","1998","Cabo Verde",0.82258064516129,402
"343","1998","Cameroon",0.758064516129032,471
"344","1998","Central African Republic",0.693548387096774,482
"345","1998","Chad",0.838709677419355,483
"346","1998","Comoros",0.532258064516129,581
"347","1998","Congo",0.516129032258065,484
"348","1998","Côte D'Ivoire",0.838709677419355,437
"349","1998","Democratic Republic of the Congo",0,490
"350","1998","Djibouti",0.854838709677419,522
"351","1998","Equatorial Guinea",0.82258064516129,411
"352","1998","Eritrea",0.774193548387097,531
"353","1998","Ethiopia",0.806451612903226,530
"354","1998","Gabon",0.741935483870968,481
"355","1998","Gambia (Islamic Republic of the)",0.854838709677419,420
"356","1998","Ghana",0.838709677419355,452
"357","1998","Guinea",0.854838709677419,438
"358","1998","Guinea Bissau",0.806451612903226,404
"359","1998","Kenya",0.82258064516129,501
"360","1998","Lesotho",0.483870967741935,570
"361","1998","Liberia",0,450
"362","1998","Madagascar",0.709677419354839,580
"363","1998","Malawi",0.870967741935484,553
"364","1998","Mali",0.838709677419355,432
"365","1998","Mauritania",0.838709677419355,435
"366","1998","Mauritius",0.82258064516129,590
"367","1998","Mozambique",0.82258064516129,541
"368","1998","Namibia",0.82258064516129,565
"369","1998","Niger",0.838709677419355,436
"370","1998","Nigeria",0.838709677419355,475
"371","1998","Rwanda",0.112903225806452,517
"372","1998","Sao Tome and Principe",0,403
"373","1998","Senegal",0.903225806451613,433
"374","1998","Seychelles",0.548387096774194,591
"375","1998","Sierra Leone",0.82258064516129,451
"376","1998","Somalia",0,520
"377","1998","South Sudan",0,626
"378","1998","Sudan",0.887096774193548,625
"379","1998","Swaziland",0.693548387096774,572
"380","1998","Togo",0.870967741935484,461
"381","1998","Uganda",0.419354838709677,500
"382","1998","United Republic of Tanzania",0.838709677419355,510
"383","1998","Zambia",0.629032258064516,551
"384","1998","Zimbabwe",0.806451612903226,552
"385","1999","Angola",0.808823529411765,540
"386","1999","Benin",0.779411764705882,434
"387","1999","Botswana",0.882352941176471,571
"388","1999","Burkina Faso",0.779411764705882,439
"389","1999","Burundi",0.0147058823529412,516
"390","1999","Cabo Verde",0.808823529411765,402
"391","1999","Cameroon",0.705882352941177,471
"392","1999","Central African Republic",0.0147058823529412,482
"393","1999","Chad",0.617647058823529,483
"394","1999","Comoros",0.220588235294118,581
"395","1999","Congo",0.735294117647059,484
"396","1999","Côte D'Ivoire",0.808823529411765,437
"397","1999","Democratic Republic of the Congo",0.102941176470588,490
"398","1999","Djibouti",0.794117647058823,522
"399","1999","Equatorial Guinea",0.514705882352941,411
"400","1999","Eritrea",0.764705882352941,531
"401","1999","Ethiopia",0.808823529411765,530
"402","1999","Gabon",0.485294117647059,481
"403","1999","Gambia (Islamic Republic of the)",0.279411764705882,420
"404","1999","Ghana",0.794117647058823,452
"405","1999","Guinea",0.735294117647059,438
"406","1999","Guinea Bissau",0.470588235294118,404
"407","1999","Kenya",0.75,501
"408","1999","Lesotho",0.0882352941176471,570
"409","1999","Liberia",0.0147058823529412,450
"410","1999","Madagascar",0.720588235294118,580
"411","1999","Malawi",0.264705882352941,553
"412","1999","Mali",0.75,432
"413","1999","Mauritania",0.0147058823529412,435
"414","1999","Mauritius",0.823529411764706,590
"415","1999","Mozambique",0.808823529411765,541
"416","1999","Namibia",0.838235294117647,565
"417","1999","Niger",0.0147058823529412,436
"418","1999","Nigeria",0.838235294117647,475
"419","1999","Rwanda",0.0588235294117647,517
"420","1999","Sao Tome and Principe",0.0147058823529412,403
"421","1999","Senegal",0.823529411764706,433
"422","1999","Seychelles",0.514705882352941,591
"423","1999","Sierra Leone",0.735294117647059,451
"424","1999","Somalia",0.0147058823529412,520
"425","1999","South Sudan",0,626
"426","1999","Sudan",0.808823529411765,625
"427","1999","Swaziland",0.705882352941177,572
"428","1999","Togo",0.794117647058823,461
"429","1999","Uganda",0.455882352941176,500
"430","1999","United Republic of Tanzania",0.75,510
"431","1999","Zambia",0.808823529411765,551
"432","1999","Zimbabwe",0.808823529411765,552
"433","2000","Angola",0.656716417910448,540
"434","2000","Benin",0.761194029850746,434
"435","2000","Botswana",0.82089552238806,571
"436","2000","Burkina Faso",0.850746268656716,439
"437","2000","Burundi",0.805970149253731,516
"438","2000","Cabo Verde",0.791044776119403,402
"439","2000","Cameroon",0.701492537313433,471
"440","2000","Central African Republic",0,482
"441","2000","Chad",0.522388059701492,483
"442","2000","Comoros",0.597014925373134,581
"443","2000","Congo",0.149253731343284,484
"444","2000","Côte D'Ivoire",0.73134328358209,437
"445","2000","Democratic Republic of the Congo",0.119402985074627,490
"446","2000","Djibouti",0.805970149253731,522
"447","2000","Equatorial Guinea",0.313432835820896,411
"448","2000","Eritrea",0.805970149253731,531
"449","2000","Ethiopia",0.865671641791045,530
"450","2000","Gabon",0.82089552238806,481
"451","2000","Gambia (Islamic Republic of the)",0.537313432835821,420
"452","2000","Ghana",0.850746268656716,452
"453","2000","Guinea",0.835820895522388,438
"454","2000","Guinea Bissau",0,404
"455","2000","Kenya",0.850746268656716,501
"456","2000","Lesotho",0.462686567164179,570
"457","2000","Liberia",0,450
"458","2000","Madagascar",0.791044776119403,580
"459","2000","Malawi",0.492537313432836,553
"460","2000","Mali",0.805970149253731,432
"461","2000","Mauritania",0.462686567164179,435
"462","2000","Mauritius",0.82089552238806,590
"463","2000","Mozambique",0.82089552238806,541
"464","2000","Namibia",0.865671641791045,565
"465","2000","Niger",0.0149253731343284,436
"466","2000","Nigeria",0.835820895522388,475
"467","2000","Rwanda",0.149253731343284,517
"468","2000","Sao Tome and Principe",0.17910447761194,403
"469","2000","Senegal",0.865671641791045,433
"470","2000","Seychelles",0,591
"471","2000","Sierra Leone",0.716417910447761,451
"472","2000","Somalia",0,520
"473","2000","South Sudan",0,626
"474","2000","Sudan",0.835820895522388,625
"475","2000","Swaziland",0.835820895522388,572
"476","2000","Togo",0.850746268656716,461
"477","2000","Uganda",0.850746268656716,500
"478","2000","United Republic of Tanzania",0.850746268656716,510
"479","2000","Zambia",0.865671641791045,551
"480","2000","Zimbabwe",0.835820895522388,552
"481","2001","Angola",0.73134328358209,540
"482","2001","Benin",0.716417910447761,434
"483","2001","Botswana",0.567164179104478,571
"484","2001","Burkina Faso",0.805970149253731,439
"485","2001","Burundi",0.746268656716418,516
"486","2001","Cabo Verde",0.776119402985075,402
"487","2001","Cameroon",0.582089552238806,471
"488","2001","Central African Republic",0.0447761194029851,482
"489","2001","Chad",0.194029850746269,483
"490","2001","Comoros",0.626865671641791,581
"491","2001","Congo",0.552238805970149,484
"492","2001","Côte D'Ivoire",0.73134328358209,437
"493","2001","Democratic Republic of the Congo",0.208955223880597,490
"494","2001","Djibouti",0.716417910447761,522
"495","2001","Equatorial Guinea",0.582089552238806,411
"496","2001","Eritrea",0.761194029850746,531
"497","2001","Ethiopia",0.761194029850746,530
"498","2001","Gabon",0.761194029850746,481
"499","2001","Gambia (Islamic Republic of the)",0.194029850746269,420
"500","2001","Ghana",0.776119402985075,452
"501","2001","Guinea",0.701492537313433,438
"502","2001","Guinea Bissau",0.0447761194029851,404
"503","2001","Kenya",0.716417910447761,501
"504","2001","Lesotho",0.283582089552239,570
"505","2001","Liberia",0.0447761194029851,450
"506","2001","Madagascar",0.761194029850746,580
"507","2001","Malawi",0.26865671641791,553
"508","2001","Mali",0.716417910447761,432
"509","2001","Mauritania",0.671641791044776,435
"510","2001","Mauritius",0.447761194029851,590
"511","2001","Mozambique",0.716417910447761,541
"512","2001","Namibia",0.746268656716418,565
"513","2001","Niger",0.0447761194029851,436
"514","2001","Nigeria",0.805970149253731,475
"515","2001","Rwanda",0.223880597014925,517
"516","2001","Sao Tome and Principe",0.0447761194029851,403
"517","2001","Senegal",0.761194029850746,433
"518","2001","Seychelles",0.567164179104478,591
"519","2001","Sierra Leone",0.761194029850746,451
"520","2001","Somalia",0.0447761194029851,520
"521","2001","South Sudan",0,626
"522","2001","Sudan",0.716417910447761,625
"523","2001","Swaziland",0.552238805970149,572
"524","2001","Togo",0.761194029850746,461
"525","2001","Uganda",0.552238805970149,500
"526","2001","United Republic of Tanzania",0.776119402985075,510
"527","2001","Zambia",0.805970149253731,551
"528","2001","Zimbabwe",0.283582089552239,552
"529","2002","Angola",0.835616438356164,540
"530","2002","Benin",0.328767123287671,434
"531","2002","Botswana",0.863013698630137,571
"532","2002","Burkina Faso",0.945205479452055,439
"533","2002","Burundi",0.684931506849315,516
"534","2002","Cabo Verde",0.904109589041096,402
"535","2002","Cameroon",0.726027397260274,471
"536","2002","Central African Republic",0,482
"537","2002","Chad",0.424657534246575,483
"538","2002","Comoros",0.657534246575342,581
"539","2002","Congo",0.89041095890411,484
"540","2002","Côte D'Ivoire",0.849315068493151,437
"541","2002","Democratic Republic of the Congo",0.479452054794521,490
"542","2002","Djibouti",0.917808219178082,522
"543","2002","Equatorial Guinea",0.301369863013699,411
"544","2002","Eritrea",0.931506849315068,531
"545","2002","Ethiopia",0.821917808219178,530
"546","2002","Gabon",0.589041095890411,481
"547","2002","Gambia (Islamic Republic of the)",0.671232876712329,420
"548","2002","Ghana",0.917808219178082,452
"549","2002","Guinea",0.917808219178082,438
"550","2002","Guinea Bissau",0.0410958904109589,404
"551","2002","Kenya",0.876712328767123,501
"552","2002","Lesotho",0.876712328767123,570
"553","2002","Liberia",0,450
"554","2002","Madagascar",0.726027397260274,580
"555","2002","Malawi",0.780821917808219,553
"556","2002","Mali",0.917808219178082,432
"557","2002","Mauritania",0.863013698630137,435
"558","2002","Mauritius",0.835616438356164,590
"559","2002","Mozambique",0.753424657534247,541
"560","2002","Namibia",0.808219178082192,565
"561","2002","Niger",0,436
"562","2002","Nigeria",0.917808219178082,475
"563","2002","Rwanda",0.479452054794521,517
"564","2002","Sao Tome and Principe",0.808219178082192,403
"565","2002","Senegal",0.917808219178082,433
"566","2002","Seychelles",0.712328767123288,591
"567","2002","Sierra Leone",0.726027397260274,451
"568","2002","Somalia",0.561643835616438,520
"569","2002","South Sudan",0,626
"570","2002","Sudan",0.89041095890411,625
"571","2002","Swaziland",0.808219178082192,572
"572","2002","Togo",0.904109589041096,461
"573","2002","Uganda",0.835616438356164,500
"574","2002","United Republic of Tanzania",0.917808219178082,510
"575","2002","Zambia",0.931506849315068,551
"576","2002","Zimbabwe",0.643835616438356,552
"577","2003","Angola",0.756756756756757,540
"578","2003","Benin",0.810810810810811,434
"579","2003","Botswana",0.864864864864865,571
"580","2003","Burkina Faso",0.878378378378378,439
"581","2003","Burundi",0.77027027027027,516
"582","2003","Cabo Verde",0.837837837837838,402
"583","2003","Cameroon",0.621621621621622,471
"584","2003","Central African Republic",0.743243243243243,482
"585","2003","Chad",0.0540540540540541,483
"586","2003","Comoros",0.864864864864865,581
"587","2003","Congo",0.716216216216216,484
"588","2003","Côte D'Ivoire",0.824324324324324,437
"589","2003","Democratic Republic of the Congo",0.364864864864865,490
"590","2003","Djibouti",0.878378378378378,522
"591","2003","Equatorial Guinea",0.216216216216216,411
"592","2003","Eritrea",0.851351351351351,531
"593","2003","Ethiopia",0.851351351351351,530
"594","2003","Gabon",0.824324324324324,481
"595","2003","Gambia (Islamic Republic of the)",0.756756756756757,420
"596","2003","Ghana",0.905405405405405,452
"597","2003","Guinea",0.878378378378378,438
"598","2003","Guinea Bissau",0.810810810810811,404
"599","2003","Kenya",0.891891891891892,501
"600","2003","Lesotho",0.891891891891892,570
"601","2003","Liberia",0.0405405405405405,450
"602","2003","Madagascar",0.878378378378378,580
"603","2003","Malawi",0.594594594594595,553
"604","2003","Mali",0.878378378378378,432
"605","2003","Mauritania",0.891891891891892,435
"606","2003","Mauritius",0.837837837837838,590
"607","2003","Mozambique",0.878378378378378,541
"608","2003","Namibia",0.851351351351351,565
"609","2003","Niger",0.878378378378378,436
"610","2003","Nigeria",0.891891891891892,475
"611","2003","Rwanda",0.5,517
"612","2003","Sao Tome and Principe",0.0540540540540541,403
"613","2003","Senegal",0.837837837837838,433
"614","2003","Seychelles",0.635135135135135,591
"615","2003","Sierra Leone",0.554054054054054,451
"616","2003","Somalia",0.675675675675676,520
"617","2003","South Sudan",0,626
"618","2003","Sudan",0.864864864864865,625
"619","2003","Swaziland",0.567567567567568,572
"620","2003","Togo",0.891891891891892,461
"621","2003","Uganda",0.608108108108108,500
"622","2003","United Republic of Tanzania",0.891891891891892,510
"623","2003","Zambia",0.878378378378378,551
"624","2003","Zimbabwe",0.864864864864865,552
"625","2004","Angola",0.722222222222222,540
"626","2004","Benin",0.875,434
"627","2004","Botswana",0.847222222222222,571
"628","2004","Burkina Faso",0.916666666666667,439
"629","2004","Burundi",0.847222222222222,516
"630","2004","Cabo Verde",0.875,402
"631","2004","Cameroon",0.666666666666667,471
"632","2004","Central African Republic",0.763888888888889,482
"633","2004","Chad",0.263888888888889,483
"634","2004","Comoros",0.791666666666667,581
"635","2004","Congo",0.597222222222222,484
"636","2004","Côte D'Ivoire",0.777777777777778,437
"637","2004","Democratic Republic of the Congo",0.416666666666667,490
"638","2004","Djibouti",0.930555555555556,522
"639","2004","Equatorial Guinea",0.652777777777778,411
"640","2004","Eritrea",0.888888888888889,531
"641","2004","Ethiopia",0.847222222222222,530
"642","2004","Gabon",0.888888888888889,481
"643","2004","Gambia (Islamic Republic of the)",0.666666666666667,420
"644","2004","Ghana",0.944444444444444,452
"645","2004","Guinea",0.625,438
"646","2004","Guinea Bissau",0.819444444444444,404
"647","2004","Kenya",0.819444444444444,501
"648","2004","Lesotho",0.930555555555556,570
"649","2004","Liberia",0.75,450
"650","2004","Madagascar",0.888888888888889,580
"651","2004","Malawi",0.472222222222222,553
"652","2004","Mali",0.902777777777778,432
"653","2004","Mauritania",0.513888888888889,435
"654","2004","Mauritius",0.888888888888889,590
"655","2004","Mozambique",0.930555555555556,541
"656","2004","Namibia",0.930555555555556,565
"657","2004","Niger",0.708333333333333,436
"658","2004","Nigeria",0.930555555555556,475
"659","2004","Rwanda",0.611111111111111,517
"660","2004","Sao Tome and Principe",0.763888888888889,403
"661","2004","Senegal",0.930555555555556,433
"662","2004","Seychelles",0.722222222222222,591
"663","2004","Sierra Leone",0.916666666666667,451
"664","2004","Somalia",0.875,520
"665","2004","South Sudan",0,626
"666","2004","Sudan",0.916666666666667,625
"667","2004","Swaziland",0.652777777777778,572
"668","2004","Togo",0.958333333333333,461
"669","2004","Uganda",0.763888888888889,500
"670","2004","United Republic of Tanzania",0.916666666666667,510
"671","2004","Zambia",0.930555555555556,551
"672","2004","Zimbabwe",0.902777777777778,552
"673","2005","Angola",0.418918918918919,540
"674","2005","Benin",0.878378378378378,434
"675","2005","Botswana",0.824324324324324,571
"676","2005","Burkina Faso",0.878378378378378,439
"677","2005","Burundi",0.743243243243243,516
"678","2005","Cabo Verde",0.837837837837838,402
"679","2005","Cameroon",0.648648648648649,471
"680","2005","Central African Republic",0.567567567567568,482
"681","2005","Chad",0.0945945945945946,483
"682","2005","Comoros",0.527027027027027,581
"683","2005","Congo",0.486486486486487,484
"684","2005","Côte D'Ivoire",0.608108108108108,437
"685","2005","Democratic Republic of the Congo",0.459459459459459,490
"686","2005","Djibouti",0.905405405405405,522
"687","2005","Equatorial Guinea",0.027027027027027,411
"688","2005","Eritrea",0.891891891891892,531
"689","2005","Ethiopia",0.797297297297297,530
"690","2005","Gabon",0.77027027027027,481
"691","2005","Gambia (Islamic Republic of the)",0.310810810810811,420
"692","2005","Ghana",0.918918918918919,452
"693","2005","Guinea",0.878378378378378,438
"694","2005","Guinea Bissau",0.756756756756757,404
"695","2005","Kenya",0.837837837837838,501
"696","2005","Lesotho",0.905405405405405,570
"697","2005","Liberia",0.621621621621622,450
"698","2005","Madagascar",0.608108108108108,580
"699","2005","Malawi",0.689189189189189,553
"700","2005","Mali",0.891891891891892,432
"701","2005","Mauritania",0.837837837837838,435
"702","2005","Mauritius",0.851351351351351,590
"703","2005","Mozambique",0.837837837837838,541
"704","2005","Namibia",0.891891891891892,565
"705","2005","Niger",0.797297297297297,436
"706","2005","Nigeria",0.891891891891892,475
"707","2005","Rwanda",0.310810810810811,517
"708","2005","Sao Tome and Principe",0.283783783783784,403
"709","2005","Senegal",0.891891891891892,433
"710","2005","Seychelles",0.027027027027027,591
"711","2005","Sierra Leone",0.351351351351351,451
"712","2005","Somalia",0.797297297297297,520
"713","2005","South Sudan",0,626
"714","2005","Sudan",0.851351351351351,625
"715","2005","Swaziland",0.148648648648649,572
"716","2005","Togo",0.918918918918919,461
"717","2005","Uganda",0.662162162162162,500
"718","2005","United Republic of Tanzania",0.891891891891892,510
"719","2005","Zambia",0.905405405405405,551
"720","2005","Zimbabwe",0.878378378378378,552
"721","2006","Angola",0.816091954022989,540
"722","2006","Benin",0.758620689655172,434
"723","2006","Botswana",0.528735632183908,571
"724","2006","Burkina Faso",0.885057471264368,439
"725","2006","Burundi",0.747126436781609,516
"726","2006","Cabo Verde",0.862068965517241,402
"727","2006","Cameroon",0.632183908045977,471
"728","2006","Central African Republic",0.816091954022989,482
"729","2006","Chad",0.459770114942529,483
"730","2006","Comoros",0.896551724137931,581
"731","2006","Congo",0.885057471264368,484
"732","2006","Côte D'Ivoire",0.735632183908046,437
"733","2006","Democratic Republic of the Congo",0.494252873563218,490
"734","2006","Djibouti",0.896551724137931,522
"735","2006","Equatorial Guinea",0.160919540229885,411
"736","2006","Eritrea",0.885057471264368,531
"737","2006","Ethiopia",0.850574712643678,530
"738","2006","Gabon",0.793103448275862,481
"739","2006","Gambia (Islamic Republic of the)",0.540229885057471,420
"740","2006","Ghana",0.885057471264368,452
"741","2006","Guinea",0.908045977011494,438
"742","2006","Guinea Bissau",0.517241379310345,404
"743","2006","Kenya",0.655172413793103,501
"744","2006","Lesotho",0.850574712643678,570
"745","2006","Liberia",0.632183908045977,450
"746","2006","Madagascar",0.413793103448276,580
"747","2006","Malawi",0.71264367816092,553
"748","2006","Mali",0.908045977011494,432
"749","2006","Mauritania",0.931034482758621,435
"750","2006","Mauritius",0.896551724137931,590
"751","2006","Mozambique",0.908045977011494,541
"752","2006","Namibia",0.919540229885057,565
"753","2006","Niger",0.919540229885057,436
"754","2006","Nigeria",0.862068965517241,475
"755","2006","Rwanda",0.620689655172414,517
"756","2006","Sao Tome and Principe",0.770114942528736,403
"757","2006","Senegal",0.896551724137931,433
"758","2006","Seychelles",0.103448275862069,591
"759","2006","Sierra Leone",0.862068965517241,451
"760","2006","Somalia",0.379310344827586,520
"761","2006","South Sudan",0,626
"762","2006","Sudan",0.873563218390805,625
"763","2006","Swaziland",0.724137931034483,572
"764","2006","Togo",0.908045977011494,461
"765","2006","Uganda",0.517241379310345,500
"766","2006","United Republic of Tanzania",0.735632183908046,510
"767","2006","Zambia",0.931034482758621,551
"768","2006","Zimbabwe",0.850574712643678,552
"769","2007","Angola",0.558441558441558,540
"770","2007","Benin",0.909090909090909,434
"771","2007","Botswana",0.896103896103896,571
"772","2007","Burkina Faso",0.922077922077922,439
"773","2007","Burundi",0.727272727272727,516
"774","2007","Cabo Verde",0.831168831168831,402
"775","2007","Cameroon",0.597402597402597,471
"776","2007","Central African Republic",0.792207792207792,482
"777","2007","Chad",0.25974025974026,483
"778","2007","Comoros",0.857142857142857,581
"779","2007","Congo",0.948051948051948,484
"780","2007","Côte D'Ivoire",0.623376623376623,437
"781","2007","Democratic Republic of the Congo",0.480519480519481,490
"782","2007","Djibouti",0.961038961038961,522
"783","2007","Equatorial Guinea",0.454545454545455,411
"784","2007","Eritrea",0.935064935064935,531
"785","2007","Ethiopia",0.766233766233766,530
"786","2007","Gabon",0.896103896103896,481
"787","2007","Gambia (Islamic Republic of the)",0.662337662337662,420
"788","2007","Ghana",0.922077922077922,452
"789","2007","Guinea",0.935064935064935,438
"790","2007","Guinea Bissau",0.337662337662338,404
"791","2007","Kenya",0.792207792207792,501
"792","2007","Lesotho",0.948051948051948,570
"793","2007","Liberia",0.636363636363636,450
"794","2007","Madagascar",0.714285714285714,580
"795","2007","Malawi",0.857142857142857,553
"796","2007","Mali",0.961038961038961,432
"797","2007","Mauritania",0.909090909090909,435
"798","2007","Mauritius",0.909090909090909,590
"799","2007","Mozambique",0.948051948051948,541
"800","2007","Namibia",0.844155844155844,565
"801","2007","Niger",0.948051948051948,436
"802","2007","Nigeria",0.883116883116883,475
"803","2007","Rwanda",0.571428571428571,517
"804","2007","Sao Tome and Principe",0.506493506493506,403
"805","2007","Senegal",0.948051948051948,433
"806","2007","Seychelles",0.012987012987013,591
"807","2007","Sierra Leone",0.701298701298701,451
"808","2007","Somalia",0.675324675324675,520
"809","2007","South Sudan",0,626
"810","2007","Sudan",0.935064935064935,625
"811","2007","Swaziland",0.779220779220779,572
"812","2007","Togo",0.896103896103896,461
"813","2007","Uganda",0.61038961038961,500
"814","2007","United Republic of Tanzania",0.922077922077922,510
"815","2007","Zambia",0.948051948051948,551
"816","2007","Zimbabwe",0.935064935064935,552
"817","2008","Angola",0.894736842105263,540
"818","2008","Benin",0.828947368421053,434
"819","2008","Botswana",0.828947368421053,571
"820","2008","Burkina Faso",0.855263157894737,439
"821","2008","Burundi",0.802631578947368,516
"822","2008","Cabo Verde",0.789473684210526,402
"823","2008","Cameroon",0.657894736842105,471
"824","2008","Central African Republic",0.434210526315789,482
"825","2008","Chad",0.25,483
"826","2008","Comoros",0.815789473684211,581
"827","2008","Congo",0.973684210526316,484
"828","2008","Côte D'Ivoire",0.789473684210526,437
"829","2008","Democratic Republic of the Congo",0.236842105263158,490
"830","2008","Djibouti",0.881578947368421,522
"831","2008","Equatorial Guinea",0.342105263157895,411
"832","2008","Eritrea",0.894736842105263,531
"833","2008","Ethiopia",0.894736842105263,530
"834","2008","Gabon",0.565789473684211,481
"835","2008","Gambia (Islamic Republic of the)",0.302631578947368,420
"836","2008","Ghana",0.907894736842105,452
"837","2008","Guinea",0.855263157894737,438
"838","2008","Guinea Bissau",0.842105263157895,404
"839","2008","Kenya",0.907894736842105,501
"840","2008","Lesotho",0.894736842105263,570
"841","2008","Liberia",0.815789473684211,450
"842","2008","Madagascar",0.763157894736842,580
"843","2008","Malawi",0.802631578947368,553
"844","2008","Mali",0.921052631578947,432
"845","2008","Mauritania",0.907894736842105,435
"846","2008","Mauritius",0.894736842105263,590
"847","2008","Mozambique",0.947368421052632,541
"848","2008","Namibia",0.921052631578947,565
"849","2008","Niger",0.828947368421053,436
"850","2008","Nigeria",0.815789473684211,475
"851","2008","Rwanda",0.631578947368421,517
"852","2008","Sao Tome and Principe",0.776315789473684,403
"853","2008","Senegal",0.894736842105263,433
"854","2008","Seychelles",0.0131578947368421,591
"855","2008","Sierra Leone",0.171052631578947,451
"856","2008","Somalia",0.342105263157895,520
"857","2008","South Sudan",0,626
"858","2008","Sudan",0.855263157894737,625
"859","2008","Swaziland",0.907894736842105,572
"860","2008","Togo",0.934210526315789,461
"861","2008","Uganda",0.842105263157895,500
"862","2008","United Republic of Tanzania",0.789473684210526,510
"863","2008","Zambia",0.934210526315789,551
"864","2008","Zimbabwe",0.868421052631579,552
"865","2009","Angola",0.938461538461538,540
"866","2009","Benin",0.892307692307692,434
"867","2009","Botswana",0.892307692307692,571
"868","2009","Burkina Faso",0.784615384615385,439
"869","2009","Burundi",0.876923076923077,516
"870","2009","Cabo Verde",0.907692307692308,402
"871","2009","Cameroon",0.615384615384615,471
"872","2009","Central African Republic",0.292307692307692,482
"873","2009","Chad",0.384615384615385,483
"874","2009","Comoros",0.861538461538462,581
"875","2009","Congo",0.861538461538462,484
"876","2009","Côte D'Ivoire",0.753846153846154,437
"877","2009","Democratic Republic of the Congo",0.630769230769231,490
"878","2009","Djibouti",0.923076923076923,522
"879","2009","Equatorial Guinea",0.476923076923077,411
"880","2009","Eritrea",0.907692307692308,531
"881","2009","Ethiopia",0.6,530
"882","2009","Gabon",0.415384615384615,481
"883","2009","Gambia (Islamic Republic of the)",0.646153846153846,420
"884","2009","Ghana",0.938461538461538,452
"885","2009","Guinea",0.923076923076923,438
"886","2009","Guinea Bissau",0.938461538461538,404
"887","2009","Kenya",0.892307692307692,501
"888","2009","Lesotho",0.923076923076923,570
"889","2009","Liberia",0.784615384615385,450
"890","2009","Madagascar",0.830769230769231,580
"891","2009","Malawi",0.830769230769231,553
"892","2009","Mali",0.969230769230769,432
"893","2009","Mauritania",0.938461538461538,435
"894","2009","Mauritius",0.923076923076923,590
"895","2009","Mozambique",0.953846153846154,541
"896","2009","Namibia",0.892307692307692,565
"897","2009","Niger",0.923076923076923,436
"898","2009","Nigeria",0.953846153846154,475
"899","2009","Rwanda",0.323076923076923,517
"900","2009","Sao Tome and Principe",0.0153846153846154,403
"901","2009","Senegal",0.923076923076923,433
"902","2009","Seychelles",0.138461538461538,591
"903","2009","Sierra Leone",0.738461538461539,451
"904","2009","Somalia",0.753846153846154,520
"905","2009","South Sudan",0,626
"906","2009","Sudan",0.892307692307692,625
"907","2009","Swaziland",0.876923076923077,572
"908","2009","Togo",0.938461538461538,461
"909","2009","Uganda",0.723076923076923,500
"910","2009","United Republic of Tanzania",0.892307692307692,510
"911","2009","Zambia",0.938461538461538,551
"912","2009","Zimbabwe",0.892307692307692,552
"913","2010","Angola",0.863636363636364,540
"914","2010","Benin",0.712121212121212,434
"915","2010","Botswana",0.818181818181818,571
"916","2010","Burkina Faso",0.878787878787879,439
"917","2010","Burundi",0.196969696969697,516
"918","2010","Cabo Verde",0.772727272727273,402
"919","2010","Cameroon",0.606060606060606,471
"920","2010","Central African Republic",0.727272727272727,482
"921","2010","Chad",0.0303030303030303,483
"922","2010","Comoros",0.878787878787879,581
"923","2010","Congo",0.803030303030303,484
"924","2010","Côte D'Ivoire",0.590909090909091,437
"925","2010","Democratic Republic of the Congo",0.484848484848485,490
"926","2010","Djibouti",0.909090909090909,522
"927","2010","Equatorial Guinea",0.0606060606060606,411
"928","2010","Eritrea",0.878787878787879,531
"929","2010","Ethiopia",0.863636363636364,530
"930","2010","Gabon",0.909090909090909,481
"931","2010","Gambia (Islamic Republic of the)",0.863636363636364,420
"932","2010","Ghana",0.878787878787879,452
"933","2010","Guinea",0.833333333333333,438
"934","2010","Guinea Bissau",0.863636363636364,404
"935","2010","Kenya",0.893939393939394,501
"936","2010","Lesotho",0.848484848484849,570
"937","2010","Liberia",0.833333333333333,450
"938","2010","Madagascar",0.878787878787879,580
"939","2010","Malawi",0.863636363636364,553
"940","2010","Mali",0.939393939393939,432
"941","2010","Mauritania",0.893939393939394,435
"942","2010","Mauritius",0.924242424242424,590
"943","2010","Mozambique",0.878787878787879,541
"944","2010","Namibia",0.651515151515151,565
"945","2010","Niger",0.909090909090909,436
"946","2010","Nigeria",0.878787878787879,475
"947","2010","Rwanda",0.5,517
"948","2010","Sao Tome and Principe",0.515151515151515,403
"949","2010","Senegal",0.924242424242424,433
"950","2010","Seychelles",0.363636363636364,591
"951","2010","Sierra Leone",0.666666666666667,451
"952","2010","Somalia",0.878787878787879,520
"953","2010","South Sudan",0,626
"954","2010","Sudan",0.893939393939394,625
"955","2010","Swaziland",0.863636363636364,572
"956","2010","Togo",0.909090909090909,461
"957","2010","Uganda",0.575757575757576,500
"958","2010","United Republic of Tanzania",0.772727272727273,510
"959","2010","Zambia",0.893939393939394,551
"960","2010","Zimbabwe",0.863636363636364,552
"961","2011","Angola",0.735294117647059,540
"962","2011","Benin",0.838235294117647,434
"963","2011","Botswana",0.779411764705882,571
"964","2011","Burkina Faso",0.808823529411765,439
"965","2011","Burundi",0.455882352941176,516
"966","2011","Cabo Verde",0.75,402
"967","2011","Cameroon",0.573529411764706,471
"968","2011","Central African Republic",0.279411764705882,482
"969","2011","Chad",0.794117647058823,483
"970","2011","Comoros",0.705882352941177,581
"971","2011","Congo",0.823529411764706,484
"972","2011","Côte D'Ivoire",0.720588235294118,437
"973","2011","Democratic Republic of the Congo",0.308823529411765,490
"974","2011","Djibouti",0.838235294117647,522
"975","2011","Equatorial Guinea",0.308823529411765,411
"976","2011","Eritrea",0.691176470588235,531
"977","2011","Ethiopia",0.808823529411765,530
"978","2011","Gabon",0.426470588235294,481
"979","2011","Gambia (Islamic Republic of the)",0.367647058823529,420
"980","2011","Ghana",0.808823529411765,452
"981","2011","Guinea",0.823529411764706,438
"982","2011","Guinea Bissau",0.779411764705882,404
"983","2011","Kenya",0.882352941176471,501
"984","2011","Lesotho",0.867647058823529,570
"985","2011","Liberia",0.823529411764706,450
"986","2011","Madagascar",0.75,580
"987","2011","Malawi",0.705882352941177,553
"988","2011","Mali",0.838235294117647,432
"989","2011","Mauritania",0.823529411764706,435
"990","2011","Mauritius",0.808823529411765,590
"991","2011","Mozambique",0.838235294117647,541
"992","2011","Namibia",0.882352941176471,565
"993","2011","Niger",0.558823529411765,436
"994","2011","Nigeria",0.661764705882353,475
"995","2011","Rwanda",0.220588235294118,517
"996","2011","Sao Tome and Principe",0.544117647058823,403
"997","2011","Senegal",0.808823529411765,433
"998","2011","Seychelles",0.470588235294118,591
"999","2011","Sierra Leone",0.823529411764706,451
"1000","2011","Somalia",0.514705882352941,520
"1001","2011","South Sudan",0.191176470588235,626
"1002","2011","Sudan",0.764705882352941,625
"1003","2011","Swaziland",0.867647058823529,572
"1004","2011","Togo",0.779411764705882,461
"1005","2011","Uganda",0.794117647058823,500
"1006","2011","United Republic of Tanzania",0.647058823529412,510
"1007","2011","Zambia",0.882352941176471,551
"1008","2011","Zimbabwe",0.838235294117647,552
"1009","2012","Angola",0.857142857142857,540
"1010","2012","Benin",0.9,434
"1011","2012","Botswana",0.828571428571429,571
"1012","2012","Burkina Faso",0.857142857142857,439
"1013","2012","Burundi",0.514285714285714,516
"1014","2012","Cabo Verde",0.814285714285714,402
"1015","2012","Cameroon",0.557142857142857,471
"1016","2012","Central African Republic",0.557142857142857,482
"1017","2012","Chad",0.557142857142857,483
"1018","2012","Comoros",0.8,581
"1019","2012","Congo",0.9,484
"1020","2012","Côte D'Ivoire",0.885714285714286,437
"1021","2012","Democratic Republic of the Congo",0.514285714285714,490
"1022","2012","Djibouti",0.857142857142857,522
"1023","2012","Equatorial Guinea",0.128571428571429,411
"1024","2012","Eritrea",0.885714285714286,531
"1025","2012","Ethiopia",0.828571428571429,530
"1026","2012","Gabon",0.714285714285714,481
"1027","2012","Gambia (Islamic Republic of the)",0.628571428571429,420
"1028","2012","Ghana",0.6,452
"1029","2012","Guinea",0.842857142857143,438
"1030","2012","Guinea Bissau",0.757142857142857,404
"1031","2012","Kenya",0.828571428571429,501
"1032","2012","Lesotho",0.842857142857143,570
"1033","2012","Liberia",0.785714285714286,450
"1034","2012","Madagascar",0.614285714285714,580
"1035","2012","Malawi",0.657142857142857,553
"1036","2012","Mali",0.885714285714286,432
"1037","2012","Mauritania",0.842857142857143,435
"1038","2012","Mauritius",0.9,590
"1039","2012","Mozambique",0.828571428571429,541
"1040","2012","Namibia",0.842857142857143,565
"1041","2012","Niger",0.871428571428571,436
"1042","2012","Nigeria",0.9,475
"1043","2012","Rwanda",0.7,517
"1044","2012","Sao Tome and Principe",0.342857142857143,403
"1045","2012","Senegal",0.842857142857143,433
"1046","2012","Seychelles",0.242857142857143,591
"1047","2012","Sierra Leone",0.671428571428571,451
"1048","2012","Somalia",0.814285714285714,520
"1049","2012","South Sudan",0.457142857142857,626
"1050","2012","Sudan",0.814285714285714,625
"1051","2012","Swaziland",0.742857142857143,572
"1052","2012","Togo",0.814285714285714,461
"1053","2012","Uganda",0.885714285714286,500
"1054","2012","United Republic of Tanzania",0.9,510
"1055","2012","Zambia",0.857142857142857,551
"1056","2012","Zimbabwe",0.785714285714286,552
"1057","2013","Angola",0.933333333333333,540
"1058","2013","Benin",0.933333333333333,434
"1059","2013","Botswana",0.783333333333333,571
"1060","2013","Burkina Faso",0.883333333333333,439
"1061","2013","Burundi",0.766666666666667,516
"1062","2013","Cabo Verde",0.916666666666667,402
"1063","2013","Cameroon",0.516666666666667,471
"1064","2013","Central African Republic",0.05,482
"1065","2013","Chad",0.416666666666667,483
"1066","2013","Comoros",0.566666666666667,581
"1067","2013","Congo",0.883333333333333,484
"1068","2013","Côte D'Ivoire",0.866666666666667,437
"1069","2013","Democratic Republic of the Congo",0.683333333333333,490
"1070","2013","Djibouti",0.916666666666667,522
"1071","2013","Equatorial Guinea",0.283333333333333,411
"1072","2013","Eritrea",0.883333333333333,531
"1073","2013","Ethiopia",0.9,530
"1074","2013","Gabon",0.666666666666667,481
"1075","2013","Gambia (Islamic Republic of the)",0.9,420
"1076","2013","Ghana",0.7,452
"1077","2013","Guinea",0.866666666666667,438
"1078","2013","Guinea Bissau",0.933333333333333,404
"1079","2013","Kenya",0.8,501
"1080","2013","Lesotho",0.95,570
"1081","2013","Liberia",0.833333333333333,450
"1082","2013","Madagascar",0.633333333333333,580
"1083","2013","Malawi",0.683333333333333,553
"1084","2013","Mali",0.866666666666667,432
"1085","2013","Mauritania",0.883333333333333,435
"1086","2013","Mauritius",0.9,590
"1087","2013","Mozambique",0.9,541
"1088","2013","Namibia",0.933333333333333,565
"1089","2013","Niger",0.933333333333333,436
"1090","2013","Nigeria",0.9,475
"1091","2013","Rwanda",0.616666666666667,517
"1092","2013","Sao Tome and Principe",0.916666666666667,403
"1093","2013","Senegal",0.933333333333333,433
"1094","2013","Seychelles",0.816666666666667,591
"1095","2013","Sierra Leone",0.916666666666667,451
"1096","2013","Somalia",0.916666666666667,520
"1097","2013","South Sudan",0.3,626
"1098","2013","Sudan",0.883333333333333,625
"1099","2013","Swaziland",0.95,572
"1100","2013","Togo",0.8,461
"1101","2013","Uganda",0.85,500
"1102","2013","United Republic of Tanzania",0.916666666666667,510
"1103","2013","Zambia",0.916666666666667,551
"1104","2013","Zimbabwe",0.85,552
"1105","2014","Angola",0.925,540
"1106","2014","Benin",0.7625,434
"1107","2014","Botswana",0.85,571
"1108","2014","Burkina Faso",0.8625,439
"1109","2014","Burundi",0.325,516
"1110","2014","Cabo Verde",0.775,402
"1111","2014","Cameroon",0.65,471
"1112","2014","Central African Republic",0.75,482
"1113","2014","Chad",0.6,483
"1114","2014","Comoros",0.35,581
"1115","2014","Congo",0.8625,484
"1116","2014","Côte D'Ivoire",0.675,437
"1117","2014","Democratic Republic of the Congo",0.2625,490
"1118","2014","Djibouti",0.8875,522
"1119","2014","Equatorial Guinea",0.3375,411
"1120","2014","Eritrea",0.8625,531
"1121","2014","Ethiopia",0.875,530
"1122","2014","Gabon",0.275,481
"1123","2014","Gambia (Islamic Republic of the)",0.4375,420
"1124","2014","Ghana",0.75,452
"1125","2014","Guinea",0.8875,438
"1126","2014","Guinea Bissau",0.7875,404
"1127","2014","Kenya",0.6875,501
"1128","2014","Lesotho",0.7875,570
"1129","2014","Liberia",0.75,450
"1130","2014","Madagascar",0.575,580
"1131","2014","Malawi",0.7125,553
"1132","2014","Mali",0.9375,432
"1133","2014","Mauritania",0.8125,435
"1134","2014","Mauritius",0.8875,590
"1135","2014","Mozambique",0.9125,541
"1136","2014","Namibia",0.9125,565
"1137","2014","Niger",0.925,436
"1138","2014","Nigeria",0.9,475
"1139","2014","Rwanda",0.75,517
"1140","2014","Sao Tome and Principe",0.6875,403
"1141","2014","Senegal",0.9125,433
"1142","2014","Seychelles",0.8375,591
"1143","2014","Sierra Leone",0.375,451
"1144","2014","Somalia",0.8125,520
"1145","2014","South Sudan",0.225,626
"1146","2014","Sudan",0.8125,625
"1147","2014","Swaziland",0.3625,572
"1148","2014","Togo",0.825,461
"1149","2014","Uganda",0.7875,500
"1150","2014","United Republic of Tanzania",0.8875,510
"1151","2014","Zambia",0.8125,551
"1152","2014","Zimbabwe",0.8375,552
"1153","2015","Angola",0.564102564102564,540
"1154","2015","Benin",0.743589743589744,434
"1155","2015","Botswana",0.846153846153846,571
"1156","2015","Burkina Faso",0.858974358974359,439
"1157","2015","Burundi",0.769230769230769,516
"1158","2015","Cabo Verde",0.884615384615385,402
"1159","2015","Cameroon",0.615384615384615,471
"1160","2015","Central African Republic",0.692307692307692,482
"1161","2015","Chad",0.871794871794872,483
"1162","2015","Comoros",0.730769230769231,581
"1163","2015","Congo",0.91025641025641,484
"1164","2015","Côte D'Ivoire",0.653846153846154,437
"1165","2015","Democratic Republic of the Congo",0.512820512820513,490
"1166","2015","Djibouti",0.91025641025641,522
"1167","2015","Equatorial Guinea",0.602564102564103,411
"1168","2015","Eritrea",0.884615384615385,531
"1169","2015","Ethiopia",0.871794871794872,530
"1170","2015","Gabon",0.858974358974359,481
"1171","2015","Gambia (Islamic Republic of the)",0.653846153846154,420
"1172","2015","Ghana",0.794871794871795,452
"1173","2015","Guinea",0.884615384615385,438
"1174","2015","Guinea Bissau",0.833333333333333,404
"1175","2015","Kenya",0.897435897435897,501
"1176","2015","Lesotho",0.769230769230769,570
"1177","2015","Liberia",0.769230769230769,450
"1178","2015","Madagascar",0.692307692307692,580
"1179","2015","Malawi",0.769230769230769,553
"1180","2015","Mali",0.884615384615385,432
"1181","2015","Mauritania",0.884615384615385,435
"1182","2015","Mauritius",0.846153846153846,590
"1183","2015","Mozambique",0.884615384615385,541
"1184","2015","Namibia",0.833333333333333,565
"1185","2015","Niger",0.923076923076923,436
"1186","2015","Nigeria",0.91025641025641,475
"1187","2015","Rwanda",0.487179487179487,517
"1188","2015","Sao Tome and Principe",0.0128205128205128,403
"1189","2015","Senegal",0.923076923076923,433
"1190","2015","Seychelles",0.230769230769231,591
"1191","2015","Sierra Leone",0.538461538461538,451
"1192","2015","Somalia",0.333333333333333,520
"1193","2015","South Sudan",0.243589743589744,626
"1194","2015","Sudan",0.897435897435897,625
"1195","2015","Swaziland",0.615384615384615,572
"1196","2015","Togo",0.692307692307692,461
"1197","2015","Uganda",0.794871794871795,500
"1198","2015","United Republic of Tanzania",0.923076923076923,510
"1199","2015","Zambia",0.846153846153846,551
"1200","2015","Zimbabwe",0.884615384615385,552
"1201","2016","Angola",0.88,540
"1202","2016","Benin",0.866666666666667,434
"1203","2016","Botswana",0.72,571
"1204","2016","Burkina Faso",0.826666666666667,439
"1205","2016","Burundi",0.813333333333333,516
"1206","2016","Cabo Verde",0.84,402
"1207","2016","Cameroon",0.6,471
"1208","2016","Central African Republic",0.706666666666667,482
"1209","2016","Chad",0.853333333333333,483
"1210","2016","Comoros",0.76,581
"1211","2016","Congo",0.786666666666667,484
"1212","2016","Côte D'Ivoire",0.666666666666667,437
"1213","2016","Democratic Republic of the Congo",0.533333333333333,490
"1214","2016","Djibouti",0.826666666666667,522
"1215","2016","Equatorial Guinea",0.2,411
"1216","2016","Eritrea",0.893333333333333,531
"1217","2016","Ethiopia",0.853333333333333,530
"1218","2016","Gabon",0.266666666666667,481
"1219","2016","Gambia (Islamic Republic of the)",0.24,420
"1220","2016","Ghana",0.786666666666667,452
"1221","2016","Guinea",0.733333333333333,438
"1222","2016","Guinea Bissau",0.866666666666667,404
"1223","2016","Kenya",0.893333333333333,501
"1224","2016","Lesotho",0.893333333333333,570
"1225","2016","Liberia",0.72,450
"1226","2016","Madagascar",0.733333333333333,580
"1227","2016","Malawi",0.72,553
"1228","2016","Mali",0.906666666666667,432
"1229","2016","Mauritania",0.826666666666667,435
"1230","2016","Mauritius",0.88,590
"1231","2016","Mozambique",0.893333333333333,541
"1232","2016","Namibia",0.813333333333333,565
"1233","2016","Niger",0.813333333333333,436
"1234","2016","Nigeria",0.866666666666667,475
"1235","2016","Rwanda",0.0133333333333333,517
"1236","2016","Sao Tome and Principe",0.186666666666667,403
"1237","2016","Senegal",0.853333333333333,433
"1238","2016","Seychelles",0.68,591
"1239","2016","Sierra Leone",0.8,451
"1240","2016","Somalia",0.173333333333333,520
"1241","2016","South Sudan",0.466666666666667,626
"1242","2016","Sudan",0.866666666666667,625
"1243","2016","Swaziland",0.52,572
"1244","2016","Togo",0.733333333333333,461
"1245","2016","Uganda",0.68,500
"1246","2016","United Republic of Tanzania",0.893333333333333,510
"1247","2016","Zambia",0.813333333333333,551
"1248","2016","Zimbabwe",1,552
"1249","2017","Angola",0.829787234042553,540
"1250","2017","Benin",0.595744680851064,434
"1251","2017","Botswana",0.819148936170213,571
"1252","2017","Burkina Faso",0.808510638297872,439
"1253","2017","Burundi",0.797872340425532,516
"1254","2017","Cabo Verde",0.851063829787234,402
"1255","2017","Cameroon",0.51063829787234,471
"1256","2017","Central African Republic",0.617021276595745,482
"1257","2017","Chad",0.638297872340426,483
"1258","2017","Comoros",0.638297872340426,581
"1259","2017","Congo",0.861702127659574,484
"1260","2017","Côte D'Ivoire",0.851063829787234,437
"1261","2017","Democratic Republic of the Congo",0.5,490
"1262","2017","Djibouti",0.861702127659574,522
"1263","2017","Equatorial Guinea",0.829787234042553,411
"1264","2017","Eritrea",0.861702127659574,531
"1265","2017","Ethiopia",0.861702127659574,530
"1266","2017","Gabon",0.702127659574468,481
"1267","2017","Gambia (Islamic Republic of the)",0.765957446808511,420
"1268","2017","Ghana",0.627659574468085,452
"1269","2017","Guinea",0.851063829787234,438
"1270","2017","Guinea Bissau",0.436170212765957,404
"1271","2017","Kenya",0.851063829787234,501
"1272","2017","Lesotho",0.851063829787234,570
"1273","2017","Liberia",0.585106382978723,450
"1274","2017","Madagascar",0.712765957446808,580
"1275","2017","Malawi",0.563829787234043,553
"1276","2017","Mali",0.808510638297872,432
"1277","2017","Mauritania",0.851063829787234,435
"1278","2017","Mauritius",0.872340425531915,590
"1279","2017","Mozambique",0.893617021276596,541
"1280","2017","Namibia",0.904255319148936,565
"1281","2017","Niger",0.351063829787234,436
"1282","2017","Nigeria",0.882978723404255,475
"1283","2017","Rwanda",0.563829787234043,517
"1284","2017","Sao Tome and Principe",0.0212765957446809,403
"1285","2017","Senegal",0.776595744680851,433
"1286","2017","Seychelles",0.393617021276596,591
"1287","2017","Sierra Leone",0.808510638297872,451
"1288","2017","Somalia",0.585106382978723,520
"1289","2017","South Sudan",0.0851063829787234,626
"1290","2017","Sudan",0.904255319148936,625
"1291","2017","Swaziland",0.574468085106383,572
"1292","2017","Togo",0.670212765957447,461
"1293","2017","Uganda",0.861702127659574,500
"1294","2017","United Republic of Tanzania",0.840425531914894,510
"1295","2017","Zambia",0.797872340425532,551
"1296","2017","Zimbabwe",0.811111111111111,552
