"","year","country_origin_id","country_destination_id","sitc_product_id","export_val","export_val_pct","countT","per"
"1",1991,"ALB","CHN","ALL",2792518,"0.011%",145595690,"1.92%"
"2",1991,"ALB","USA","ALL",3188141,"0.013%",145595690,"2.19%"
"3",1992,"ALB","CHN","ALL",180604,"0.00072%",97672406,"0.18%"
"4",1992,"ALB","USA","ALL",4942159,"0.020%",97672406,"5.06%"
"5",1993,"ALB","CHN","ALL",46248,"0.00018%",115430046,"0.04%"
"6",1993,"ALB","USA","ALL",7302634,"0.029%",115430046,"6.33%"
"7",1994,"ALB","USA","ALL",5934664,"0.024%",157279553,"3.77%"
"8",1995,"ALB","USA","ALL",9103368,"0.036%",213557137,"4.26%"
"9",1996,"ALB","CHN","ALL",2199903,"0.0088%",281405979,"0.78%"
"10",1996,"ALB","RUS","ALL",98087,"0.00039%",281405979,"0.03%"
"11",1996,"ALB","USA","ALL",9994160,"0.040%",281405979,"3.55%"
"12",1997,"ALB","CHN","ALL",1221,"0.0000049%",251241794,"0%"
"13",1997,"ALB","RUS","ALL",1370410,"0.0055%",251241794,"0.55%"
"14",1997,"ALB","USA","ALL",11781793,"0.047%",251241794,"4.69%"
"15",1998,"ALB","CHN","ALL",1221,"0.0000049%",251241794,"0%"
"16",1998,"ALB","RUS","ALL",1370410,"0.0055%",251241794,"0.55%"
"17",1998,"ALB","USA","ALL",11781793,"0.047%",251241794,"4.69%"
"18",1999,"ALB","RUS","ALL",478184,"0.0019%",244020160,"0.2%"
"19",1999,"ALB","USA","ALL",8527633,"0.034%",244020160,"3.49%"
"20",2000,"ALB","CHN","ALL",1624,"0.0000065%",264566259,"0%"
"21",2000,"ALB","RUS","ALL",600672,"0.0024%",264566259,"0.23%"
"22",2000,"ALB","USA","ALL",7203493,"0.029%",264566259,"2.72%"
"23",2001,"ALB","CHN","ALL",1321,"0.0000053%",327233882,"0%"
"24",2001,"ALB","RUS","ALL",638084,"0.0025%",327233882,"0.19%"
"25",2001,"ALB","USA","ALL",6872985,"0.027%",327233882,"2.1%"
"26",2002,"ALB","CHN","ALL",76381,"0.00030%",332897815,"0.02%"
"27",2002,"ALB","RUS","ALL",296042,"0.0012%",332897815,"0.09%"
"28",2002,"ALB","USA","ALL",5543029,"0.022%",332897815,"1.67%"
"29",2003,"ALB","CHN","ALL",51980,"0.00021%",434041958,"0.01%"
"30",2003,"ALB","RUS","ALL",5924038,"0.024%",434041958,"1.36%"
"31",2003,"ALB","USA","ALL",4212402,"0.017%",434041958,"0.97%"
"32",2004,"ALB","CHN","ALL",5380475,"0.021%",518368067,"1.04%"
"33",2004,"ALB","RUS","ALL",2065097,"0.0082%",518368067,"0.4%"
"34",2004,"ALB","USA","ALL",10964593,"0.044%",518368067,"2.12%"
"35",2005,"ALB","CHN","ALL",6348776,"0.025%",579055399,"1.1%"
"36",2005,"ALB","RUS","ALL",1573380,"0.0063%",579055399,"0.27%"
"37",2005,"ALB","USA","ALL",35257615,"0.14%",579055399,"6.09%"
"38",2006,"ALB","CHN","ALL",11669864,"0.047%",688170245,"1.7%"
"39",2006,"ALB","RUS","ALL",3789491,"0.015%",688170245,"0.55%"
"40",2006,"ALB","USA","ALL",22764816,"0.091%",688170245,"3.31%"
"41",2007,"ALB","CHN","ALL",60294996,"0.24%",979644064,"6.15%"
"42",2007,"ALB","RUS","ALL",3772206,"0.015%",979644064,"0.39%"
"43",2007,"ALB","USA","ALL",9129646,"0.036%",979644064,"0.93%"
"44",2008,"ALB","CHN","ALL",79857795,"0.32%",1947385968,"4.1%"
"45",2008,"ALB","RUS","ALL",25598553,"0.10%",1947385968,"1.31%"
"46",2008,"ALB","USA","ALL",11108272,"0.044%",1947385968,"0.57%"
"47",2009,"ALB","CHN","ALL",58328088,"0.23%",3284406190,"1.78%"
"48",2009,"ALB","RUS","ALL",3834843,"0.015%",3284406190,"0.12%"
"49",2009,"ALB","USA","ALL",14103503,"0.056%",3284406190,"0.43%"
"50",2010,"ALB","CHN","ALL",133452285,"0.53%",1422153483,"9.38%"
"51",2010,"ALB","RUS","ALL",3436286,"0.014%",1422153483,"0.24%"
"52",2010,"ALB","USA","ALL",29064297,"0.12%",1422153483,"2.04%"
"53",2011,"ALB","CHN","ALL",48580502,"0.19%",1948207336,"2.49%"
"54",2011,"ALB","RUS","ALL",139789,"0.00056%",1948207336,"0.01%"
"55",2011,"ALB","USA","ALL",19752008,"0.079%",1948207336,"1.01%"
"56",2012,"ALB","CHN","ALL",53059389,"0.21%",1967918960,"2.7%"
"57",2012,"ALB","RUS","ALL",308417,"0.0012%",1967918960,"0.02%"
"58",2012,"ALB","USA","ALL",9427976,"0.038%",1967918960,"0.48%"
"59",2013,"ALB","CHN","ALL",108391861,"0.43%",2331521935,"4.65%"
"60",2013,"ALB","RUS","ALL",1866649,"0.0074%",2331521935,"0.08%"
"61",2013,"ALB","USA","ALL",10648609,"0.042%",2331521935,"0.46%"
"62",2014,"ALB","CHN","ALL",83044035,"0.33%",2430723645,"3.42%"
"63",2014,"ALB","RUS","ALL",4341184,"0.017%",2430723645,"0.18%"
"64",2014,"ALB","USA","ALL",13907815,"0.055%",2430723645,"0.57%"
"65",2015,"ALB","CHN","ALL",52132014,"0.21%",1892623361,"2.75%"
"66",2015,"ALB","RUS","ALL",409592,"0.0016%",1892623361,"0.02%"
"67",2015,"ALB","USA","ALL",17014808,"0.068%",1892623361,"0.9%"
"68",2016,"ALB","CHN","ALL",60048273,"0.24%",1956641553,"3.07%"
"69",2016,"ALB","RUS","ALL",490811,"0.0020%",1956641553,"0.03%"
"70",2016,"ALB","USA","ALL",12925668,"0.052%",1956641553,"0.66%"
"71",1991,"AND","CHN","ALL",299602,"0.014%",36372745,"0.82%"
"72",1991,"AND","USA","ALL",187954,"0.0090%",36372745,"0.52%"
"73",1992,"AND","CHN","ALL",626705,"0.030%",27507766,"2.28%"
"74",1992,"AND","USA","ALL",57985,"0.0028%",27507766,"0.21%"
"75",1993,"AND","CHN","ALL",113684,"0.0054%",26281822,"0.43%"
"76",1993,"AND","USA","ALL",133844,"0.0064%",26281822,"0.51%"
"77",1994,"AND","USA","ALL",109951,"0.0053%",42684958,"0.26%"
"78",1995,"AND","USA","ALL",225742,"0.011%",42198432,"0.53%"
"79",1996,"AND","USA","ALL",2391299,"0.11%",40620547,"5.89%"
"80",1997,"AND","RUS","ALL",13221,"0.00063%",43774705,"0.03%"
"81",1997,"AND","USA","ALL",126737,"0.0061%",43774705,"0.29%"
"82",1998,"AND","RUS","ALL",13221,"0.00063%",43774705,"0.03%"
"83",1998,"AND","USA","ALL",126737,"0.0061%",43774705,"0.29%"
"84",1999,"AND","USA","ALL",120620,"0.0058%",44642611,"0.27%"
"85",2000,"AND","CHN","ALL",3153,"0.00015%",38102177,"0.01%"
"86",2000,"AND","USA","ALL",310256,"0.015%",38102177,"0.81%"
"87",2001,"AND","RUS","ALL",139202,"0.0066%",69646046,"0.2%"
"88",2001,"AND","USA","ALL",217764,"0.010%",69646046,"0.31%"
"89",2002,"AND","CHN","ALL",11227,"0.00054%",57211683,"0.02%"
"90",2002,"AND","RUS","ALL",159038,"0.0076%",57211683,"0.28%"
"91",2002,"AND","USA","ALL",726896,"0.035%",57211683,"1.27%"
"92",2003,"AND","CHN","ALL",7,"3.3e-7%",78991566,"0%"
"93",2003,"AND","RUS","ALL",182990,"0.0087%",78991566,"0.23%"
"94",2003,"AND","USA","ALL",259828,"0.012%",78991566,"0.33%"
"95",2004,"AND","CHN","ALL",3328,"0.00016%",106596141,"0%"
"96",2004,"AND","RUS","ALL",349587,"0.017%",106596141,"0.33%"
"97",2004,"AND","USA","ALL",869600,"0.042%",106596141,"0.82%"
"98",2005,"AND","CHN","ALL",8071,"0.00039%",145793259,"0.01%"
"99",2005,"AND","RUS","ALL",682483,"0.033%",145793259,"0.47%"
"100",2005,"AND","USA","ALL",631345,"0.030%",145793259,"0.43%"
"101",2006,"AND","CHN","ALL",361,"0.000017%",169211669,"0%"
"102",2006,"AND","RUS","ALL",345816,"0.017%",169211669,"0.2%"
"103",2006,"AND","USA","ALL",2450120,"0.12%",169211669,"1.45%"
"104",2007,"AND","CHN","ALL",6141,"0.00029%",134375953,"0%"
"105",2007,"AND","USA","ALL",410813,"0.020%",134375953,"0.31%"
"106",2008,"AND","CHN","ALL",40387,"0.0019%",147500208,"0.03%"
"107",2008,"AND","RUS","ALL",69259,"0.0033%",147500208,"0.05%"
"108",2008,"AND","USA","ALL",806217,"0.039%",147500208,"0.55%"
"109",2009,"AND","CHN","ALL",164476,"0.0079%",150181066,"0.11%"
"110",2009,"AND","RUS","ALL",6742,"0.00032%",150181066,"0%"
"111",2009,"AND","USA","ALL",338727,"0.016%",150181066,"0.23%"
"112",2010,"AND","CHN","ALL",30709,"0.0015%",234285645,"0.01%"
"113",2010,"AND","RUS","ALL",38320,"0.0018%",234285645,"0.02%"
"114",2010,"AND","USA","ALL",380800,"0.018%",234285645,"0.16%"
"115",2011,"AND","CHN","ALL",8004,"0.00038%",114022719,"0.01%"
"116",2011,"AND","RUS","ALL",57009,"0.0027%",114022719,"0.05%"
"117",2011,"AND","USA","ALL",63216,"0.0030%",114022719,"0.06%"
"118",2012,"AND","CHN","ALL",1531,"0.000073%",105949642,"0%"
"119",2012,"AND","RUS","ALL",389836,"0.019%",105949642,"0.37%"
"120",2012,"AND","USA","ALL",249484,"0.012%",105949642,"0.24%"
"121",2013,"AND","CHN","ALL",28925,"0.0014%",98978064,"0.03%"
"122",2013,"AND","RUS","ALL",554792,"0.027%",98978064,"0.56%"
"123",2013,"AND","USA","ALL",465265,"0.022%",98978064,"0.47%"
"124",2014,"AND","CHN","ALL",629314,"0.030%",94780863,"0.66%"
"125",2014,"AND","RUS","ALL",244493,"0.012%",94780863,"0.26%"
"126",2014,"AND","USA","ALL",1593965,"0.076%",94780863,"1.68%"
"127",1992,"BIH","USA","ALL",9245259,"0.015%",272067266,"3.4%"
"128",1993,"BIH","CHN","ALL",13781,"0.000022%",89134167,"0.02%"
"129",1993,"BIH","USA","ALL",7237759,"0.012%",89134167,"8.12%"
"130",1994,"BIH","USA","ALL",4228953,"0.0068%",29893574,"14.15%"
"131",1995,"BIH","CHN","ALL",3923,"0.0000063%",51561870,"0.01%"
"132",1995,"BIH","USA","ALL",3115500,"0.0050%",51561870,"6.04%"
"133",1996,"BIH","RUS","ALL",113821,"0.00018%",386580496,"0.03%"
"134",1996,"BIH","USA","ALL",9690910,"0.016%",386580496,"2.51%"
"135",1997,"BIH","CHN","ALL",112048,"0.00018%",498173009,"0.02%"
"136",1997,"BIH","RUS","ALL",998722,"0.0016%",498173009,"0.2%"
"137",1997,"BIH","USA","ALL",6971955,"0.011%",498173009,"1.4%"
"138",1998,"BIH","CHN","ALL",112048,"0.00018%",498173009,"0.02%"
"139",1998,"BIH","RUS","ALL",998722,"0.0016%",498173009,"0.2%"
"140",1998,"BIH","USA","ALL",6971955,"0.011%",498173009,"1.4%"
"141",1999,"BIH","CHN","ALL",275731,"0.00044%",592504775,"0.05%"
"142",1999,"BIH","RUS","ALL",4609756,"0.0074%",592504775,"0.78%"
"143",1999,"BIH","USA","ALL",14039637,"0.023%",592504775,"2.37%"
"144",2000,"BIH","CHN","ALL",2232518,"0.0036%",812319089,"0.27%"
"145",2000,"BIH","RUS","ALL",20707244,"0.033%",812319089,"2.55%"
"146",2000,"BIH","USA","ALL",17115752,"0.028%",812319089,"2.11%"
"147",2001,"BIH","CHN","ALL",599584,"0.00097%",850596427,"0.07%"
"148",2001,"BIH","RUS","ALL",4694487,"0.0076%",850596427,"0.55%"
"149",2001,"BIH","USA","ALL",11291108,"0.018%",850596427,"1.33%"
"150",2002,"BIH","CHN","ALL",342452,"0.00055%",1031778091,"0.03%"
"151",2002,"BIH","RUS","ALL",477266,"0.00077%",1031778091,"0.05%"
"152",2002,"BIH","USA","ALL",15043743,"0.024%",1031778091,"1.46%"
"153",2003,"BIH","CHN","ALL",572804,"0.00092%",1136624795,"0.05%"
"154",2003,"BIH","RUS","ALL",1916471,"0.0031%",1136624795,"0.17%"
"155",2003,"BIH","USA","ALL",11320676,"0.018%",1136624795,"1%"
"156",2004,"BIH","CHN","ALL",707730,"0.0011%",2024037824,"0.03%"
"157",2004,"BIH","RUS","ALL",17125987,"0.028%",2024037824,"0.85%"
"158",2004,"BIH","USA","ALL",17614525,"0.028%",2024037824,"0.87%"
"159",2005,"BIH","CHN","ALL",93481348,"0.15%",2120360804,"4.41%"
"160",2005,"BIH","RUS","ALL",2557692,"0.0041%",2120360804,"0.12%"
"161",2005,"BIH","USA","ALL",66009120,"0.11%",2120360804,"3.11%"
"162",2006,"BIH","CHN","ALL",107932580,"0.17%",3299513861,"3.27%"
"163",2006,"BIH","RUS","ALL",4420277,"0.0071%",3299513861,"0.13%"
"164",2006,"BIH","USA","ALL",137664311,"0.22%",3299513861,"4.17%"
"165",2007,"BIH","CHN","ALL",24561623,"0.040%",3936340406,"0.62%"
"166",2007,"BIH","RUS","ALL",6535084,"0.011%",3936340406,"0.17%"
"167",2007,"BIH","USA","ALL",117976415,"0.19%",3936340406,"3%"
"168",2008,"BIH","CHN","ALL",5948300,"0.0096%",4567904540,"0.13%"
"169",2008,"BIH","RUS","ALL",14976129,"0.024%",4567904540,"0.33%"
"170",2008,"BIH","USA","ALL",113281311,"0.18%",4567904540,"2.48%"
"171",2009,"BIH","CHN","ALL",12196235,"0.020%",3332278866,"0.37%"
"172",2009,"BIH","RUS","ALL",21455876,"0.035%",3332278866,"0.64%"
"173",2009,"BIH","USA","ALL",25441492,"0.041%",3332278866,"0.76%"
"174",2010,"BIH","CHN","ALL",17044661,"0.027%",4154602580,"0.41%"
"175",2010,"BIH","RUS","ALL",34627037,"0.056%",4154602580,"0.83%"
"176",2010,"BIH","USA","ALL",25084860,"0.040%",4154602580,"0.6%"
"177",2011,"BIH","CHN","ALL",5802169,"0.0094%",5850078709,"0.1%"
"178",2011,"BIH","RUS","ALL",37840534,"0.061%",5850078709,"0.65%"
"179",2011,"BIH","USA","ALL",11917497,"0.019%",5850078709,"0.2%"
"180",2012,"BIH","CHN","ALL",5591839,"0.0090%",5161808996,"0.11%"
"181",2012,"BIH","RUS","ALL",36637435,"0.059%",5161808996,"0.71%"
"182",2012,"BIH","USA","ALL",17882694,"0.029%",5161808996,"0.35%"
"183",2013,"BIH","CHN","ALL",7077278,"0.011%",5687463465,"0.12%"
"184",2013,"BIH","RUS","ALL",38786056,"0.063%",5687463465,"0.68%"
"185",2013,"BIH","USA","ALL",16792570,"0.027%",5687463465,"0.3%"
"186",2014,"BIH","CHN","ALL",9194180,"0.015%",5892102201,"0.16%"
"187",2014,"BIH","RUS","ALL",53996438,"0.087%",5892102201,"0.92%"
"188",2014,"BIH","USA","ALL",21499103,"0.035%",5892102201,"0.36%"
"189",2015,"BIH","CHN","ALL",16033188,"0.026%",4756874463,"0.34%"
"190",2015,"BIH","RUS","ALL",55591489,"0.090%",4756874463,"1.17%"
"191",2015,"BIH","USA","ALL",24998813,"0.040%",4756874463,"0.53%"
"192",2016,"BIH","CHN","ALL",14713831,"0.024%",4957545242,"0.3%"
"193",2016,"BIH","RUS","ALL",62127551,"0.10%",4957545242,"1.25%"
"194",2016,"BIH","USA","ALL",26258269,"0.042%",4957545242,"0.53%"
"195",1991,"ISL","CHN","ALL",118730,"0.00015%",1546868557,"0.01%"
"196",1991,"ISL","USA","ALL",200209168,"0.26%",1546868557,"12.94%"
"197",1992,"ISL","CHN","ALL",884223,"0.0011%",1486062003,"0.06%"
"198",1992,"ISL","USA","ALL",157533612,"0.20%",1486062003,"10.6%"
"199",1993,"ISL","CHN","ALL",2313155,"0.0030%",1414016058,"0.16%"
"200",1993,"ISL","USA","ALL",220477412,"0.29%",1414016058,"15.59%"
"201",1994,"ISL","CHN","ALL",2455656,"0.0032%",1558589766,"0.16%"
"202",1994,"ISL","USA","ALL",239131602,"0.31%",1558589766,"15.34%"
"203",1995,"ISL","CHN","ALL",2656675,"0.0034%",1744442903,"0.15%"
"204",1995,"ISL","USA","ALL",222620972,"0.29%",1744442903,"12.76%"
"205",1996,"ISL","CHN","ALL",5278646,"0.0069%",1907385970,"0.28%"
"206",1996,"ISL","RUS","ALL",25436004,"0.033%",1907385970,"1.33%"
"207",1996,"ISL","USA","ALL",226941081,"0.29%",1907385970,"11.9%"
"208",1997,"ISL","CHN","ALL",6510573,"0.0085%",1929910526,"0.34%"
"209",1997,"ISL","RUS","ALL",20236900,"0.026%",1929910526,"1.05%"
"210",1997,"ISL","USA","ALL",254143962,"0.33%",1929910526,"13.17%"
"211",1998,"ISL","CHN","ALL",6510573,"0.0085%",1929910526,"0.34%"
"212",1998,"ISL","RUS","ALL",20236900,"0.026%",1929910526,"1.05%"
"213",1998,"ISL","USA","ALL",254143962,"0.33%",1929910526,"13.17%"
"214",1999,"ISL","CHN","ALL",7022204,"0.0091%",1962471211,"0.36%"
"215",1999,"ISL","RUS","ALL",4183077,"0.0054%",1962471211,"0.21%"
"216",1999,"ISL","USA","ALL",286555331,"0.37%",1962471211,"14.6%"
"217",2000,"ISL","CHN","ALL",12611509,"0.016%",1983514250,"0.64%"
"218",2000,"ISL","RUS","ALL",5826866,"0.0076%",1983514250,"0.29%"
"219",2000,"ISL","USA","ALL",246689033,"0.32%",1983514250,"12.44%"
"220",2001,"ISL","CHN","ALL",16578318,"0.022%",2094601291,"0.79%"
"221",2001,"ISL","RUS","ALL",6796510,"0.0088%",2094601291,"0.32%"
"222",2001,"ISL","USA","ALL",219960224,"0.29%",2094601291,"10.5%"
"223",2002,"ISL","CHN","ALL",12787623,"0.017%",2171076542,"0.59%"
"224",2002,"ISL","RUS","ALL",8181080,"0.011%",2171076542,"0.38%"
"225",2002,"ISL","USA","ALL",278206191,"0.36%",2171076542,"12.81%"
"226",2003,"ISL","CHN","ALL",20450554,"0.027%",2340028746,"0.87%"
"227",2003,"ISL","RUS","ALL",9524430,"0.012%",2340028746,"0.41%"
"228",2003,"ISL","USA","ALL",266424242,"0.35%",2340028746,"11.39%"
"229",2004,"ISL","CHN","ALL",24254510,"0.031%",2632073114,"0.92%"
"230",2004,"ISL","RUS","ALL",24776917,"0.032%",2632073114,"0.94%"
"231",2004,"ISL","USA","ALL",261781034,"0.34%",2632073114,"9.95%"
"232",2005,"ISL","CHN","ALL",41903315,"0.054%",2625307785,"1.6%"
"233",2005,"ISL","RUS","ALL",35701328,"0.046%",2625307785,"1.36%"
"234",2005,"ISL","USA","ALL",250897963,"0.33%",2625307785,"9.56%"
"235",2006,"ISL","CHN","ALL",35515603,"0.046%",3163884612,"1.12%"
"236",2006,"ISL","RUS","ALL",69406610,"0.090%",3163884612,"2.19%"
"237",2006,"ISL","USA","ALL",235480659,"0.31%",3163884612,"7.44%"
"238",2007,"ISL","CHN","ALL",31803206,"0.041%",3683887492,"0.86%"
"239",2007,"ISL","RUS","ALL",59937563,"0.078%",3683887492,"1.63%"
"240",2007,"ISL","USA","ALL",194694192,"0.25%",3683887492,"5.29%"
"241",2008,"ISL","CHN","ALL",31382511,"0.041%",3917952545,"0.8%"
"242",2008,"ISL","RUS","ALL",72427747,"0.094%",3917952545,"1.85%"
"243",2008,"ISL","USA","ALL",225079655,"0.29%",3917952545,"5.74%"
"244",2009,"ISL","CHN","ALL",30037435,"0.039%",3461077673,"0.87%"
"245",2009,"ISL","RUS","ALL",48846924,"0.063%",3461077673,"1.41%"
"246",2009,"ISL","USA","ALL",170271050,"0.22%",3461077673,"4.92%"
"247",2010,"ISL","CHN","ALL",37198637,"0.048%",3998498495,"0.93%"
"248",2010,"ISL","RUS","ALL",110420626,"0.14%",3998498495,"2.76%"
"249",2010,"ISL","USA","ALL",189086940,"0.25%",3998498495,"4.73%"
"250",2011,"ISL","CHN","ALL",46814047,"0.061%",5348791185,"0.88%"
"251",2011,"ISL","RUS","ALL",161217283,"0.21%",5348791185,"3.01%"
"252",2011,"ISL","USA","ALL",194310805,"0.25%",5348791185,"3.63%"
"253",2012,"ISL","CHN","ALL",61124713,"0.079%",5063441715,"1.21%"
"254",2012,"ISL","RUS","ALL",185344602,"0.24%",5063441715,"3.66%"
"255",2012,"ISL","USA","ALL",223448095,"0.29%",5063441715,"4.41%"
"256",2013,"ISL","CHN","ALL",57157933,"0.074%",4997710459,"1.14%"
"257",2013,"ISL","RUS","ALL",161263457,"0.21%",4997710459,"3.23%"
"258",2013,"ISL","USA","ALL",230417106,"0.30%",4997710459,"4.61%"
"259",2014,"ISL","CHN","ALL",40949537,"0.053%",5051299776,"0.81%"
"260",2014,"ISL","RUS","ALL",241816391,"0.31%",5051299776,"4.79%"
"261",2014,"ISL","USA","ALL",244871444,"0.32%",5051299776,"4.85%"
"262",2015,"ISL","CHN","ALL",72060792,"0.094%",4631584591,"1.56%"
"263",2015,"ISL","RUS","ALL",89485907,"0.12%",4631584591,"1.93%"
"264",2015,"ISL","USA","ALL",264020903,"0.34%",4631584591,"5.7%"
"265",2016,"ISL","CHN","ALL",91023907,"0.12%",4367139338,"2.08%"
"266",2016,"ISL","RUS","ALL",17343752,"0.023%",4367139338,"0.4%"
"267",2016,"ISL","USA","ALL",342665477,"0.44%",4367139338,"7.85%"
"268",1993,"MKD","CHN","ALL",9351576,"0.017%",896006927,"1.04%"
"269",1993,"MKD","USA","ALL",105466236,"0.19%",896006927,"11.77%"
"270",1994,"MKD","USA","ALL",79303282,"0.14%",917305302,"8.65%"
"271",1995,"MKD","USA","ALL",83968902,"0.15%",1024347316,"8.2%"
"272",1996,"MKD","RUS","ALL",45242135,"0.081%",1100322371,"4.11%"
"273",1996,"MKD","USA","ALL",117939627,"0.21%",1100322371,"10.72%"
"274",1997,"MKD","CHN","ALL",111188,"0.00020%",1235559034,"0.01%"
"275",1997,"MKD","RUS","ALL",29397852,"0.053%",1235559034,"2.38%"
"276",1997,"MKD","USA","ALL",166065058,"0.30%",1235559034,"13.44%"
"277",1998,"MKD","CHN","ALL",111188,"0.00020%",1235559034,"0.01%"
"278",1998,"MKD","RUS","ALL",29397852,"0.053%",1235559034,"2.38%"
"279",1998,"MKD","USA","ALL",166065058,"0.30%",1235559034,"13.44%"
"280",1999,"MKD","CHN","ALL",412217,"0.00074%",1005784122,"0.04%"
"281",1999,"MKD","RUS","ALL",16428616,"0.029%",1005784122,"1.63%"
"282",1999,"MKD","USA","ALL",128015353,"0.23%",1005784122,"12.73%"
"283",2000,"MKD","CHN","ALL",753476,"0.0014%",1096782267,"0.07%"
"284",2000,"MKD","RUS","ALL",9309995,"0.017%",1096782267,"0.85%"
"285",2000,"MKD","USA","ALL",131540367,"0.24%",1096782267,"11.99%"
"286",2001,"MKD","CHN","ALL",134457,"0.00024%",917417818,"0.01%"
"287",2001,"MKD","RUS","ALL",15295740,"0.027%",917417818,"1.67%"
"288",2001,"MKD","USA","ALL",104975542,"0.19%",917417818,"11.44%"
"289",2002,"MKD","CHN","ALL",578275,"0.0010%",853086679,"0.07%"
"290",2002,"MKD","RUS","ALL",14916566,"0.027%",853086679,"1.75%"
"291",2002,"MKD","USA","ALL",70161324,"0.13%",853086679,"8.22%"
"292",2003,"MKD","CHN","ALL",13280343,"0.024%",962048502,"1.38%"
"293",2003,"MKD","RUS","ALL",17224997,"0.031%",962048502,"1.79%"
"294",2003,"MKD","USA","ALL",58128046,"0.10%",962048502,"6.04%"
"295",2004,"MKD","CHN","ALL",1328777,"0.0024%",1453419621,"0.09%"
"296",2004,"MKD","RUS","ALL",23705413,"0.043%",1453419621,"1.63%"
"297",2004,"MKD","USA","ALL",74847335,"0.13%",1453419621,"5.15%"
"298",2005,"MKD","CHN","ALL",11425311,"0.020%",1588976286,"0.72%"
"299",2005,"MKD","RUS","ALL",30159397,"0.054%",1588976286,"1.9%"
"300",2005,"MKD","USA","ALL",45444942,"0.081%",1588976286,"2.86%"
"301",2006,"MKD","CHN","ALL",2588128,"0.0046%",2190117489,"0.12%"
"302",2006,"MKD","RUS","ALL",37505295,"0.067%",2190117489,"1.71%"
"303",2006,"MKD","USA","ALL",40494674,"0.073%",2190117489,"1.85%"
"304",2007,"MKD","CHN","ALL",9168120,"0.016%",3364036889,"0.27%"
"305",2007,"MKD","RUS","ALL",41417706,"0.074%",3364036889,"1.23%"
"306",2007,"MKD","USA","ALL",70108370,"0.13%",3364036889,"2.08%"
"307",2008,"MKD","CHN","ALL",11981530,"0.021%",3480992048,"0.34%"
"308",2008,"MKD","RUS","ALL",54228552,"0.097%",3480992048,"1.56%"
"309",2008,"MKD","USA","ALL",72584799,"0.13%",3480992048,"2.09%"
"310",2009,"MKD","CHN","ALL",22643906,"0.041%",2639570261,"0.86%"
"311",2009,"MKD","RUS","ALL",49332900,"0.088%",2639570261,"1.87%"
"312",2009,"MKD","USA","ALL",43483659,"0.078%",2639570261,"1.65%"
"313",2010,"MKD","CHN","ALL",83444216,"0.15%",3003234593,"2.78%"
"314",2010,"MKD","RUS","ALL",49871706,"0.089%",3003234593,"1.66%"
"315",2010,"MKD","USA","ALL",35248192,"0.063%",3003234593,"1.17%"
"316",2011,"MKD","CHN","ALL",127445669,"0.23%",4455374503,"2.86%"
"317",2011,"MKD","RUS","ALL",39617843,"0.071%",4455374503,"0.89%"
"318",2011,"MKD","USA","ALL",34989144,"0.063%",4455374503,"0.79%"
"319",2012,"MKD","CHN","ALL",158775053,"0.28%",4015402906,"3.95%"
"320",2012,"MKD","RUS","ALL",33128372,"0.059%",4015402906,"0.83%"
"321",2012,"MKD","USA","ALL",56282885,"0.10%",4015402906,"1.4%"
"322",2013,"MKD","CHN","ALL",103853489,"0.19%",4266854825,"2.43%"
"323",2013,"MKD","RUS","ALL",31580299,"0.057%",4266854825,"0.74%"
"324",2013,"MKD","USA","ALL",45832430,"0.082%",4266854825,"1.07%"
"325",2014,"MKD","CHN","ALL",92430751,"0.17%",4933844523,"1.87%"
"326",2014,"MKD","RUS","ALL",42066751,"0.075%",4933844523,"0.85%"
"327",2014,"MKD","USA","ALL",52931644,"0.095%",4933844523,"1.07%"
"328",2015,"MKD","CHN","ALL",142818541,"0.26%",4410322250,"3.24%"
"329",2015,"MKD","RUS","ALL",35080388,"0.063%",4410322250,"0.8%"
"330",2015,"MKD","USA","ALL",40453655,"0.073%",4410322250,"0.92%"
"331",2016,"MKD","CHN","ALL",47697845,"0.086%",4715294346,"1.01%"
"332",2016,"MKD","RUS","ALL",48953150,"0.088%",4715294346,"1.04%"
"333",2016,"MKD","USA","ALL",50521993,"0.091%",4715294346,"1.07%"
"334",2007,"MNE","CHN","ALL",1205467,"0.023%",589618758,"0.2%"
"335",2007,"MNE","RUS","ALL",446169,"0.0085%",589618758,"0.08%"
"336",2007,"MNE","USA","ALL",5031346,"0.096%",589618758,"0.85%"
"337",2008,"MNE","CHN","ALL",1912182,"0.036%",613362308,"0.31%"
"338",2008,"MNE","RUS","ALL",1323985,"0.025%",613362308,"0.22%"
"339",2008,"MNE","USA","ALL",441150,"0.0084%",613362308,"0.07%"
"340",2009,"MNE","CHN","ALL",666104,"0.013%",451904405,"0.15%"
"341",2009,"MNE","RUS","ALL",2034517,"0.039%",451904405,"0.45%"
"342",2009,"MNE","USA","ALL",15183079,"0.29%",451904405,"3.36%"
"343",2010,"MNE","CHN","ALL",2746356,"0.052%",420770611,"0.65%"
"344",2010,"MNE","RUS","ALL",2470894,"0.047%",420770611,"0.59%"
"345",2010,"MNE","USA","ALL",3728731,"0.071%",420770611,"0.89%"
"346",2011,"MNE","CHN","ALL",1038134,"0.020%",627531810,"0.17%"
"347",2011,"MNE","RUS","ALL",3827031,"0.073%",627531810,"0.61%"
"348",2011,"MNE","USA","ALL",844896,"0.016%",627531810,"0.13%"
"349",2012,"MNE","CHN","ALL",4881361,"0.093%",468788352,"1.04%"
"350",2012,"MNE","RUS","ALL",9537157,"0.18%",468788352,"2.03%"
"351",2012,"MNE","USA","ALL",1153676,"0.022%",468788352,"0.25%"
"352",2013,"MNE","CHN","ALL",5184055,"0.098%",494375752,"1.05%"
"353",2013,"MNE","RUS","ALL",7678435,"0.15%",494375752,"1.55%"
"354",2013,"MNE","USA","ALL",884159,"0.017%",494375752,"0.18%"
"355",2014,"MNE","CHN","ALL",3387261,"0.064%",440658714,"0.77%"
"356",2014,"MNE","RUS","ALL",5314700,"0.10%",440658714,"1.21%"
"357",2014,"MNE","USA","ALL",1070608,"0.020%",440658714,"0.24%"
"358",2015,"MNE","CHN","ALL",8798578,"0.17%",312499771,"2.82%"
"359",2015,"MNE","RUS","ALL",2938758,"0.056%",312499771,"0.94%"
"360",2015,"MNE","USA","ALL",1420121,"0.027%",312499771,"0.45%"
"361",2016,"MNE","CHN","ALL",20925296,"0.40%",317371808,"6.59%"
"362",2016,"MNE","RUS","ALL",2469809,"0.047%",317371808,"0.78%"
"363",2016,"MNE","USA","ALL",1274087,"0.024%",317371808,"0.4%"
"364",1991,"NOR","CHN","ALL",227520179,"0.011%",32448126568,"0.7%"
"365",1991,"NOR","USA","ALL",1569244317,"0.073%",32448126568,"4.84%"
"366",1992,"NOR","CHN","ALL",182539204,"0.0085%",32833302116,"0.56%"
"367",1992,"NOR","RUS","ALL",68887546,"0.0032%",32833302116,"0.21%"
"368",1992,"NOR","USA","ALL",1891908194,"0.088%",32833302116,"5.76%"
"369",1993,"NOR","CHN","ALL",210641233,"0.0098%",29437587955,"0.72%"
"370",1993,"NOR","RUS","ALL",96006039,"0.0045%",29437587955,"0.33%"
"371",1993,"NOR","USA","ALL",1906175661,"0.088%",29437587955,"6.48%"
"372",1994,"NOR","CHN","ALL",137014544,"0.0064%",32353738997,"0.42%"
"373",1994,"NOR","RUS","ALL",123611366,"0.0057%",32353738997,"0.38%"
"374",1994,"NOR","USA","ALL",2272546557,"0.11%",32353738997,"7.02%"
"375",1995,"NOR","CHN","ALL",255610424,"0.012%",40338174104,"0.63%"
"376",1995,"NOR","RUS","ALL",190822885,"0.0089%",40338174104,"0.47%"
"377",1995,"NOR","USA","ALL",2948432357,"0.14%",40338174104,"7.31%"
"378",1996,"NOR","CHN","ALL",201161631,"0.0093%",45256195370,"0.44%"
"379",1996,"NOR","RUS","ALL",263118841,"0.012%",45256195370,"0.58%"
"380",1996,"NOR","USA","ALL",3679440578,"0.17%",45256195370,"8.13%"
"381",1997,"NOR","CHN","ALL",313315697,"0.015%",38495453535,"0.81%"
"382",1997,"NOR","RUS","ALL",186601956,"0.0087%",38495453535,"0.48%"
"383",1997,"NOR","USA","ALL",2747250387,"0.13%",38495453535,"7.14%"
"384",1998,"NOR","CHN","ALL",313315697,"0.015%",38495453535,"0.81%"
"385",1998,"NOR","RUS","ALL",186601956,"0.0087%",38495453535,"0.48%"
"386",1998,"NOR","USA","ALL",2747250387,"0.13%",38495453535,"7.14%"
"387",1999,"NOR","CHN","ALL",451636949,"0.021%",40283534615,"1.12%"
"388",1999,"NOR","RUS","ALL",109316041,"0.0051%",40283534615,"0.27%"
"389",1999,"NOR","USA","ALL",3844226209,"0.18%",40283534615,"9.54%"
"390",2000,"NOR","CHN","ALL",571137552,"0.027%",53943490641,"1.06%"
"391",2000,"NOR","RUS","ALL",157642399,"0.0073%",53943490641,"0.29%"
"392",2000,"NOR","USA","ALL",5398624519,"0.25%",53943490641,"10.01%"
"393",2001,"NOR","CHN","ALL",524668201,"0.024%",49551415537,"1.06%"
"394",2001,"NOR","RUS","ALL",193219665,"0.0090%",49551415537,"0.39%"
"395",2001,"NOR","USA","ALL",4913842998,"0.23%",49551415537,"9.92%"
"396",2002,"NOR","CHN","ALL",920237333,"0.043%",53622877468,"1.72%"
"397",2002,"NOR","RUS","ALL",262758004,"0.012%",53622877468,"0.49%"
"398",2002,"NOR","USA","ALL",5529411060,"0.26%",53622877468,"10.31%"
"399",2003,"NOR","CHN","ALL",882073710,"0.041%",62530320447,"1.41%"
"400",2003,"NOR","RUS","ALL",314118049,"0.015%",62530320447,"0.5%"
"401",2003,"NOR","USA","ALL",5024822256,"0.23%",62530320447,"8.04%"
"402",2004,"NOR","CHN","ALL",1372050592,"0.064%",78505897749,"1.75%"
"403",2004,"NOR","RUS","ALL",421917243,"0.020%",78505897749,"0.54%"
"404",2004,"NOR","USA","ALL",6176503218,"0.29%",78505897749,"7.87%"
"405",2005,"NOR","CHN","ALL",1032258172,"0.048%",94454290186,"1.09%"
"406",2005,"NOR","RUS","ALL",683414159,"0.032%",94454290186,"0.72%"
"407",2005,"NOR","USA","ALL",6349528930,"0.29%",94454290186,"6.72%"
"408",2006,"NOR","CHN","ALL",1131907292,"0.053%",114294799683,"0.99%"
"409",2006,"NOR","RUS","ALL",1042875690,"0.048%",114294799683,"0.91%"
"410",2006,"NOR","USA","ALL",6579655147,"0.31%",114294799683,"5.76%"
"411",2007,"NOR","CHN","ALL",1612549885,"0.075%",119712753976,"1.35%"
"412",2007,"NOR","RUS","ALL",889885879,"0.041%",119712753976,"0.74%"
"413",2007,"NOR","USA","ALL",6602530804,"0.31%",119712753976,"5.52%"
"414",2008,"NOR","CHN","ALL",2142154809,"0.099%",159774142556,"1.34%"
"415",2008,"NOR","RUS","ALL",1186543414,"0.055%",159774142556,"0.74%"
"416",2008,"NOR","USA","ALL",6510186721,"0.30%",159774142556,"4.07%"
"417",2009,"NOR","CHN","ALL",2862571913,"0.13%",110666440795,"2.59%"
"418",2009,"NOR","RUS","ALL",1040091899,"0.048%",110666440795,"0.94%"
"419",2009,"NOR","USA","ALL",5048251963,"0.23%",110666440795,"4.56%"
"420",2010,"NOR","CHN","ALL",2996306877,"0.14%",123085656476,"2.43%"
"421",2010,"NOR","RUS","ALL",1332728257,"0.062%",123085656476,"1.08%"
"422",2010,"NOR","USA","ALL",6167798039,"0.29%",123085656476,"5.01%"
"423",2011,"NOR","CHN","ALL",2918774662,"0.14%",160409821514,"1.82%"
"424",2011,"NOR","RUS","ALL",1368552586,"0.064%",160409821514,"0.85%"
"425",2011,"NOR","USA","ALL",6510869879,"0.30%",160409821514,"4.06%"
"426",2012,"NOR","CHN","ALL",2322414286,"0.11%",160952207416,"1.44%"
"427",2012,"NOR","RUS","ALL",1422998898,"0.066%",160952207416,"0.88%"
"428",2012,"NOR","USA","ALL",5551020768,"0.26%",160952207416,"3.45%"
"429",2013,"NOR","CHN","ALL",2731673842,"0.13%",154391068977,"1.77%"
"430",2013,"NOR","RUS","ALL",1459066830,"0.068%",154391068977,"0.95%"
"431",2013,"NOR","USA","ALL",5501503748,"0.26%",154391068977,"3.56%"
"432",2014,"NOR","CHN","ALL",3175898893,"0.15%",143791331115,"2.21%"
"433",2014,"NOR","RUS","ALL",838179256,"0.039%",143791331115,"0.58%"
"434",2014,"NOR","USA","ALL",3950773679,"0.18%",143791331115,"2.75%"
"435",2015,"NOR","CHN","ALL",2935619098,"0.14%",99099214593,"2.96%"
"436",2015,"NOR","RUS","ALL",300495913,"0.014%",99099214593,"0.3%"
"437",2015,"NOR","USA","ALL",3498226853,"0.16%",99099214593,"3.53%"
"438",2016,"NOR","CHN","ALL",2337025012,"0.11%",85327651243,"2.74%"
"439",2016,"NOR","RUS","ALL",259608794,"0.012%",85327651243,"0.3%"
"440",2016,"NOR","USA","ALL",3079864767,"0.14%",85327651243,"3.61%"
"441",2006,"SRB","CHN","ALL",10154995,"0.0084%",6046022099,"0.17%"
"442",2006,"SRB","RUS","ALL",278528531,"0.23%",6046022099,"4.61%"
"443",2006,"SRB","USA","ALL",72625268,"0.060%",6046022099,"1.2%"
"444",2007,"SRB","CHN","ALL",15065127,"0.012%",8092697743,"0.19%"
"445",2007,"SRB","RUS","ALL",392752485,"0.32%",8092697743,"4.85%"
"446",2007,"SRB","USA","ALL",66536059,"0.055%",8092697743,"0.82%"
"447",2008,"SRB","CHN","ALL",13440272,"0.011%",10032519547,"0.13%"
"448",2008,"SRB","RUS","ALL",484868571,"0.40%",10032519547,"4.83%"
"449",2008,"SRB","USA","ALL",69312214,"0.057%",10032519547,"0.69%"
"450",2009,"SRB","CHN","ALL",27695998,"0.023%",7552561619,"0.37%"
"451",2009,"SRB","RUS","ALL",329628193,"0.27%",7552561619,"4.36%"
"452",2009,"SRB","USA","ALL",60636716,"0.050%",7552561619,"0.8%"
"453",2010,"SRB","CHN","ALL",50375221,"0.042%",9029787911,"0.56%"
"454",2010,"SRB","RUS","ALL",519658700,"0.43%",9029787911,"5.75%"
"455",2010,"SRB","USA","ALL",155142565,"0.13%",9029787911,"1.72%"
"456",2011,"SRB","CHN","ALL",15234112,"0.013%",11779477582,"0.13%"
"457",2011,"SRB","RUS","ALL",789728948,"0.65%",11779477582,"6.7%"
"458",2011,"SRB","USA","ALL",79069593,"0.065%",11779477582,"0.67%"
"459",2012,"SRB","CHN","ALL",19600723,"0.016%",11229030695,"0.17%"
"460",2012,"SRB","RUS","ALL",862131746,"0.71%",11229030695,"7.68%"
"461",2012,"SRB","USA","ALL",97845646,"0.081%",11229030695,"0.87%"
"462",2013,"SRB","CHN","ALL",9112094,"0.0075%",14610779427,"0.06%"
"463",2013,"SRB","RUS","ALL",1058165307,"0.88%",14610779427,"7.24%"
"464",2013,"SRB","USA","ALL",489480218,"0.40%",14610779427,"3.35%"
"465",2014,"SRB","CHN","ALL",14179775,"0.012%",14843348443,"0.1%"
"466",2014,"SRB","RUS","ALL",1024478750,"0.85%",14843348443,"6.9%"
"467",2014,"SRB","USA","ALL",311747940,"0.26%",14843348443,"2.1%"
"468",2015,"SRB","CHN","ALL",19777001,"0.016%",13098527731,"0.15%"
"469",2015,"SRB","RUS","ALL",722049449,"0.60%",13098527731,"5.51%"
"470",2015,"SRB","USA","ALL",249910377,"0.21%",13098527731,"1.91%"
"471",2016,"SRB","CHN","ALL",25025780,"0.021%",14594158742,"0.17%"
"472",2016,"SRB","RUS","ALL",793434677,"0.66%",14594158742,"5.44%"
"473",2016,"SRB","USA","ALL",244388225,"0.20%",14594158742,"1.67%"
"474",1991,"CHE","CHN","ALL",397141777,"0.010%",64741322540,"0.61%"
"475",1991,"CHE","USA","ALL",5264584512,"0.14%",64741322540,"8.13%"
"476",1992,"CHE","CHN","ALL",472613265,"0.012%",67688357714,"0.7%"
"477",1992,"CHE","RUS","ALL",186324029,"0.0049%",67688357714,"0.28%"
"478",1992,"CHE","USA","ALL",5464673669,"0.14%",67688357714,"8.07%"
"479",1993,"CHE","CHN","ALL",805944429,"0.021%",62321053861,"1.29%"
"480",1993,"CHE","RUS","ALL",221567373,"0.0058%",62321053861,"0.36%"
"481",1993,"CHE","USA","ALL",5627799903,"0.15%",62321053861,"9.03%"
"482",1994,"CHE","CHN","ALL",897552445,"0.024%",69216251436,"1.3%"
"483",1994,"CHE","RUS","ALL",307435620,"0.0081%",69216251436,"0.44%"
"484",1994,"CHE","USA","ALL",5971730216,"0.16%",69216251436,"8.63%"
"485",1995,"CHE","CHN","ALL",843618243,"0.022%",82335862343,"1.02%"
"486",1995,"CHE","RUS","ALL",309531129,"0.0082%",82335862343,"0.38%"
"487",1995,"CHE","USA","ALL",7169522976,"0.19%",82335862343,"8.71%"
"488",1996,"CHE","CHN","ALL",840831559,"0.022%",83472815700,"1.01%"
"489",1996,"CHE","RUS","ALL",418105172,"0.011%",83472815700,"0.5%"
"490",1996,"CHE","USA","ALL",7296561969,"0.19%",83472815700,"8.74%"
"491",1997,"CHE","CHN","ALL",723557033,"0.019%",83916976872,"0.86%"
"492",1997,"CHE","RUS","ALL",402021788,"0.011%",83916976872,"0.48%"
"493",1997,"CHE","USA","ALL",8237907581,"0.22%",83916976872,"9.82%"
"494",1998,"CHE","CHN","ALL",723557033,"0.019%",83916976872,"0.86%"
"495",1998,"CHE","RUS","ALL",402021788,"0.011%",83916976872,"0.48%"
"496",1998,"CHE","USA","ALL",8237907581,"0.22%",83916976872,"9.82%"
"497",1999,"CHE","CHN","ALL",913070255,"0.024%",81584466438,"1.12%"
"498",1999,"CHE","RUS","ALL",293878996,"0.0077%",81584466438,"0.36%"
"499",1999,"CHE","USA","ALL",9157341670,"0.24%",81584466438,"11.22%"
"500",2000,"CHE","CHN","ALL",1319527712,"0.035%",83143535407,"1.59%"
"501",2000,"CHE","RUS","ALL",270253803,"0.0071%",83143535407,"0.33%"
"502",2000,"CHE","USA","ALL",9667154852,"0.25%",83143535407,"11.63%"
"503",2001,"CHE","CHN","ALL",1561666360,"0.041%",85297483138,"1.83%"
"504",2001,"CHE","RUS","ALL",363768080,"0.0096%",85297483138,"0.43%"
"505",2001,"CHE","USA","ALL",9019468987,"0.24%",85297483138,"10.57%"
"506",2002,"CHE","CHN","ALL",1882730410,"0.050%",88685166931,"2.12%"
"507",2002,"CHE","RUS","ALL",429409664,"0.011%",88685166931,"0.48%"
"508",2002,"CHE","USA","ALL",9203763190,"0.24%",88685166931,"10.38%"
"509",2003,"CHE","CHN","ALL",2429272466,"0.064%",102048233936,"2.38%"
"510",2003,"CHE","RUS","ALL",502913815,"0.013%",102048233936,"0.49%"
"511",2003,"CHE","USA","ALL",10132196724,"0.27%",102048233936,"9.93%"
"512",2004,"CHE","CHN","ALL",3287845916,"0.087%",120954026328,"2.72%"
"513",2004,"CHE","RUS","ALL",590547395,"0.016%",120954026328,"0.49%"
"514",2004,"CHE","USA","ALL",10922546043,"0.29%",120954026328,"9.03%"
"515",2005,"CHE","CHN","ALL",3501808477,"0.092%",132095442377,"2.65%"
"516",2005,"CHE","RUS","ALL",792309478,"0.021%",132095442377,"0.6%"
"517",2005,"CHE","USA","ALL",12133187122,"0.32%",132095442377,"9.19%"
"518",2006,"CHE","CHN","ALL",3847708637,"0.10%",144358381274,"2.67%"
"519",2006,"CHE","RUS","ALL",1176255261,"0.031%",144358381274,"0.81%"
"520",2006,"CHE","USA","ALL",13288093229,"0.35%",144358381274,"9.2%"
"521",2007,"CHE","CHN","ALL",5283268522,"0.14%",173576836644,"3.04%"
"522",2007,"CHE","RUS","ALL",1626754155,"0.043%",173576836644,"0.94%"
"523",2007,"CHE","USA","ALL",13709497481,"0.36%",173576836644,"7.9%"
"524",2008,"CHE","CHN","ALL",6648573779,"0.18%",204010570946,"3.26%"
"525",2008,"CHE","RUS","ALL",2168998986,"0.057%",204010570946,"1.06%"
"526",2008,"CHE","USA","ALL",16594967047,"0.44%",204010570946,"8.13%"
"527",2009,"CHE","CHN","ALL",6250808537,"0.16%",174506533173,"3.58%"
"528",2009,"CHE","RUS","ALL",1800049233,"0.047%",174506533173,"1.03%"
"529",2009,"CHE","USA","ALL",14705879903,"0.39%",174506533173,"8.43%"
"530",2010,"CHE","CHN","ALL",15476107834,"0.41%",217916829270,"7.1%"
"531",2010,"CHE","RUS","ALL",2255285400,"0.059%",217916829270,"1.03%"
"532",2010,"CHE","USA","ALL",17619923709,"0.46%",217916829270,"8.09%"
"533",2011,"CHE","CHN","ALL",9935246084,"0.26%",234819262373,"4.23%"
"534",2011,"CHE","RUS","ALL",3385379088,"0.089%",234819262373,"1.44%"
"535",2011,"CHE","USA","ALL",23895610732,"0.63%",234819262373,"10.18%"
"536",2012,"CHE","CHN","ALL",8319247361,"0.22%",225948761648,"3.68%"
"537",2012,"CHE","RUS","ALL",3142092772,"0.083%",225948761648,"1.39%"
"538",2012,"CHE","USA","ALL",24915217507,"0.66%",225948761648,"11.03%"
"539",2013,"CHE","CHN","ALL",9416321913,"0.25%",229156591980,"4.11%"
"540",2013,"CHE","RUS","ALL",3369457477,"0.089%",229156591980,"1.47%"
"541",2013,"CHE","USA","ALL",26658883460,"0.70%",229156591980,"11.63%"
"542",2014,"CHE","CHN","ALL",18378640281,"0.48%",311135352809,"5.91%"
"543",2014,"CHE","RUS","ALL",3161863607,"0.083%",311135352809,"1.02%"
"544",2014,"CHE","USA","ALL",31325447592,"0.82%",311135352809,"10.07%"
"545",2015,"CHE","CHN","ALL",20255522220,"0.53%",288706842160,"7.02%"
"546",2015,"CHE","RUS","ALL",2401916143,"0.063%",288706842160,"0.83%"
"547",2015,"CHE","USA","ALL",30692657064,"0.81%",288706842160,"10.63%"
"548",2016,"CHE","CHN","ALL",27292969573,"0.72%",301587610609,"9.05%"
"549",2016,"CHE","RUS","ALL",2060585734,"0.054%",301587610609,"0.68%"
"550",2016,"CHE","USA","ALL",36888999692,"0.97%",301587610609,"12.23%"
"551",1991,"TUR","CHN","ALL",44350546,"0.0024%",13807910677,"0.32%"
"552",1991,"TUR","USA","ALL",984567435,"0.054%",13807910677,"7.13%"
"553",1992,"TUR","CHN","ALL",112020542,"0.0062%",14683974469,"0.76%"
"554",1992,"TUR","RUS","ALL",441834967,"0.024%",14683974469,"3.01%"
"555",1992,"TUR","USA","ALL",1074531300,"0.059%",14683974469,"7.32%"
"556",1993,"TUR","CHN","ALL",470563675,"0.026%",14628854176,"3.22%"
"557",1993,"TUR","RUS","ALL",505277364,"0.028%",14628854176,"3.45%"
"558",1993,"TUR","USA","ALL",1162708130,"0.064%",14628854176,"7.95%"
"559",1994,"TUR","CHN","ALL",423861741,"0.023%",17335515849,"2.45%"
"560",1994,"TUR","RUS","ALL",820194976,"0.045%",17335515849,"4.73%"
"561",1994,"TUR","USA","ALL",1573872536,"0.087%",17335515849,"9.08%"
"562",1995,"TUR","CHN","ALL",127653696,"0.0070%",20941067230,"0.61%"
"563",1995,"TUR","RUS","ALL",1232042017,"0.068%",20941067230,"5.88%"
"564",1995,"TUR","USA","ALL",1799963321,"0.099%",20941067230,"8.6%"
"565",1996,"TUR","CHN","ALL",88259036,"0.0049%",21033278348,"0.42%"
"566",1996,"TUR","RUS","ALL",527153455,"0.029%",21033278348,"2.51%"
"567",1996,"TUR","USA","ALL",1707827292,"0.094%",21033278348,"8.12%"
"568",1997,"TUR","CHN","ALL",40497372,"0.0022%",24566344669,"0.16%"
"569",1997,"TUR","RUS","ALL",470577496,"0.026%",24566344669,"1.92%"
"570",1997,"TUR","USA","ALL",2494687449,"0.14%",24566344669,"10.15%"
"571",1998,"TUR","CHN","ALL",40497372,"0.0022%",24566344669,"0.16%"
"572",1998,"TUR","RUS","ALL",470577496,"0.026%",24566344669,"1.92%"
"573",1998,"TUR","USA","ALL",2494687449,"0.14%",24566344669,"10.15%"
"574",1999,"TUR","CHN","ALL",44114222,"0.0024%",25396644826,"0.17%"
"575",1999,"TUR","RUS","ALL",285303351,"0.016%",25396644826,"1.12%"
"576",1999,"TUR","USA","ALL",2691758822,"0.15%",25396644826,"10.6%"
"577",2000,"TUR","CHN","ALL",119004779,"0.0065%",26111229245,"0.46%"
"578",2000,"TUR","RUS","ALL",318245931,"0.017%",26111229245,"1.22%"
"579",2000,"TUR","USA","ALL",3183133058,"0.17%",26111229245,"12.19%"
"580",2001,"TUR","CHN","ALL",226726529,"0.012%",29152012031,"0.78%"
"581",2001,"TUR","RUS","ALL",481999176,"0.026%",29152012031,"1.65%"
"582",2001,"TUR","USA","ALL",3226957570,"0.18%",29152012031,"11.07%"
"583",2002,"TUR","CHN","ALL",289955806,"0.016%",33906527839,"0.86%"
"584",2002,"TUR","RUS","ALL",675367656,"0.037%",33906527839,"1.99%"
"585",2002,"TUR","USA","ALL",3417729990,"0.19%",33906527839,"10.08%"
"586",2003,"TUR","CHN","ALL",541789622,"0.030%",44722510412,"1.21%"
"587",2003,"TUR","RUS","ALL",872901604,"0.048%",44722510412,"1.95%"
"588",2003,"TUR","USA","ALL",3816559840,"0.21%",44722510412,"8.53%"
"589",2004,"TUR","CHN","ALL",610933882,"0.034%",59373388063,"1.03%"
"590",2004,"TUR","RUS","ALL",1121520906,"0.062%",59373388063,"1.89%"
"591",2004,"TUR","USA","ALL",4860181885,"0.27%",59373388063,"8.19%"
"592",2005,"TUR","CHN","ALL",698203123,"0.038%",67706651774,"1.03%"
"593",2005,"TUR","RUS","ALL",1567536189,"0.086%",67706651774,"2.32%"
"594",2005,"TUR","USA","ALL",5039623681,"0.28%",67706651774,"7.44%"
"595",2006,"TUR","CHN","ALL",842195397,"0.046%",80183770472,"1.05%"
"596",2006,"TUR","RUS","ALL",2478155442,"0.14%",80183770472,"3.09%"
"597",2006,"TUR","USA","ALL",5382885114,"0.30%",80183770472,"6.71%"
"598",2007,"TUR","CHN","ALL",1184360320,"0.065%",100514127204,"1.18%"
"599",2007,"TUR","RUS","ALL",3762542965,"0.21%",100514127204,"3.74%"
"600",2007,"TUR","USA","ALL",4454097706,"0.24%",100514127204,"4.43%"
"601",2008,"TUR","CHN","ALL",1776328724,"0.098%",124711172346,"1.42%"
"602",2008,"TUR","RUS","ALL",5680006919,"0.31%",124711172346,"4.55%"
"603",2008,"TUR","USA","ALL",4447742608,"0.24%",124711172346,"3.57%"
"604",2009,"TUR","CHN","ALL",1585165055,"0.087%",97416588859,"1.63%"
"605",2009,"TUR","RUS","ALL",2954145526,"0.16%",97416588859,"3.03%"
"606",2009,"TUR","USA","ALL",3496756220,"0.19%",97416588859,"3.59%"
"607",2010,"TUR","CHN","ALL",2857363916,"0.16%",107919189552,"2.65%"
"608",2010,"TUR","RUS","ALL",4474637329,"0.25%",107919189552,"4.15%"
"609",2010,"TUR","USA","ALL",3994341469,"0.22%",107919189552,"3.7%"
"610",2011,"TUR","CHN","ALL",2455813003,"0.13%",134915251953,"1.82%"
"611",2011,"TUR","RUS","ALL",5827081791,"0.32%",134915251953,"4.32%"
"612",2011,"TUR","USA","ALL",4457782736,"0.25%",134915251953,"3.3%"
"613",2012,"TUR","CHN","ALL",2803917317,"0.15%",152536652596,"1.84%"
"614",2012,"TUR","RUS","ALL",6522523806,"0.36%",152536652596,"4.28%"
"615",2012,"TUR","USA","ALL",5469468161,"0.30%",152536652596,"3.59%"
"616",2013,"TUR","CHN","ALL",3597209289,"0.20%",151802637087,"2.37%"
"617",2013,"TUR","RUS","ALL",6831967924,"0.38%",151802637087,"4.5%"
"618",2013,"TUR","USA","ALL",5586394440,"0.31%",151802637087,"3.68%"
"619",2014,"TUR","CHN","ALL",2854624272,"0.16%",157714945962,"1.81%"
"620",2014,"TUR","RUS","ALL",5828541640,"0.32%",157714945962,"3.7%"
"621",2014,"TUR","USA","ALL",6300738876,"0.35%",157714945962,"4%"
"622",2015,"TUR","CHN","ALL",2411023388,"0.13%",136789308666,"1.76%"
"623",2015,"TUR","RUS","ALL",3524525908,"0.19%",136789308666,"2.58%"
"624",2015,"TUR","USA","ALL",6353905219,"0.35%",136789308666,"4.65%"
"625",2016,"TUR","CHN","ALL",2326945833,"0.13%",136773183181,"1.7%"
"626",2016,"TUR","RUS","ALL",1718058209,"0.094%",136773183181,"1.26%"
"627",2016,"TUR","USA","ALL",6530366734,"0.36%",136773183181,"4.77%"
