"","year","country_origin_id","country_destination_id","hs92_product_id","export_val","export_val_pct","countT","per"
"1",1995,"ARM","CHN","ALL",60225.26,"0.00027%",37005083.89,"0.16%"
"2",1995,"ARM","USA","ALL",15656435.12,"0.071%",37005083.89,"42.31%"
"3",1996,"ARM","RUS","ALL",37645741.5,"0.17%",74586432.54,"50.47%"
"4",1996,"ARM","USA","ALL",1202086.32,"0.0054%",74586432.54,"1.61%"
"5",1997,"ARM","RUS","ALL",49262753.72,"0.22%",194277964.07,"25.36%"
"6",1997,"ARM","USA","ALL",8361395.04,"0.038%",194277964.07,"4.3%"
"7",1998,"ARM","CHN","ALL",14097,"0.000064%",125876507.62,"0.01%"
"8",1998,"ARM","RUS","ALL",35694233.56,"0.16%",125876507.62,"28.36%"
"9",1998,"ARM","USA","ALL",11194161.25,"0.051%",125876507.62,"8.89%"
"10",1999,"ARM","CHN","ALL",72398.52,"0.00033%",137199907.54,"0.05%"
"11",1999,"ARM","RUS","ALL",29206560.41,"0.13%",137199907.54,"21.29%"
"12",1999,"ARM","USA","ALL",21121457.58,"0.095%",137199907.54,"15.39%"
"13",2000,"ARM","CHN","ALL",1764655.78,"0.0080%",296537905.41,"0.6%"
"14",2000,"ARM","RUS","ALL",43747548.72,"0.20%",296537905.41,"14.75%"
"15",2000,"ARM","USA","ALL",39504729.44,"0.18%",296537905.41,"13.32%"
"16",2001,"ARM","CHN","ALL",148660.94,"0.00067%",350304137.88,"0.04%"
"17",2001,"ARM","RUS","ALL",58900789.95,"0.27%",350304137.88,"16.81%"
"18",2001,"ARM","USA","ALL",58507906.31,"0.26%",350304137.88,"16.7%"
"19",2002,"ARM","CHN","ALL",4061589.87,"0.018%",502977122.94,"0.81%"
"20",2002,"ARM","RUS","ALL",62284668.98,"0.28%",502977122.94,"12.38%"
"21",2002,"ARM","USA","ALL",50423258.93,"0.23%",502977122.94,"10.02%"
"22",2003,"ARM","CHN","ALL",4592049.76,"0.021%",737145718.98,"0.62%"
"23",2003,"ARM","RUS","ALL",93029063.72,"0.42%",737145718.98,"12.62%"
"24",2003,"ARM","USA","ALL",57009003.77,"0.26%",737145718.98,"7.73%"
"25",2004,"ARM","CHN","ALL",22687892.42,"0.10%",746903696.85,"3.04%"
"26",2004,"ARM","RUS","ALL",78275109.18,"0.35%",746903696.85,"10.48%"
"27",2004,"ARM","USA","ALL",76291431.94,"0.34%",746903696.85,"10.21%"
"28",2005,"ARM","CHN","ALL",9335542.52,"0.042%",989117073.13,"0.94%"
"29",2005,"ARM","RUS","ALL",116562819.46,"0.53%",989117073.13,"11.78%"
"30",2005,"ARM","USA","ALL",64191415.35,"0.29%",989117073.13,"6.49%"
"31",2006,"ARM","CHN","ALL",8768572.26,"0.040%",1172588211.58,"0.75%"
"32",2006,"ARM","RUS","ALL",118657882.47,"0.54%",1172588211.58,"10.12%"
"33",2006,"ARM","USA","ALL",67827061.6,"0.31%",1172588211.58,"5.78%"
"34",2007,"ARM","CHN","ALL",11725937.58,"0.053%",1364164271.87,"0.86%"
"35",2007,"ARM","RUS","ALL",200931635.69,"0.91%",1364164271.87,"14.73%"
"36",2007,"ARM","USA","ALL",51553976.08,"0.23%",1364164271.87,"3.78%"
"37",2008,"ARM","CHN","ALL",10890934.91,"0.049%",1189875934.91,"0.92%"
"38",2008,"ARM","RUS","ALL",216844674.77,"0.98%",1189875934.91,"18.22%"
"39",2008,"ARM","USA","ALL",60572361.47,"0.27%",1189875934.91,"5.09%"
"40",2009,"ARM","CHN","ALL",18904096.72,"0.085%",695036850.52,"2.72%"
"41",2009,"ARM","RUS","ALL",108962936.19,"0.49%",695036850.52,"15.68%"
"42",2009,"ARM","USA","ALL",65976944.15,"0.30%",695036850.52,"9.49%"
"43",2010,"ARM","CHN","ALL",35011483.95,"0.16%",1032230168.03,"3.39%"
"44",2010,"ARM","RUS","ALL",164180345.95,"0.74%",1032230168.03,"15.91%"
"45",2010,"ARM","USA","ALL",84744559.15,"0.38%",1032230168.03,"8.21%"
"46",2011,"ARM","CHN","ALL",18699868.7,"0.085%",1343543556.68,"1.39%"
"47",2011,"ARM","RUS","ALL",226485511.11,"1.0%",1343543556.68,"16.86%"
"48",2011,"ARM","USA","ALL",103129027.95,"0.47%",1343543556.68,"7.68%"
"49",2012,"ARM","CHN","ALL",36277582,"0.16%",1624666792.21,"2.23%"
"50",2012,"ARM","RUS","ALL",299680845.34,"1.4%",1624666792.21,"18.45%"
"51",2012,"ARM","USA","ALL",90090678.14,"0.41%",1624666792.21,"5.55%"
"52",2013,"ARM","CHN","ALL",87996888.77,"0.40%",1629173651.42,"5.4%"
"53",2013,"ARM","RUS","ALL",336646661.62,"1.5%",1629173651.42,"20.66%"
"54",2013,"ARM","USA","ALL",92850230,"0.42%",1629173651.42,"5.7%"
"55",2014,"ARM","CHN","ALL",181180385.86,"0.82%",1623901974.67,"11.16%"
"56",2014,"ARM","RUS","ALL",307090664.22,"1.4%",1623901974.67,"18.91%"
"57",2014,"ARM","USA","ALL",92533571.23,"0.42%",1623901974.67,"5.7%"
"58",2015,"ARM","CHN","ALL",172224891.34,"0.78%",1656467325.15,"10.4%"
"59",2015,"ARM","RUS","ALL",230386998.97,"1.0%",1656467325.15,"13.91%"
"60",2015,"ARM","USA","ALL",58219940.76,"0.26%",1656467325.15,"3.51%"
"61",2016,"ARM","CHN","ALL",108898935.57,"0.49%",2164780672.58,"5.03%"
"62",2016,"ARM","RUS","ALL",407356939.58,"1.8%",2164780672.58,"18.82%"
"63",2016,"ARM","USA","ALL",44876033.66,"0.20%",2164780672.58,"2.07%"
"64",2017,"ARM","CHN","ALL",131273597.1,"0.59%",2440052479.54,"5.38%"
"65",2017,"ARM","RUS","ALL",569585996.79,"2.6%",2440052479.54,"23.34%"
"66",2017,"ARM","USA","ALL",64481206.93,"0.29%",2440052479.54,"2.64%"
"67",1995,"AZE","CHN","ALL",2536243.1,"0.00092%",100177229.53,"2.53%"
"68",1995,"AZE","USA","ALL",685011.44,"0.00025%",100177229.53,"0.68%"
"69",1996,"AZE","CHN","ALL",429708,"0.00016%",640083153.95,"0.07%"
"70",1996,"AZE","RUS","ALL",112387877.89,"0.041%",640083153.95,"17.56%"
"71",1996,"AZE","USA","ALL",4472231.93,"0.0016%",640083153.95,"0.7%"
"72",1997,"AZE","CHN","ALL",14256779.56,"0.0052%",589544449.01,"2.42%"
"73",1997,"AZE","RUS","ALL",197125763.18,"0.072%",589544449.01,"33.44%"
"74",1997,"AZE","USA","ALL",5200552.74,"0.0019%",589544449.01,"0.88%"
"75",1998,"AZE","CHN","ALL",918363.15,"0.00033%",522939794.77,"0.18%"
"76",1998,"AZE","RUS","ALL",101264345.4,"0.037%",522939794.77,"19.36%"
"77",1998,"AZE","USA","ALL",15627936.74,"0.0057%",522939794.77,"2.99%"
"78",1999,"AZE","CHN","ALL",173880.23,"0.000063%",800099496.42,"0.02%"
"79",1999,"AZE","RUS","ALL",67065444.07,"0.024%",800099496.42,"8.38%"
"80",1999,"AZE","USA","ALL",30109149.58,"0.011%",800099496.42,"3.76%"
"81",2000,"AZE","CHN","ALL",4832277.23,"0.0018%",1625973592.94,"0.3%"
"82",2000,"AZE","RUS","ALL",107149502.51,"0.039%",1625973592.94,"6.59%"
"83",2000,"AZE","USA","ALL",16815187.13,"0.0061%",1625973592.94,"1.03%"
"84",2001,"AZE","CHN","ALL",2650588.06,"0.00096%",1855505154.34,"0.14%"
"85",2001,"AZE","RUS","ALL",77562798.24,"0.028%",1855505154.34,"4.18%"
"86",2001,"AZE","USA","ALL",25221546.74,"0.0092%",1855505154.34,"1.36%"
"87",2002,"AZE","CHN","ALL",1320517.09,"0.00048%",1918261290.27,"0.07%"
"88",2002,"AZE","RUS","ALL",77568579.73,"0.028%",1918261290.27,"4.04%"
"89",2002,"AZE","USA","ALL",50401086.81,"0.018%",1918261290.27,"2.63%"
"90",2003,"AZE","CHN","ALL",21238767.12,"0.0077%",2323712101.68,"0.91%"
"91",2003,"AZE","RUS","ALL",140392471.35,"0.051%",2323712101.68,"6.04%"
"92",2003,"AZE","USA","ALL",75126190.32,"0.027%",2323712101.68,"3.23%"
"93",2004,"AZE","CHN","ALL",36251605.9,"0.013%",3208151027.93,"1.13%"
"94",2004,"AZE","RUS","ALL",172699742.51,"0.063%",3208151027.93,"5.38%"
"95",2004,"AZE","USA","ALL",47647227.28,"0.017%",3208151027.93,"1.49%"
"96",2005,"AZE","CHN","ALL",88535034.86,"0.032%",5251308952.62,"1.69%"
"97",2005,"AZE","RUS","ALL",218763012.77,"0.079%",5251308952.62,"4.17%"
"98",2005,"AZE","USA","ALL",56569405.44,"0.021%",5251308952.62,"1.08%"
"99",2006,"AZE","CHN","ALL",13287380.03,"0.0048%",8543260449.12,"0.16%"
"100",2006,"AZE","RUS","ALL",323999117.05,"0.12%",8543260449.12,"3.79%"
"101",2006,"AZE","USA","ALL",393940249.88,"0.14%",8543260449.12,"4.61%"
"102",2007,"AZE","CHN","ALL",10070239,"0.0037%",13826283973.36,"0.07%"
"103",2007,"AZE","RUS","ALL",491439019.27,"0.18%",13826283973.36,"3.55%"
"104",2007,"AZE","USA","ALL",1052400904.53,"0.38%",13826283973.36,"7.61%"
"105",2008,"AZE","CHN","ALL",459524809.1,"0.17%",35539456823.08,"1.29%"
"106",2008,"AZE","RUS","ALL",583039495.3,"0.21%",35539456823.08,"1.64%"
"107",2008,"AZE","USA","ALL",5191276947.7,"1.9%",35539456823.08,"14.61%"
"108",2009,"AZE","CHN","ALL",140990461.18,"0.051%",17404218100.55,"0.81%"
"109",2009,"AZE","RUS","ALL",699046010.46,"0.25%",17404218100.55,"4.02%"
"110",2009,"AZE","USA","ALL",1751738809.23,"0.64%",17404218100.55,"10.07%"
"111",2010,"AZE","CHN","ALL",315972035.11,"0.11%",25315533297.51,"1.25%"
"112",2010,"AZE","RUS","ALL",780936732.92,"0.28%",25315533297.51,"3.08%"
"113",2010,"AZE","USA","ALL",1747430556.51,"0.63%",25315533297.51,"6.9%"
"114",2011,"AZE","CHN","ALL",154162610.9,"0.056%",30094723139.59,"0.51%"
"115",2011,"AZE","RUS","ALL",1115636854.22,"0.41%",30094723139.59,"3.71%"
"116",2011,"AZE","USA","ALL",2208607261.8,"0.80%",30094723139.59,"7.34%"
"117",2012,"AZE","CHN","ALL",207996033.41,"0.076%",27855359403.46,"0.75%"
"118",2012,"AZE","RUS","ALL",516138535.53,"0.19%",27855359403.46,"1.85%"
"119",2012,"AZE","USA","ALL",1351511583.44,"0.49%",27855359403.46,"4.85%"
"120",2013,"AZE","CHN","ALL",123045595.95,"0.045%",28621540996.81,"0.43%"
"121",2013,"AZE","RUS","ALL",1000764054.73,"0.36%",28621540996.81,"3.5%"
"122",2013,"AZE","USA","ALL",1015592609.73,"0.37%",28621540996.81,"3.55%"
"123",2014,"AZE","CHN","ALL",266566727.78,"0.097%",25746669524.08,"1.04%"
"124",2014,"AZE","RUS","ALL",464776572.1,"0.17%",25746669524.08,"1.81%"
"125",2014,"AZE","USA","ALL",828526188.92,"0.30%",25746669524.08,"3.22%"
"126",2015,"AZE","CHN","ALL",183978681.83,"0.067%",16879075844.43,"1.09%"
"127",2015,"AZE","RUS","ALL",427051783.71,"0.16%",16879075844.43,"2.53%"
"128",2015,"AZE","USA","ALL",209334428.43,"0.076%",16879075844.43,"1.24%"
"129",2016,"AZE","CHN","ALL",282505035.28,"0.10%",12263975886.12,"2.3%"
"130",2016,"AZE","RUS","ALL",415192352.34,"0.15%",12263975886.12,"3.39%"
"131",2016,"AZE","USA","ALL",108737466.33,"0.040%",12263975886.12,"0.89%"
"132",2017,"AZE","CHN","ALL",435521522.34,"0.16%",14266343337.36,"3.05%"
"133",2017,"AZE","RUS","ALL",199516547.21,"0.073%",14266343337.36,"1.4%"
"134",2017,"AZE","USA","ALL",107236963.9,"0.039%",14266343337.36,"0.75%"
"135",1995,"BLR","CHN","ALL",19918596.91,"0.0045%",1419990206.96,"1.4%"
"136",1995,"BLR","USA","ALL",44196909.92,"0.010%",1419990206.96,"3.11%"
"137",1996,"BLR","CHN","ALL",24152347.56,"0.0055%",1625621736.45,"1.49%"
"138",1996,"BLR","USA","ALL",53821608.65,"0.012%",1625621736.45,"3.31%"
"139",1997,"BLR","CHN","ALL",21855288.22,"0.0050%",1827753596.42,"1.2%"
"140",1997,"BLR","RUS","ALL",308250990.12,"0.070%",1827753596.42,"16.87%"
"141",1997,"BLR","USA","ALL",68045016.66,"0.016%",1827753596.42,"3.72%"
"142",1998,"BLR","CHN","ALL",98904162.83,"0.023%",6913694776.23,"1.43%"
"143",1998,"BLR","RUS","ALL",4398640040,"1.0%",6913694776.23,"63.62%"
"144",1998,"BLR","USA","ALL",129412492.88,"0.029%",6913694776.23,"1.87%"
"145",1999,"BLR","CHN","ALL",51157546.4,"0.012%",5499603114.04,"0.93%"
"146",1999,"BLR","RUS","ALL",3065441074,"0.70%",5499603114.04,"55.74%"
"147",1999,"BLR","USA","ALL",97589496.71,"0.022%",5499603114.04,"1.77%"
"148",2000,"BLR","CHN","ALL",161141032.01,"0.037%",7352758151.16,"2.19%"
"149",2000,"BLR","RUS","ALL",3648291300,"0.83%",7352758151.16,"49.62%"
"150",2000,"BLR","USA","ALL",123017908.65,"0.028%",7352758151.16,"1.67%"
"151",2001,"BLR","CHN","ALL",165415051.77,"0.038%",7443967691.72,"2.22%"
"152",2001,"BLR","RUS","ALL",3821125300,"0.87%",7443967691.72,"51.33%"
"153",2001,"BLR","USA","ALL",105171073.17,"0.024%",7443967691.72,"1.41%"
"154",2002,"BLR","CHN","ALL",246221914.92,"0.056%",7951031294.18,"3.1%"
"155",2002,"BLR","RUS","ALL",3730279800,"0.85%",7951031294.18,"46.92%"
"156",2002,"BLR","USA","ALL",108307629.32,"0.025%",7951031294.18,"1.36%"
"157",2003,"BLR","CHN","ALL",181704137.2,"0.041%",9956018449.86,"1.83%"
"158",2003,"BLR","RUS","ALL",4563366200,"1.0%",9956018449.86,"45.84%"
"159",2003,"BLR","USA","ALL",226111360.09,"0.052%",9956018449.86,"2.27%"
"160",2004,"BLR","CHN","ALL",304444007.83,"0.069%",13684338814.37,"2.22%"
"161",2004,"BLR","RUS","ALL",6116046300,"1.4%",13684338814.37,"44.69%"
"162",2004,"BLR","USA","ALL",219696726.01,"0.050%",13684338814.37,"1.61%"
"163",2005,"BLR","CHN","ALL",441812455.98,"0.10%",15948822723.14,"2.77%"
"164",2005,"BLR","RUS","ALL",5469185400,"1.2%",15948822723.14,"34.29%"
"165",2005,"BLR","USA","ALL",264915752.31,"0.060%",15948822723.14,"1.66%"
"166",2006,"BLR","CHN","ALL",397027917.88,"0.090%",19812658765.94,"2%"
"167",2006,"BLR","RUS","ALL",6598644300,"1.5%",19812658765.94,"33.31%"
"168",2006,"BLR","USA","ALL",527108927.13,"0.12%",19812658765.94,"2.66%"
"169",2007,"BLR","CHN","ALL",522296901.14,"0.12%",24298885985.96,"2.15%"
"170",2007,"BLR","RUS","ALL",8487721400,"1.9%",24298885985.96,"34.93%"
"171",2007,"BLR","USA","ALL",358214279.42,"0.082%",24298885985.96,"1.47%"
"172",2008,"BLR","CHN","ALL",644424465.14,"0.15%",32747534206.61,"1.97%"
"173",2008,"BLR","RUS","ALL",10183188800,"2.3%",32747534206.61,"31.1%"
"174",2008,"BLR","USA","ALL",164936771.09,"0.038%",32747534206.61,"0.5%"
"175",2009,"BLR","CHN","ALL",545920201.15,"0.12%",22360062557.33,"2.44%"
"176",2009,"BLR","RUS","ALL",6454630300,"1.5%",22360062557.33,"28.87%"
"177",2009,"BLR","USA","ALL",52925784.63,"0.012%",22360062557.33,"0.24%"
"178",2010,"BLR","CHN","ALL",500809524.89,"0.11%",24928089414.87,"2.01%"
"179",2010,"BLR","RUS","ALL",9405622200,"2.1%",24928089414.87,"37.73%"
"180",2010,"BLR","USA","ALL",99447755.96,"0.023%",24928089414.87,"0.4%"
"181",2011,"BLR","CHN","ALL",678230171.91,"0.15%",40220368844.3,"1.69%"
"182",2011,"BLR","RUS","ALL",12730912100,"2.9%",40220368844.3,"31.65%"
"183",2011,"BLR","USA","ALL",114539207.21,"0.026%",40220368844.3,"0.28%"
"184",2012,"BLR","CHN","ALL",451792066.06,"0.10%",44885816091.3,"1.01%"
"185",2012,"BLR","RUS","ALL",15026022612.3,"3.4%",44885816091.3,"33.48%"
"186",2012,"BLR","USA","ALL",111440602.06,"0.025%",44885816091.3,"0.25%"
"187",2013,"BLR","CHN","ALL",499375040.09,"0.11%",36430023448.79,"1.37%"
"188",2013,"BLR","RUS","ALL",16073867391.1,"3.7%",36430023448.79,"44.12%"
"189",2013,"BLR","USA","ALL",125144788.05,"0.029%",36430023448.79,"0.34%"
"190",2014,"BLR","CHN","ALL",646097102.22,"0.15%",36051028233.87,"1.79%"
"191",2014,"BLR","RUS","ALL",14880429358.3,"3.4%",36051028233.87,"41.28%"
"192",2014,"BLR","USA","ALL",159466299.17,"0.036%",36051028233.87,"0.44%"
"193",2015,"BLR","CHN","ALL",799109261.92,"0.18%",26079463310.72,"3.06%"
"194",2015,"BLR","RUS","ALL",10112180276.4,"2.3%",26079463310.72,"38.77%"
"195",2015,"BLR","USA","ALL",146476152.29,"0.033%",26079463310.72,"0.56%"
"196",2016,"BLR","CHN","ALL",417132134.48,"0.095%",22936622057.12,"1.82%"
"197",2016,"BLR","RUS","ALL",10624822477.82,"2.4%",22936622057.12,"46.32%"
"198",2016,"BLR","USA","ALL",147920381.05,"0.034%",22936622057.12,"0.64%"
"199",2017,"BLR","CHN","ALL",376208127.84,"0.086%",28538956344.88,"1.32%"
"200",2017,"BLR","RUS","ALL",12523656220.63,"2.9%",28538956344.88,"43.88%"
"201",2017,"BLR","USA","ALL",246095334.76,"0.056%",28538956344.88,"0.86%"
"202",1995,"GEO","CHN","ALL",60531.79,"0.00015%",95956930.14,"0.06%"
"203",1995,"GEO","USA","ALL",9868976.96,"0.025%",95956930.14,"10.28%"
"204",1996,"GEO","CHN","ALL",342000,"0.00085%",268695688.58,"0.13%"
"205",1996,"GEO","RUS","ALL",70906887.8,"0.18%",268695688.58,"26.39%"
"206",1996,"GEO","USA","ALL",7827042.92,"0.020%",268695688.58,"2.91%"
"207",1997,"GEO","CHN","ALL",2835105.48,"0.0071%",394378231.73,"0.72%"
"208",1997,"GEO","RUS","ALL",132474535.15,"0.33%",394378231.73,"33.59%"
"209",1997,"GEO","USA","ALL",6551123.72,"0.016%",394378231.73,"1.66%"
"210",1998,"GEO","CHN","ALL",1912783.05,"0.0048%",314207454.78,"0.61%"
"211",1998,"GEO","RUS","ALL",62916638.98,"0.16%",314207454.78,"20.02%"
"212",1998,"GEO","USA","ALL",13545396.81,"0.034%",314207454.78,"4.31%"
"213",1999,"GEO","CHN","ALL",1430255.7,"0.0036%",337496727.35,"0.42%"
"214",1999,"GEO","RUS","ALL",42266989.32,"0.11%",337496727.35,"12.52%"
"215",1999,"GEO","USA","ALL",13290094.23,"0.033%",337496727.35,"3.94%"
"216",2000,"GEO","CHN","ALL",1003530.36,"0.0025%",628133832.15,"0.16%"
"217",2000,"GEO","RUS","ALL",73473233.06,"0.18%",628133832.15,"11.7%"
"218",2000,"GEO","USA","ALL",28928238.74,"0.072%",628133832.15,"4.61%"
"219",2001,"GEO","CHN","ALL",2045435.49,"0.0051%",619272767.78,"0.33%"
"220",2001,"GEO","RUS","ALL",80746500.89,"0.20%",619272767.78,"13.04%"
"221",2001,"GEO","USA","ALL",34560230.66,"0.086%",619272767.78,"5.58%"
"222",2002,"GEO","CHN","ALL",2504957.63,"0.0063%",631470764.64,"0.4%"
"223",2002,"GEO","RUS","ALL",64108401,"0.16%",631470764.64,"10.15%"
"224",2002,"GEO","USA","ALL",20062017.58,"0.050%",631470764.64,"3.18%"
"225",2003,"GEO","CHN","ALL",5994118.85,"0.015%",914192851.67,"0.66%"
"226",2003,"GEO","RUS","ALL",85041960.03,"0.21%",914192851.67,"9.3%"
"227",2003,"GEO","USA","ALL",40009113.6,"0.10%",914192851.67,"4.38%"
"228",2004,"GEO","CHN","ALL",30750276.32,"0.077%",1232682794.87,"2.49%"
"229",2004,"GEO","RUS","ALL",109035789.94,"0.27%",1232682794.87,"8.85%"
"230",2004,"GEO","USA","ALL",67199691.41,"0.17%",1232682794.87,"5.45%"
"231",2005,"GEO","CHN","ALL",5419218.2,"0.014%",1514889254.9,"0.36%"
"232",2005,"GEO","RUS","ALL",160152128.55,"0.40%",1514889254.9,"10.57%"
"233",2005,"GEO","USA","ALL",187415621.58,"0.47%",1514889254.9,"12.37%"
"234",2006,"GEO","CHN","ALL",11612632.59,"0.029%",1835082385.45,"0.63%"
"235",2006,"GEO","RUS","ALL",83620233.2,"0.21%",1835082385.45,"4.56%"
"236",2006,"GEO","USA","ALL",100002235.7,"0.25%",1835082385.45,"5.45%"
"237",2007,"GEO","CHN","ALL",9544175.34,"0.024%",1951932959.23,"0.49%"
"238",2007,"GEO","RUS","ALL",70906005.92,"0.18%",1951932959.23,"3.63%"
"239",2007,"GEO","USA","ALL",197300567.82,"0.49%",1951932959.23,"10.11%"
"240",2008,"GEO","CHN","ALL",8657752.69,"0.022%",2484388569.46,"0.35%"
"241",2008,"GEO","RUS","ALL",38170087.21,"0.095%",2484388569.46,"1.54%"
"242",2008,"GEO","USA","ALL",197500590.29,"0.49%",2484388569.46,"7.95%"
"243",2009,"GEO","CHN","ALL",8808010.93,"0.022%",1862851873.51,"0.47%"
"244",2009,"GEO","RUS","ALL",36714980.14,"0.092%",1862851873.51,"1.97%"
"245",2009,"GEO","USA","ALL",58795719.51,"0.15%",1862851873.51,"3.16%"
"246",2010,"GEO","CHN","ALL",47873305.32,"0.12%",2662787121.54,"1.8%"
"247",2010,"GEO","RUS","ALL",75797042.66,"0.19%",2662787121.54,"2.85%"
"248",2010,"GEO","USA","ALL",213037721.33,"0.53%",2662787121.54,"8%"
"249",2011,"GEO","CHN","ALL",35523962.38,"0.089%",3402269077.85,"1.04%"
"250",2011,"GEO","RUS","ALL",24963183.41,"0.062%",3402269077.85,"0.73%"
"251",2011,"GEO","USA","ALL",171002451.43,"0.43%",3402269077.85,"5.03%"
"252",2012,"GEO","CHN","ALL",31016072.49,"0.078%",3309085314.93,"0.94%"
"253",2012,"GEO","RUS","ALL",85466849.29,"0.21%",3309085314.93,"2.58%"
"254",2012,"GEO","USA","ALL",236859184.56,"0.59%",3309085314.93,"7.16%"
"255",2013,"GEO","CHN","ALL",48307092.56,"0.12%",3450696307.49,"1.4%"
"256",2013,"GEO","RUS","ALL",206578340.46,"0.52%",3450696307.49,"5.99%"
"257",2013,"GEO","USA","ALL",159388811.1,"0.40%",3450696307.49,"4.62%"
"258",2014,"GEO","CHN","ALL",97380579.31,"0.24%",3583682828.79,"2.72%"
"259",2014,"GEO","RUS","ALL",293500015.75,"0.73%",3583682828.79,"8.19%"
"260",2014,"GEO","USA","ALL",323048603.65,"0.81%",3583682828.79,"9.01%"
"261",2015,"GEO","CHN","ALL",128190884.66,"0.32%",2769371977.57,"4.63%"
"262",2015,"GEO","RUS","ALL",183920638.8,"0.46%",2769371977.57,"6.64%"
"263",2015,"GEO","USA","ALL",168576267.4,"0.42%",2769371977.57,"6.09%"
"264",2016,"GEO","CHN","ALL",171884524.36,"0.43%",2537551177.64,"6.77%"
"265",2016,"GEO","RUS","ALL",229495201.85,"0.57%",2537551177.64,"9.04%"
"266",2016,"GEO","USA","ALL",96196101.78,"0.24%",2537551177.64,"3.79%"
"267",2017,"GEO","CHN","ALL",209071211.28,"0.52%",3214227747.3,"6.5%"
"268",2017,"GEO","RUS","ALL",403977559,"1.0%",3214227747.3,"12.57%"
"269",2017,"GEO","USA","ALL",144180971.52,"0.36%",3214227747.3,"4.49%"
"270",1995,"KAZ","CHN","ALL",293283715.64,"0.039%",1198858435.45,"24.46%"
"271",1995,"KAZ","USA","ALL",99640902.42,"0.013%",1198858435.45,"8.31%"
"272",1996,"KAZ","CHN","ALL",312685845.84,"0.041%",4284550745.88,"7.3%"
"273",1996,"KAZ","RUS","ALL",2640120373.99,"0.35%",4284550745.88,"61.62%"
"274",1996,"KAZ","USA","ALL",94983979.12,"0.013%",4284550745.88,"2.22%"
"275",1997,"KAZ","CHN","ALL",398013348.31,"0.052%",4866372883.12,"8.18%"
"276",1997,"KAZ","RUS","ALL",2385191737.49,"0.31%",4866372883.12,"49.01%"
"277",1997,"KAZ","USA","ALL",66455695.52,"0.0088%",4866372883.12,"1.37%"
"278",1998,"KAZ","CHN","ALL",394125193.15,"0.052%",4185994730.41,"9.42%"
"279",1998,"KAZ","RUS","ALL",1544994114.9,"0.20%",4185994730.41,"36.91%"
"280",1998,"KAZ","USA","ALL",137273024.85,"0.018%",4185994730.41,"3.28%"
"281",1999,"KAZ","CHN","ALL",588908864.33,"0.078%",4617534868.4,"12.75%"
"282",1999,"KAZ","RUS","ALL",1204616756.68,"0.16%",4617534868.4,"26.09%"
"283",1999,"KAZ","USA","ALL",218819706.17,"0.029%",4617534868.4,"4.74%"
"284",2000,"KAZ","CHN","ALL",778442331.25,"0.10%",10731766810.77,"7.25%"
"285",2000,"KAZ","RUS","ALL",1869192460.59,"0.25%",10731766810.77,"17.42%"
"286",2000,"KAZ","USA","ALL",429819429.51,"0.057%",10731766810.77,"4.01%"
"287",2001,"KAZ","CHN","ALL",724513836.39,"0.095%",9743932639.19,"7.44%"
"288",2001,"KAZ","RUS","ALL",1745323924.84,"0.23%",9743932639.19,"17.91%"
"289",2001,"KAZ","USA","ALL",361351160.16,"0.048%",9743932639.19,"3.71%"
"290",2002,"KAZ","CHN","ALL",1048610654.38,"0.14%",11012876180.04,"9.52%"
"291",2002,"KAZ","RUS","ALL",1523233097.92,"0.20%",11012876180.04,"13.83%"
"292",2002,"KAZ","USA","ALL",285601690.05,"0.038%",11012876180.04,"2.59%"
"293",2003,"KAZ","CHN","ALL",1670564247.45,"0.22%",10663910667.8,"15.67%"
"294",2003,"KAZ","RUS","ALL",1972076759.28,"0.26%",10663910667.8,"18.49%"
"295",2003,"KAZ","USA","ALL",336808719.84,"0.044%",10663910667.8,"3.16%"
"296",2004,"KAZ","CHN","ALL",2042694588.25,"0.27%",18555416349.14,"11.01%"
"297",2004,"KAZ","RUS","ALL",2822712945.14,"0.37%",18555416349.14,"15.21%"
"298",2004,"KAZ","USA","ALL",467629974.38,"0.062%",18555416349.14,"2.52%"
"299",2005,"KAZ","CHN","ALL",2654549836.29,"0.35%",24573567133.94,"10.8%"
"300",2005,"KAZ","RUS","ALL",2950747869.08,"0.39%",24573567133.94,"12.01%"
"301",2005,"KAZ","USA","ALL",914421657.31,"0.12%",24573567133.94,"3.72%"
"302",2006,"KAZ","CHN","ALL",3641345675.15,"0.48%",32966065987.89,"11.05%"
"303",2006,"KAZ","RUS","ALL",3763164758.34,"0.50%",32966065987.89,"11.42%"
"304",2006,"KAZ","USA","ALL",935157843.6,"0.12%",32966065987.89,"2.84%"
"305",2007,"KAZ","CHN","ALL",5726153366.26,"0.75%",41890381204.2,"13.67%"
"306",2007,"KAZ","RUS","ALL",4626624783.41,"0.61%",41890381204.2,"11.04%"
"307",2007,"KAZ","USA","ALL",975850515.41,"0.13%",41890381204.2,"2.33%"
"308",2008,"KAZ","CHN","ALL",7749544237.69,"1.0%",61551030403.77,"12.59%"
"309",2008,"KAZ","RUS","ALL",6228743414.25,"0.82%",61551030403.77,"10.12%"
"310",2008,"KAZ","USA","ALL",1319453190.24,"0.17%",61551030403.77,"2.14%"
"311",2009,"KAZ","CHN","ALL",5921590795.92,"0.78%",40282600053.34,"14.7%"
"312",2009,"KAZ","RUS","ALL",3582213447.18,"0.47%",40282600053.34,"8.89%"
"313",2009,"KAZ","USA","ALL",1124672543.05,"0.15%",40282600053.34,"2.79%"
"314",2010,"KAZ","CHN","ALL",10194316857,"1.3%",54988020702.05,"18.54%"
"315",2010,"KAZ","RUS","ALL",2996361561,"0.39%",54988020702.05,"5.45%"
"316",2010,"KAZ","USA","ALL",1405160679.79,"0.19%",54988020702.05,"2.56%"
"317",2011,"KAZ","CHN","ALL",16258605886.4,"2.1%",79481114256.46,"20.46%"
"318",2011,"KAZ","RUS","ALL",7481046400,"0.99%",79481114256.46,"9.41%"
"319",2011,"KAZ","USA","ALL",1435956849.75,"0.19%",79481114256.46,"1.81%"
"320",2012,"KAZ","CHN","ALL",16402579169.1,"2.2%",83752245164.09,"19.58%"
"321",2012,"KAZ","RUS","ALL",7594763175.63,"1.0%",83752245164.09,"9.07%"
"322",2012,"KAZ","USA","ALL",922666620.27,"0.12%",83752245164.09,"1.1%"
"323",2013,"KAZ","CHN","ALL",14418756757.1,"1.9%",73979768973.29,"19.49%"
"324",2013,"KAZ","RUS","ALL",5851525827.92,"0.77%",73979768973.29,"7.91%"
"325",2013,"KAZ","USA","ALL",825012785.88,"0.11%",73979768973.29,"1.12%"
"326",2014,"KAZ","CHN","ALL",9894503133.1,"1.3%",68320160899.2,"14.48%"
"327",2014,"KAZ","RUS","ALL",6675551266.97,"0.88%",68320160899.2,"9.77%"
"328",2014,"KAZ","USA","ALL",1002363641.41,"0.13%",68320160899.2,"1.47%"
"329",2015,"KAZ","CHN","ALL",5525543110.33,"0.73%",40879555284.51,"13.52%"
"330",2015,"KAZ","RUS","ALL",4657253771.61,"0.61%",40879555284.51,"11.39%"
"331",2015,"KAZ","USA","ALL",782215988.9,"0.10%",40879555284.51,"1.91%"
"332",2016,"KAZ","CHN","ALL",4298413173.53,"0.57%",32775349302.24,"13.11%"
"333",2016,"KAZ","RUS","ALL",3751070324.59,"0.49%",32775349302.24,"11.44%"
"334",2016,"KAZ","USA","ALL",971372677.02,"0.13%",32775349302.24,"2.96%"
"335",2017,"KAZ","CHN","ALL",5858021817.01,"0.77%",44113785784.92,"13.28%"
"336",2017,"KAZ","RUS","ALL",4733366252.73,"0.62%",44113785784.92,"10.73%"
"337",2017,"KAZ","USA","ALL",602612108.38,"0.079%",44113785784.92,"1.37%"
"338",1995,"KGZ","CHN","ALL",112419166.74,"0.51%",371661575.6,"30.25%"
"339",1995,"KGZ","RUS","ALL",73514540,"0.33%",371661575.6,"19.78%"
"340",1995,"KGZ","USA","ALL",4634311.27,"0.021%",371661575.6,"1.25%"
"341",1996,"KGZ","CHN","ALL",53465766.78,"0.24%",459806618.98,"11.63%"
"342",1996,"KGZ","RUS","ALL",168878432.45,"0.77%",459806618.98,"36.73%"
"343",1996,"KGZ","USA","ALL",9685486.64,"0.044%",459806618.98,"2.11%"
"344",1997,"KGZ","CHN","ALL",34684546.39,"0.16%",290501340.82,"11.94%"
"345",1997,"KGZ","RUS","ALL",140746964.92,"0.64%",290501340.82,"48.45%"
"346",1997,"KGZ","USA","ALL",2370306.57,"0.011%",290501340.82,"0.82%"
"347",1998,"KGZ","CHN","ALL",24515631.6,"0.11%",429985754.89,"5.7%"
"348",1998,"KGZ","RUS","ALL",128775379.12,"0.58%",429985754.89,"29.95%"
"349",1998,"KGZ","USA","ALL",165045.22,"0.00075%",429985754.89,"0.04%"
"350",1999,"KGZ","CHN","ALL",30294457.44,"0.14%",316034576.11,"9.59%"
"351",1999,"KGZ","RUS","ALL",91549337.07,"0.42%",316034576.11,"28.97%"
"352",1999,"KGZ","USA","ALL",484312.29,"0.0022%",316034576.11,"0.15%"
"353",2000,"KGZ","CHN","ALL",37138992.01,"0.17%",416970890.6,"8.91%"
"354",2000,"KGZ","RUS","ALL",70858816.19,"0.32%",416970890.6,"16.99%"
"355",2000,"KGZ","USA","ALL",2869566.11,"0.013%",416970890.6,"0.69%"
"356",2001,"KGZ","CHN","ALL",21680143.58,"0.098%",427818342.74,"5.07%"
"357",2001,"KGZ","RUS","ALL",65669808.93,"0.30%",427818342.74,"15.35%"
"358",2001,"KGZ","USA","ALL",3783658.18,"0.017%",427818342.74,"0.88%"
"359",2002,"KGZ","CHN","ALL",41620728.24,"0.19%",465368815.95,"8.94%"
"360",2002,"KGZ","RUS","ALL",80509565.61,"0.37%",465368815.95,"17.3%"
"361",2002,"KGZ","USA","ALL",32668239.09,"0.15%",465368815.95,"7.02%"
"362",2003,"KGZ","CHN","ALL",23346349.97,"0.11%",337185729.52,"6.92%"
"363",2003,"KGZ","RUS","ALL",94821338.68,"0.43%",337185729.52,"28.12%"
"364",2003,"KGZ","USA","ALL",13739192.51,"0.062%",337185729.52,"4.07%"
"365",2004,"KGZ","CHN","ALL",54252930.41,"0.25%",752165005.75,"7.21%"
"366",2004,"KGZ","RUS","ALL",128018234.08,"0.58%",752165005.75,"17.02%"
"367",2004,"KGZ","USA","ALL",12314187.49,"0.056%",752165005.75,"1.64%"
"368",2005,"KGZ","CHN","ALL",31500117.3,"0.14%",691587208.61,"4.55%"
"369",2005,"KGZ","RUS","ALL",129141253.58,"0.59%",691587208.61,"18.67%"
"370",2005,"KGZ","USA","ALL",7789489.98,"0.035%",691587208.61,"1.13%"
"371",2006,"KGZ","CHN","ALL",44200820.28,"0.20%",812946001.58,"5.44%"
"372",2006,"KGZ","RUS","ALL",167664251.43,"0.76%",812946001.58,"20.62%"
"373",2006,"KGZ","USA","ALL",10061127.34,"0.046%",812946001.58,"1.24%"
"374",2007,"KGZ","CHN","ALL",84980291.97,"0.39%",1181147462.04,"7.19%"
"375",2007,"KGZ","RUS","ALL",277230336.69,"1.3%",1181147462.04,"23.47%"
"376",2007,"KGZ","USA","ALL",4627047.71,"0.021%",1181147462.04,"0.39%"
"377",2008,"KGZ","CHN","ALL",48985443.1,"0.22%",1333256517.89,"3.67%"
"378",2008,"KGZ","RUS","ALL",378740595.87,"1.7%",1333256517.89,"28.41%"
"379",2008,"KGZ","USA","ALL",2421792.89,"0.011%",1333256517.89,"0.18%"
"380",2009,"KGZ","CHN","ALL",21533452.85,"0.098%",1128481757.98,"1.91%"
"381",2009,"KGZ","RUS","ALL",277731880.49,"1.3%",1128481757.98,"24.61%"
"382",2009,"KGZ","USA","ALL",4265949.54,"0.019%",1128481757.98,"0.38%"
"383",2010,"KGZ","CHN","ALL",31995919.78,"0.15%",1718549463.83,"1.86%"
"384",2010,"KGZ","RUS","ALL",332186892.77,"1.5%",1718549463.83,"19.33%"
"385",2010,"KGZ","USA","ALL",2106132.75,"0.0096%",1718549463.83,"0.12%"
"386",2011,"KGZ","CHN","ALL",50228684.01,"0.23%",2071827706.6,"2.42%"
"387",2011,"KGZ","RUS","ALL",294533579.31,"1.3%",2071827706.6,"14.22%"
"388",2011,"KGZ","USA","ALL",2852542.98,"0.013%",2071827706.6,"0.14%"
"389",2012,"KGZ","CHN","ALL",70462485.33,"0.32%",1675326572.08,"4.21%"
"390",2012,"KGZ","RUS","ALL",222469105.56,"1.0%",1675326572.08,"13.28%"
"391",2012,"KGZ","USA","ALL",5292025.06,"0.024%",1675326572.08,"0.32%"
"392",2013,"KGZ","CHN","ALL",66010627.01,"0.30%",1845216883.91,"3.58%"
"393",2013,"KGZ","RUS","ALL",154885056,"0.70%",1845216883.91,"8.39%"
"394",2013,"KGZ","USA","ALL",5323840.46,"0.024%",1845216883.91,"0.29%"
"395",2014,"KGZ","CHN","ALL",46529144.9,"0.21%",1091786529.27,"4.26%"
"396",2014,"KGZ","RUS","ALL",70060627.19,"0.32%",1091786529.27,"6.42%"
"397",2014,"KGZ","USA","ALL",1431658.69,"0.0065%",1091786529.27,"0.13%"
"398",2015,"KGZ","CHN","ALL",56158201.48,"0.25%",1290297193.85,"4.35%"
"399",2015,"KGZ","RUS","ALL",78973258.88,"0.36%",1290297193.85,"6.12%"
"400",2015,"KGZ","USA","ALL",15793604.01,"0.072%",1290297193.85,"1.22%"
"401",2016,"KGZ","CHN","ALL",81710870.25,"0.37%",1006149890.98,"8.12%"
"402",2016,"KGZ","RUS","ALL",167468182.11,"0.76%",1006149890.98,"16.64%"
"403",2016,"KGZ","USA","ALL",3160696.7,"0.014%",1006149890.98,"0.31%"
"404",2017,"KGZ","CHN","ALL",101443236.04,"0.46%",1923654240.24,"5.27%"
"405",2017,"KGZ","RUS","ALL",268893192.92,"1.2%",1923654240.24,"13.98%"
"406",2017,"KGZ","USA","ALL",6589122.26,"0.030%",1923654240.24,"0.34%"
"407",1995,"MDA","CHN","ALL",731234.72,"0.0019%",828279040.91,"0.09%"
"408",1995,"MDA","RUS","ALL",349626742,"0.89%",828279040.91,"42.21%"
"409",1995,"MDA","USA","ALL",27078324.2,"0.069%",828279040.91,"3.27%"
"410",1996,"MDA","CHN","ALL",1473651.71,"0.0038%",1024052387.94,"0.14%"
"411",1996,"MDA","RUS","ALL",531005319.97,"1.4%",1024052387.94,"51.85%"
"412",1996,"MDA","USA","ALL",33164720.37,"0.085%",1024052387.94,"3.24%"
"413",1997,"MDA","CHN","ALL",723990.95,"0.0018%",1207158630.7,"0.06%"
"414",1997,"MDA","RUS","ALL",817632188.44,"2.1%",1207158630.7,"67.73%"
"415",1997,"MDA","USA","ALL",50497749.76,"0.13%",1207158630.7,"4.18%"
"416",1998,"MDA","CHN","ALL",506557.06,"0.0013%",874868372.68,"0.06%"
"417",1998,"MDA","RUS","ALL",380158334.66,"0.97%",874868372.68,"43.45%"
"418",1998,"MDA","USA","ALL",105674707.07,"0.27%",874868372.68,"12.08%"
"419",1999,"MDA","CHN","ALL",32134,"0.000082%",649334788.38,"0%"
"420",1999,"MDA","RUS","ALL",220843932.38,"0.56%",649334788.38,"34.01%"
"421",1999,"MDA","USA","ALL",86080177.75,"0.22%",649334788.38,"13.26%"
"422",2000,"MDA","CHN","ALL",8165932.92,"0.021%",733162453.23,"1.11%"
"423",2000,"MDA","RUS","ALL",265243995.27,"0.68%",733162453.23,"36.18%"
"424",2000,"MDA","USA","ALL",96660637.78,"0.25%",733162453.23,"13.18%"
"425",2001,"MDA","CHN","ALL",11499645.57,"0.029%",806768100.3,"1.43%"
"426",2001,"MDA","RUS","ALL",277771651.55,"0.71%",806768100.3,"34.43%"
"427",2001,"MDA","USA","ALL",67913894.62,"0.17%",806768100.3,"8.42%"
"428",2002,"MDA","CHN","ALL",5131400.98,"0.013%",851148433.09,"0.6%"
"429",2002,"MDA","RUS","ALL",262248835.28,"0.67%",851148433.09,"30.81%"
"430",2002,"MDA","USA","ALL",45676148.5,"0.12%",851148433.09,"5.37%"
"431",2003,"MDA","CHN","ALL",7298326.1,"0.019%",1014423548.91,"0.72%"
"432",2003,"MDA","RUS","ALL",346757701.46,"0.88%",1014423548.91,"34.18%"
"433",2003,"MDA","USA","ALL",42392174.37,"0.11%",1014423548.91,"4.18%"
"434",2004,"MDA","CHN","ALL",201972.91,"0.00051%",1370213867.79,"0.01%"
"435",2004,"MDA","RUS","ALL",449285432.17,"1.1%",1370213867.79,"32.79%"
"436",2004,"MDA","USA","ALL",51995614.39,"0.13%",1370213867.79,"3.79%"
"437",2005,"MDA","CHN","ALL",756527.43,"0.0019%",1509303983.86,"0.05%"
"438",2005,"MDA","RUS","ALL",538098956.78,"1.4%",1509303983.86,"35.65%"
"439",2005,"MDA","USA","ALL",55745385.52,"0.14%",1509303983.86,"3.69%"
"440",2006,"MDA","CHN","ALL",687928.06,"0.0018%",1478254072.79,"0.05%"
"441",2006,"MDA","RUS","ALL",344908364.2,"0.88%",1478254072.79,"23.33%"
"442",2006,"MDA","USA","ALL",43673557.79,"0.11%",1478254072.79,"2.95%"
"443",2007,"MDA","CHN","ALL",2182465.94,"0.0056%",1965548148.01,"0.11%"
"444",2007,"MDA","RUS","ALL",495173501.07,"1.3%",1965548148.01,"25.19%"
"445",2007,"MDA","USA","ALL",31935052.01,"0.081%",1965548148.01,"1.62%"
"446",2008,"MDA","CHN","ALL",4330498.24,"0.011%",2205950473.24,"0.2%"
"447",2008,"MDA","RUS","ALL",448157729.95,"1.1%",2205950473.24,"20.32%"
"448",2008,"MDA","USA","ALL",23038288.67,"0.059%",2205950473.24,"1.04%"
"449",2009,"MDA","CHN","ALL",3634213.54,"0.0093%",1616305506.5,"0.22%"
"450",2009,"MDA","RUS","ALL",376801648.4,"0.96%",1616305506.5,"23.31%"
"451",2009,"MDA","USA","ALL",21756352.91,"0.055%",1616305506.5,"1.35%"
"452",2010,"MDA","CHN","ALL",7627602.61,"0.019%",1933774927.37,"0.39%"
"453",2010,"MDA","RUS","ALL",482571818.04,"1.2%",1933774927.37,"24.95%"
"454",2010,"MDA","USA","ALL",29150838.07,"0.074%",1933774927.37,"1.51%"
"455",2011,"MDA","CHN","ALL",13523605.67,"0.034%",2774234603.45,"0.49%"
"456",2011,"MDA","RUS","ALL",731805108.24,"1.9%",2774234603.45,"26.38%"
"457",2011,"MDA","USA","ALL",33274337.86,"0.085%",2774234603.45,"1.2%"
"458",2012,"MDA","CHN","ALL",20276389.94,"0.052%",2735704862.36,"0.74%"
"459",2012,"MDA","RUS","ALL",760549141.28,"1.9%",2735704862.36,"27.8%"
"460",2012,"MDA","USA","ALL",41883885.63,"0.11%",2735704862.36,"1.53%"
"461",2013,"MDA","CHN","ALL",19409138.43,"0.049%",2907270721.01,"0.67%"
"462",2013,"MDA","RUS","ALL",665748017.02,"1.7%",2907270721.01,"22.9%"
"463",2013,"MDA","USA","ALL",41592129.92,"0.11%",2907270721.01,"1.43%"
"464",2014,"MDA","CHN","ALL",24501938.04,"0.062%",2969580740.39,"0.83%"
"465",2014,"MDA","RUS","ALL",478441677.69,"1.2%",2969580740.39,"16.11%"
"466",2014,"MDA","USA","ALL",46564983.11,"0.12%",2969580740.39,"1.57%"
"467",2015,"MDA","CHN","ALL",22051151.91,"0.056%",2400460349.25,"0.92%"
"468",2015,"MDA","RUS","ALL",263404442.79,"0.67%",2400460349.25,"10.97%"
"469",2015,"MDA","USA","ALL",40508950.74,"0.10%",2400460349.25,"1.69%"
"470",2016,"MDA","CHN","ALL",27208338.82,"0.069%",2433199457.92,"1.12%"
"471",2016,"MDA","RUS","ALL",256037992.97,"0.65%",2433199457.92,"10.52%"
"472",2016,"MDA","USA","ALL",34982288.6,"0.089%",2433199457.92,"1.44%"
"473",2017,"MDA","CHN","ALL",38106765.03,"0.097%",2956770719.96,"1.29%"
"474",2017,"MDA","RUS","ALL",279860831.42,"0.71%",2956770719.96,"9.47%"
"475",2017,"MDA","USA","ALL",33380734.64,"0.085%",2956770719.96,"1.13%"
"476",1995,"TJK","CHN","ALL",8689273.79,"0.057%",225129871.61,"3.86%"
"477",1995,"TJK","USA","ALL",36632562.09,"0.24%",225129871.61,"16.27%"
"478",1996,"TJK","CHN","ALL",3856056.38,"0.026%",306838423.79,"1.26%"
"479",1996,"TJK","RUS","ALL",85018904.76,"0.56%",306838423.79,"27.71%"
"480",1996,"TJK","USA","ALL",30973454.32,"0.20%",306838423.79,"10.09%"
"481",1997,"TJK","CHN","ALL",8728929.96,"0.058%",268439936.18,"3.25%"
"482",1997,"TJK","RUS","ALL",93825427.32,"0.62%",268439936.18,"34.95%"
"483",1997,"TJK","USA","ALL",8209490.53,"0.054%",268439936.18,"3.06%"
"484",1998,"TJK","CHN","ALL",7689806.75,"0.051%",254836934.85,"3.02%"
"485",1998,"TJK","RUS","ALL",57951324.73,"0.38%",254836934.85,"22.74%"
"486",1998,"TJK","USA","ALL",30994860.33,"0.21%",254836934.85,"12.16%"
"487",1999,"TJK","CHN","ALL",5531877.32,"0.037%",259185559.32,"2.13%"
"488",1999,"TJK","RUS","ALL",106223391.12,"0.70%",259185559.32,"40.98%"
"489",1999,"TJK","USA","ALL",21817621.9,"0.14%",259185559.32,"8.42%"
"490",2000,"TJK","CHN","ALL",10055284.32,"0.067%",400719461.8,"2.51%"
"491",2000,"TJK","RUS","ALL",230389647.95,"1.5%",400719461.8,"57.49%"
"492",2000,"TJK","USA","ALL",9449419.06,"0.063%",400719461.8,"2.36%"
"493",2001,"TJK","CHN","ALL",5240438.1,"0.035%",337947026.92,"1.55%"
"494",2001,"TJK","RUS","ALL",125275732.47,"0.83%",337947026.92,"37.07%"
"495",2001,"TJK","USA","ALL",5172091.15,"0.034%",337947026.92,"1.53%"
"496",2002,"TJK","CHN","ALL",4540917.56,"0.030%",432062935.74,"1.05%"
"497",2002,"TJK","RUS","ALL",63735070.21,"0.42%",432062935.74,"14.75%"
"498",2002,"TJK","USA","ALL",1095235.96,"0.0072%",432062935.74,"0.25%"
"499",2003,"TJK","CHN","ALL",17338199.02,"0.11%",540160206.48,"3.21%"
"500",2003,"TJK","RUS","ALL",66442604.53,"0.44%",540160206.48,"12.3%"
"501",2003,"TJK","USA","ALL",7673993,"0.051%",540160206.48,"1.42%"
"502",2004,"TJK","CHN","ALL",14999158.47,"0.099%",621920845.23,"2.41%"
"503",2004,"TJK","RUS","ALL",73928294.01,"0.49%",621920845.23,"11.89%"
"504",2004,"TJK","USA","ALL",7366752.62,"0.049%",621920845.23,"1.18%"
"505",2005,"TJK","CHN","ALL",13787006.03,"0.091%",767473184.3,"1.8%"
"506",2005,"TJK","RUS","ALL",92802603.12,"0.61%",767473184.3,"12.09%"
"507",2005,"TJK","USA","ALL",237122624.2,"1.6%",767473184.3,"30.9%"
"508",2006,"TJK","CHN","ALL",17486899.61,"0.12%",878122868.35,"1.99%"
"509",2006,"TJK","RUS","ALL",122959384.07,"0.81%",878122868.35,"14%"
"510",2006,"TJK","USA","ALL",59114695.04,"0.39%",878122868.35,"6.73%"
"511",2007,"TJK","CHN","ALL",10061358.51,"0.067%",1071737937.12,"0.94%"
"512",2007,"TJK","RUS","ALL",158161513.85,"1.0%",1071737937.12,"14.76%"
"513",2007,"TJK","USA","ALL",181723.52,"0.0012%",1071737937.12,"0.02%"
"514",2008,"TJK","CHN","ALL",19842042.33,"0.13%",989270999.69,"2.01%"
"515",2008,"TJK","RUS","ALL",206499761.78,"1.4%",989270999.69,"20.87%"
"516",2008,"TJK","USA","ALL",7476981.6,"0.049%",989270999.69,"0.76%"
"517",2009,"TJK","CHN","ALL",179686560.28,"1.2%",843634907.21,"21.3%"
"518",2009,"TJK","RUS","ALL",209623270.54,"1.4%",843634907.21,"24.85%"
"519",2009,"TJK","USA","ALL",8515926.43,"0.056%",843634907.21,"1.01%"
"520",2010,"TJK","CHN","ALL",54419250.62,"0.36%",1058587725.11,"5.14%"
"521",2010,"TJK","RUS","ALL",208549206.91,"1.4%",1058587725.11,"19.7%"
"522",2010,"TJK","USA","ALL",203047.15,"0.0013%",1058587725.11,"0.02%"
"523",2011,"TJK","CHN","ALL",68541949.14,"0.45%",956493583.01,"7.17%"
"524",2011,"TJK","RUS","ALL",85827132.4,"0.57%",956493583.01,"8.97%"
"525",2011,"TJK","USA","ALL",11623627.95,"0.077%",956493583.01,"1.22%"
"526",2012,"TJK","CHN","ALL",102130820.57,"0.68%",893394694.69,"11.43%"
"527",2012,"TJK","RUS","ALL",64167266.55,"0.42%",893394694.69,"7.18%"
"528",2012,"TJK","USA","ALL",25781522.94,"0.17%",893394694.69,"2.89%"
"529",2013,"TJK","CHN","ALL",84295833.94,"0.56%",741584578.48,"11.37%"
"530",2013,"TJK","RUS","ALL",37010592.27,"0.24%",741584578.48,"4.99%"
"531",2013,"TJK","USA","ALL",154607.48,"0.0010%",741584578.48,"0.02%"
"532",2014,"TJK","CHN","ALL",46861386.91,"0.31%",697241149.83,"6.72%"
"533",2014,"TJK","RUS","ALL",36212488.03,"0.24%",697241149.83,"5.19%"
"534",2014,"TJK","USA","ALL",2142508.5,"0.014%",697241149.83,"0.31%"
"535",2015,"TJK","CHN","ALL",48237233.33,"0.32%",846280342.2,"5.7%"
"536",2015,"TJK","RUS","ALL",43955957.68,"0.29%",846280342.2,"5.19%"
"537",2015,"TJK","USA","ALL",32141600.23,"0.21%",846280342.2,"3.8%"
"538",2016,"TJK","CHN","ALL",30373060.83,"0.20%",781251618.25,"3.89%"
"539",2016,"TJK","RUS","ALL",25671824.55,"0.17%",781251618.25,"3.29%"
"540",2016,"TJK","USA","ALL",647255.15,"0.0043%",781251618.25,"0.08%"
"541",2017,"TJK","CHN","ALL",45774980.76,"0.30%",939740015.47,"4.87%"
"542",2017,"TJK","RUS","ALL",24563702.91,"0.16%",939740015.47,"2.61%"
"543",2017,"TJK","USA","ALL",355323.89,"0.0024%",939740015.47,"0.04%"
"544",1995,"TKM","CHN","ALL",5926738.55,"0.0058%",419140488.5,"1.41%"
"545",1995,"TKM","USA","ALL",1079652.82,"0.0011%",419140488.5,"0.26%"
"546",1996,"TKM","CHN","ALL",2816894.94,"0.0028%",468591469.59,"0.6%"
"547",1996,"TKM","RUS","ALL",150892741.23,"0.15%",468591469.59,"32.2%"
"548",1996,"TKM","USA","ALL",370517.47,"0.00036%",468591469.59,"0.08%"
"549",1997,"TKM","CHN","ALL",3397831.76,"0.0033%",1224739296.6,"0.28%"
"550",1997,"TKM","RUS","ALL",140665331.8,"0.14%",1224739296.6,"11.49%"
"551",1997,"TKM","USA","ALL",2021493.66,"0.0020%",1224739296.6,"0.17%"
"552",1998,"TKM","CHN","ALL",2082545.37,"0.0020%",287440575.28,"0.72%"
"553",1998,"TKM","RUS","ALL",41571957.76,"0.041%",287440575.28,"14.46%"
"554",1998,"TKM","USA","ALL",2201314.34,"0.0022%",287440575.28,"0.77%"
"555",1999,"TKM","CHN","ALL",2190937.48,"0.0022%",797684766.24,"0.27%"
"556",1999,"TKM","RUS","ALL",74367964.46,"0.073%",797684766.24,"9.32%"
"557",1999,"TKM","USA","ALL",8449449.07,"0.0083%",797684766.24,"1.06%"
"558",2000,"TKM","CHN","ALL",4362198.35,"0.0043%",1568384026.78,"0.28%"
"559",2000,"TKM","RUS","ALL",62176391.35,"0.061%",1568384026.78,"3.96%"
"560",2000,"TKM","USA","ALL",28862801.8,"0.028%",1568384026.78,"1.84%"
"561",2001,"TKM","CHN","ALL",1143458.95,"0.0011%",2074730187.9,"0.06%"
"562",2001,"TKM","RUS","ALL",36780100.34,"0.036%",2074730187.9,"1.77%"
"563",2001,"TKM","USA","ALL",47694657.49,"0.047%",2074730187.9,"2.3%"
"564",2002,"TKM","CHN","ALL",715645.59,"0.00070%",2375001789,"0.03%"
"565",2002,"TKM","RUS","ALL",29441757.11,"0.029%",2375001789,"1.24%"
"566",2002,"TKM","USA","ALL",62060829.35,"0.061%",2375001789,"2.61%"
"567",2003,"TKM","CHN","ALL",3970216.38,"0.0039%",2374647836.32,"0.17%"
"568",2003,"TKM","RUS","ALL",26280531.82,"0.026%",2374647836.32,"1.11%"
"569",2003,"TKM","USA","ALL",79718889.64,"0.078%",2374647836.32,"3.36%"
"570",2004,"TKM","CHN","ALL",13504099.83,"0.013%",3241851616.6,"0.42%"
"571",2004,"TKM","RUS","ALL",40919274.7,"0.040%",3241851616.6,"1.26%"
"572",2004,"TKM","USA","ALL",84552450.91,"0.083%",3241851616.6,"2.61%"
"573",2005,"TKM","CHN","ALL",18633198.42,"0.018%",4381955674.82,"0.43%"
"574",2005,"TKM","RUS","ALL",73804565.54,"0.072%",4381955674.82,"1.68%"
"575",2005,"TKM","USA","ALL",135711473.88,"0.13%",4381955674.82,"3.1%"
"576",2006,"TKM","CHN","ALL",15536764.87,"0.015%",4959441750.33,"0.31%"
"577",2006,"TKM","RUS","ALL",77465537.74,"0.076%",4959441750.33,"1.56%"
"578",2006,"TKM","USA","ALL",76681448.14,"0.075%",4959441750.33,"1.55%"
"579",2007,"TKM","CHN","ALL",48196293.46,"0.047%",5911953150.4,"0.82%"
"580",2007,"TKM","RUS","ALL",67539454.62,"0.066%",5911953150.4,"1.14%"
"581",2007,"TKM","USA","ALL",216730944.83,"0.21%",5911953150.4,"3.67%"
"582",2008,"TKM","CHN","ALL",28050778.74,"0.028%",7273658677.76,"0.39%"
"583",2008,"TKM","RUS","ALL",98145309.74,"0.096%",7273658677.76,"1.35%"
"584",2008,"TKM","USA","ALL",137963312.26,"0.14%",7273658677.76,"1.9%"
"585",2009,"TKM","CHN","ALL",37363746.08,"0.037%",1869309911.66,"2%"
"586",2009,"TKM","RUS","ALL",44273081.57,"0.043%",1869309911.66,"2.37%"
"587",2009,"TKM","USA","ALL",88847899.37,"0.087%",1869309911.66,"4.75%"
"588",2010,"TKM","CHN","ALL",934350571.73,"0.92%",2407964842.01,"38.8%"
"589",2010,"TKM","RUS","ALL",145330907.69,"0.14%",2407964842.01,"6.04%"
"590",2010,"TKM","USA","ALL",48277548.76,"0.047%",2407964842.01,"2%"
"591",2011,"TKM","CHN","ALL",4155946556.01,"4.1%",6665801269.28,"62.35%"
"592",2011,"TKM","RUS","ALL",138055908.32,"0.14%",6665801269.28,"2.07%"
"593",2011,"TKM","USA","ALL",41996091.26,"0.041%",6665801269.28,"0.63%"
"594",2012,"TKM","CHN","ALL",7624651650.09,"7.5%",9458926649.02,"80.61%"
"595",2012,"TKM","RUS","ALL",176443729.04,"0.17%",9458926649.02,"1.87%"
"596",2012,"TKM","USA","ALL",86091285.87,"0.085%",9458926649.02,"0.91%"
"597",2013,"TKM","CHN","ALL",7973004223.54,"7.8%",10347198232.81,"77.05%"
"598",2013,"TKM","RUS","ALL",136838481.89,"0.13%",10347198232.81,"1.32%"
"599",2013,"TKM","USA","ALL",30146763.11,"0.030%",10347198232.81,"0.29%"
"600",2014,"TKM","CHN","ALL",8585981946.73,"8.4%",10646866229.65,"80.64%"
"601",2014,"TKM","RUS","ALL",89599434.39,"0.088%",10646866229.65,"0.84%"
"602",2014,"TKM","USA","ALL",18660705.81,"0.018%",10646866229.65,"0.18%"
"603",2015,"TKM","CHN","ALL",7000475584.11,"6.9%",8943625115.59,"78.27%"
"604",2015,"TKM","RUS","ALL",68528506.38,"0.067%",8943625115.59,"0.77%"
"605",2015,"TKM","USA","ALL",55014394.95,"0.054%",8943625115.59,"0.62%"
"606",2016,"TKM","CHN","ALL",4985294932.82,"4.9%",7056871243.42,"70.64%"
"607",2016,"TKM","RUS","ALL",327284673.21,"0.32%",7056871243.42,"4.64%"
"608",2016,"TKM","USA","ALL",18101035.04,"0.018%",7056871243.42,"0.26%"
"609",2017,"TKM","CHN","ALL",5930020070.86,"5.8%",7102590915.59,"83.49%"
"610",2017,"TKM","RUS","ALL",83143633.55,"0.082%",7102590915.59,"1.17%"
"611",2017,"TKM","USA","ALL",13699049.67,"0.013%",7102590915.59,"0.19%"
"612",1995,"UKR","CHN","ALL",404671172.62,"0.047%",5646323116.92,"7.17%"
"613",1995,"UKR","USA","ALL",358312058.9,"0.041%",5646323116.92,"6.35%"
"614",1996,"UKR","CHN","ALL",803484723.94,"0.092%",15202712992.17,"5.29%"
"615",1996,"UKR","RUS","ALL",5554253534.8,"0.64%",15202712992.17,"36.53%"
"616",1996,"UKR","USA","ALL",438636747.95,"0.050%",15202712992.17,"2.89%"
"617",1997,"UKR","CHN","ALL",1134931599.53,"0.13%",15249289477.61,"7.44%"
"618",1997,"UKR","RUS","ALL",3765946164.37,"0.43%",15249289477.61,"24.7%"
"619",1997,"UKR","USA","ALL",414315011.86,"0.048%",15249289477.61,"2.72%"
"620",1998,"UKR","CHN","ALL",768259283.37,"0.088%",13710990178.57,"5.6%"
"621",1998,"UKR","RUS","ALL",2939404648.89,"0.34%",13710990178.57,"21.44%"
"622",1998,"UKR","USA","ALL",558525515.56,"0.064%",13710990178.57,"4.07%"
"623",1999,"UKR","CHN","ALL",742071635.06,"0.085%",12105456407.7,"6.13%"
"624",1999,"UKR","RUS","ALL",2427779677.09,"0.28%",12105456407.7,"20.06%"
"625",1999,"UKR","USA","ALL",526225128.26,"0.060%",12105456407.7,"4.35%"
"626",2000,"UKR","CHN","ALL",639352360.77,"0.073%",15495965546.34,"4.13%"
"627",2000,"UKR","RUS","ALL",3629952670.81,"0.42%",15495965546.34,"23.43%"
"628",2000,"UKR","USA","ALL",795989147.25,"0.091%",15495965546.34,"5.14%"
"629",2001,"UKR","CHN","ALL",528958331.96,"0.061%",17461946776.38,"3.03%"
"630",2001,"UKR","RUS","ALL",3656219194.95,"0.42%",17461946776.38,"20.94%"
"631",2001,"UKR","USA","ALL",624458149.25,"0.072%",17461946776.38,"3.58%"
"632",2002,"UKR","CHN","ALL",708062754.68,"0.081%",19302028575.15,"3.67%"
"633",2002,"UKR","RUS","ALL",3206472201.43,"0.37%",19302028575.15,"16.61%"
"634",2002,"UKR","USA","ALL",571547970.13,"0.066%",19302028575.15,"2.96%"
"635",2003,"UKR","CHN","ALL",1112269782.78,"0.13%",24732924374.69,"4.5%"
"636",2003,"UKR","RUS","ALL",4335041903,"0.50%",24732924374.69,"17.53%"
"637",2003,"UKR","USA","ALL",707938835.31,"0.081%",24732924374.69,"2.86%"
"638",2004,"UKR","CHN","ALL",903778464.24,"0.10%",34694372998.17,"2.6%"
"639",2004,"UKR","RUS","ALL",5888295686.09,"0.68%",34694372998.17,"16.97%"
"640",2004,"UKR","USA","ALL",1563799568,"0.18%",34694372998.17,"4.51%"
"641",2005,"UKR","CHN","ALL",631728557.81,"0.073%",38027849763.81,"1.66%"
"642",2005,"UKR","RUS","ALL",7460318387.19,"0.86%",38027849763.81,"19.62%"
"643",2005,"UKR","USA","ALL",1064979335.27,"0.12%",38027849763.81,"2.8%"
"644",2006,"UKR","CHN","ALL",405980149.2,"0.047%",40956522214.45,"0.99%"
"645",2006,"UKR","RUS","ALL",8643061628.2,"0.99%",40956522214.45,"21.1%"
"646",2006,"UKR","USA","ALL",1313333622.88,"0.15%",40956522214.45,"3.21%"
"647",2007,"UKR","CHN","ALL",558518075.41,"0.064%",52911110662.47,"1.06%"
"648",2007,"UKR","RUS","ALL",12653610462.5,"1.5%",52911110662.47,"23.91%"
"649",2007,"UKR","USA","ALL",1166922952.46,"0.13%",52911110662.47,"2.21%"
"650",2008,"UKR","CHN","ALL",586892597.92,"0.067%",73319437300.84,"0.8%"
"651",2008,"UKR","RUS","ALL",15871202360.8,"1.8%",73319437300.84,"21.65%"
"652",2008,"UKR","USA","ALL",2060416693.71,"0.24%",73319437300.84,"2.81%"
"653",2009,"UKR","CHN","ALL",1469504019.49,"0.17%",43270790065.99,"3.4%"
"654",2009,"UKR","RUS","ALL",8687153292.03,"1.0%",43270790065.99,"20.08%"
"655",2009,"UKR","USA","ALL",339743787.65,"0.039%",43270790065.99,"0.79%"
"656",2010,"UKR","CHN","ALL",1461625462.59,"0.17%",56102750016.05,"2.61%"
"657",2010,"UKR","RUS","ALL",13603920529.9,"1.6%",56102750016.05,"24.25%"
"658",2010,"UKR","USA","ALL",911880749.39,"0.10%",56102750016.05,"1.63%"
"659",2011,"UKR","CHN","ALL",2296283457.61,"0.26%",73036815778.89,"3.14%"
"660",2011,"UKR","RUS","ALL",19745057476.9,"2.3%",73036815778.89,"27.03%"
"661",2011,"UKR","USA","ALL",1237939112.21,"0.14%",73036815778.89,"1.69%"
"662",2012,"UKR","CHN","ALL",1842937798.64,"0.21%",73163970439.34,"2.52%"
"663",2012,"UKR","RUS","ALL",17733599596.3,"2.0%",73163970439.34,"24.24%"
"664",2012,"UKR","USA","ALL",1176609862.39,"0.14%",73163970439.34,"1.61%"
"665",2013,"UKR","CHN","ALL",2775528754.61,"0.32%",64735662922.81,"4.29%"
"666",2013,"UKR","RUS","ALL",15125991252.5,"1.7%",64735662922.81,"23.37%"
"667",2013,"UKR","USA","ALL",1004768732.24,"0.12%",64735662922.81,"1.55%"
"668",2014,"UKR","CHN","ALL",2737877393.38,"0.31%",58165607142.41,"4.71%"
"669",2014,"UKR","RUS","ALL",9852038669.95,"1.1%",58165607142.41,"16.94%"
"670",2014,"UKR","USA","ALL",790569806.5,"0.091%",58165607142.41,"1.36%"
"671",2015,"UKR","CHN","ALL",2480563476.37,"0.29%",41692879055.56,"5.95%"
"672",2015,"UKR","RUS","ALL",4986513133.13,"0.57%",41692879055.56,"11.96%"
"673",2015,"UKR","USA","ALL",671809748.18,"0.077%",41692879055.56,"1.61%"
"674",2016,"UKR","CHN","ALL",2203947178.11,"0.25%",35087403171.78,"6.28%"
"675",2016,"UKR","RUS","ALL",3853129312.14,"0.44%",35087403171.78,"10.98%"
"676",2016,"UKR","USA","ALL",563349303.94,"0.065%",35087403171.78,"1.61%"
"677",2017,"UKR","CHN","ALL",2012835569.5,"0.23%",46119664971.48,"4.36%"
"678",2017,"UKR","RUS","ALL",4245128155.08,"0.49%",46119664971.48,"9.2%"
"679",2017,"UKR","USA","ALL",920345984.56,"0.11%",46119664971.48,"2%"
"680",1995,"UZB","CHN","ALL",65649596.01,"0.068%",1319742393.43,"4.97%"
"681",1995,"UZB","USA","ALL",1356713.86,"0.0014%",1319742393.43,"0.1%"
"682",1996,"UZB","CHN","ALL",142895242.63,"0.15%",2422351333,"5.9%"
"683",1996,"UZB","RUS","ALL",626400582.08,"0.65%",2422351333,"25.86%"
"684",1996,"UZB","USA","ALL",143101168.49,"0.15%",2422351333,"5.91%"
"685",1997,"UZB","CHN","ALL",133632558.27,"0.14%",2533227821.29,"5.28%"
"686",1997,"UZB","RUS","ALL",816038440.1,"0.85%",2533227821.29,"32.21%"
"687",1997,"UZB","USA","ALL",11268037.73,"0.012%",2533227821.29,"0.44%"
"688",1998,"UZB","CHN","ALL",30744797.44,"0.032%",1708858412.45,"1.8%"
"689",1998,"UZB","RUS","ALL",510588509.12,"0.53%",1708858412.45,"29.88%"
"690",1998,"UZB","USA","ALL",9684500.09,"0.010%",1708858412.45,"0.57%"
"691",1999,"UZB","CHN","ALL",12360921.59,"0.013%",1486451873.08,"0.83%"
"692",1999,"UZB","RUS","ALL",442887448.5,"0.46%",1486451873.08,"29.79%"
"693",1999,"UZB","USA","ALL",20745220.53,"0.022%",1486451873.08,"1.4%"
"694",2000,"UZB","CHN","ALL",11368617.03,"0.012%",1984638516.32,"0.57%"
"695",2000,"UZB","RUS","ALL",645094253.41,"0.67%",1984638516.32,"32.5%"
"696",2000,"UZB","USA","ALL",34201933.94,"0.036%",1984638516.32,"1.72%"
"697",2001,"UZB","CHN","ALL",7246325.52,"0.0076%",1920340370.6,"0.38%"
"698",2001,"UZB","RUS","ALL",565764437.28,"0.59%",1920340370.6,"29.46%"
"699",2001,"UZB","USA","ALL",54499572.25,"0.057%",1920340370.6,"2.84%"
"700",2002,"UZB","CHN","ALL",26177866.18,"0.027%",1478127905.17,"1.77%"
"701",2002,"UZB","RUS","ALL",334579013.33,"0.35%",1478127905.17,"22.64%"
"702",2002,"UZB","USA","ALL",79230207.81,"0.083%",1478127905.17,"5.36%"
"703",2003,"UZB","CHN","ALL",192602814.35,"0.20%",1994041158.56,"9.66%"
"704",2003,"UZB","RUS","ALL",416825849.29,"0.43%",1994041158.56,"20.9%"
"705",2003,"UZB","USA","ALL",76437991.38,"0.080%",1994041158.56,"3.83%"
"706",2004,"UZB","CHN","ALL",387614510.21,"0.40%",2832141721.49,"13.69%"
"707",2004,"UZB","RUS","ALL",601003319.67,"0.63%",2832141721.49,"21.22%"
"708",2004,"UZB","USA","ALL",72417108.47,"0.075%",2832141721.49,"2.56%"
"709",2005,"UZB","CHN","ALL",433947148.85,"0.45%",3631977816.27,"11.95%"
"710",2005,"UZB","RUS","ALL",841904748.51,"0.88%",3631977816.27,"23.18%"
"711",2005,"UZB","USA","ALL",94850721.04,"0.099%",3631977816.27,"2.61%"
"712",2006,"UZB","CHN","ALL",544528769.09,"0.57%",4608766900.98,"11.82%"
"713",2006,"UZB","RUS","ALL",1249547162.36,"1.3%",4608766900.98,"27.11%"
"714",2006,"UZB","USA","ALL",152343433.13,"0.16%",4608766900.98,"3.31%"
"715",2007,"UZB","CHN","ALL",352479281.71,"0.37%",5650542013.44,"6.24%"
"716",2007,"UZB","RUS","ALL",1422719909.07,"1.5%",5650542013.44,"25.18%"
"717",2007,"UZB","USA","ALL",162594895.87,"0.17%",5650542013.44,"2.88%"
"718",2008,"UZB","CHN","ALL",317759517.1,"0.33%",6691995480.07,"4.75%"
"719",2008,"UZB","RUS","ALL",1283898989.84,"1.3%",6691995480.07,"19.19%"
"720",2008,"UZB","USA","ALL",289979806.68,"0.30%",6691995480.07,"4.33%"
"721",2009,"UZB","CHN","ALL",337378666.52,"0.35%",4920944601.66,"6.86%"
"722",2009,"UZB","RUS","ALL",831697761.3,"0.87%",4920944601.66,"16.9%"
"723",2009,"UZB","USA","ALL",85694779.62,"0.089%",4920944601.66,"1.74%"
"724",2010,"UZB","CHN","ALL",1277731440.9,"1.3%",6099628008.06,"20.95%"
"725",2010,"UZB","RUS","ALL",1494506282.72,"1.6%",6099628008.06,"24.5%"
"726",2010,"UZB","USA","ALL",64570817,"0.067%",6099628008.06,"1.06%"
"727",2011,"UZB","CHN","ALL",785400265.55,"0.82%",6540423343.39,"12.01%"
"728",2011,"UZB","RUS","ALL",1736042015.28,"1.8%",6540423343.39,"26.54%"
"729",2011,"UZB","USA","ALL",48132549.35,"0.050%",6540423343.39,"0.74%"
"730",2012,"UZB","CHN","ALL",1044105300.19,"1.1%",4780887021.56,"21.84%"
"731",2012,"UZB","RUS","ALL",1337619448.26,"1.4%",4780887021.56,"27.98%"
"732",2012,"UZB","USA","ALL",23570828.61,"0.025%",4780887021.56,"0.49%"
"733",2013,"UZB","CHN","ALL",1823663039.85,"1.9%",5862945033.46,"31.1%"
"734",2013,"UZB","RUS","ALL",1249591620.46,"1.3%",5862945033.46,"21.31%"
"735",2013,"UZB","USA","ALL",21647903.06,"0.023%",5862945033.46,"0.37%"
"736",2014,"UZB","CHN","ALL",1511093996.07,"1.6%",6137943242.69,"24.62%"
"737",2014,"UZB","RUS","ALL",866014245.36,"0.90%",6137943242.69,"14.11%"
"738",2014,"UZB","USA","ALL",9018338.51,"0.0094%",6137943242.69,"0.15%"
"739",2015,"UZB","CHN","ALL",1212156351.72,"1.3%",5853634888.45,"20.71%"
"740",2015,"UZB","RUS","ALL",570350194.35,"0.59%",5853634888.45,"9.74%"
"741",2015,"UZB","USA","ALL",8969609.6,"0.0093%",5853634888.45,"0.15%"
"742",2016,"UZB","CHN","ALL",1517336920.47,"1.6%",7113866844.57,"21.33%"
"743",2016,"UZB","RUS","ALL",751432369.16,"0.78%",7113866844.57,"10.56%"
"744",2016,"UZB","USA","ALL",30193251.9,"0.031%",7113866844.57,"0.42%"
"745",2017,"UZB","CHN","ALL",1397975361.4,"1.5%",8383971852.43,"16.67%"
"746",2017,"UZB","RUS","ALL",1010431376.52,"1.1%",8383971852.43,"12.05%"
"747",2017,"UZB","USA","ALL",6380238.79,"0.0066%",8383971852.43,"0.08%"
