year,country_origin_id,country_destination_id,hs92_product_id,export_val,export_val_pct
1995,YUG,BDI,ALL,16309.39,0.000059%
1995,YUG,BFA,ALL,154258.86,0.00056%
1995,YUG,CIV,ALL,1179779,0.0043%
1995,YUG,CMR,ALL,50226.92,0.00018%
1995,YUG,DZA,ALL,21474259,0.078%
1995,YUG,EGY,ALL,115001.84,0.00042%
1995,YUG,ETH,ALL,70662.24,0.00026%
1995,YUG,GIN,ALL,1355488.51,0.0049%
1995,YUG,GMB,ALL,102767.27,0.00037%
1995,YUG,MDG,ALL,311509.53,0.0011%
1995,YUG,NER,ALL,61345.62,0.00022%
1995,YUG,SDN,ALL,1187419.46,0.0043%
1995,YUG,TGO,ALL,31252.47,0.00011%
1995,YUG,TUN,ALL,6649307.59,0.024%
1995,YUG,TZA,ALL,241584.18,0.00088%
1995,YUG,UGA,ALL,1939,0.0000071%
1995,YUG,ZAF,ALL,1567448,0.0057%
1995,YUG,ZWE,ALL,60744.03,0.00022%
1995,YUG,CHN,ALL,296724.08,0.0011%
1995,YUG,CYP,ALL,33134.06,0.00012%
1995,YUG,IDN,ALL,1715797.04,0.0062%
1995,YUG,IND,ALL,323881.69,0.0012%
1995,YUG,JOR,ALL,400301.19,0.0015%
1995,YUG,JPN,ALL,98002.33,0.00036%
1995,YUG,KOR,ALL,1226126.26,0.0045%
1995,YUG,MYS,ALL,3744196.68,0.014%
1995,YUG,SAU,ALL,6646063.82,0.024%
1995,YUG,THA,ALL,2702449.24,0.0098%
1995,YUG,AUT,ALL,520384.39,0.0019%
1995,YUG,BLX,ALL,1047471.85,0.0038%
1995,YUG,CHE,ALL,186011.76,0.00068%
1995,YUG,CZE,ALL,671521.94,0.0024%
1995,YUG,DEU,ALL,4093250.98,0.015%
1995,YUG,ESP,ALL,3510,0.000013%
1995,YUG,EST,ALL,7906,0.000029%
1995,YUG,FIN,ALL,15851,0.000058%
1995,YUG,GBR,ALL,872294.75,0.0032%
1995,YUG,GRC,ALL,1049494.44,0.0038%
1995,YUG,HUN,ALL,908926.68,0.0033%
1995,YUG,ISL,ALL,325432.11,0.0012%
1995,YUG,LTU,ALL,1000,0.0000036%
1995,YUG,LVA,ALL,97543.43,0.00036%
1995,YUG,MDA,ALL,350042.39,0.0013%
1995,YUG,MKD,ALL,153650062.38,0.56%
1995,YUG,MLT,ALL,63777.22,0.00023%
1995,YUG,NLD,ALL,232572.26,0.00085%
1995,YUG,POL,ALL,83000,0.00030%
1995,YUG,PRT,ALL,226464.84,0.00082%
1995,YUG,ROU,ALL,19181688.05,0.070%
1995,YUG,SVK,ALL,217449.72,0.00079%
1995,YUG,SVN,ALL,1546371.19,0.0056%
1995,YUG,SWE,ALL,172142.01,0.00063%
1995,YUG,CAN,ALL,126802.03,0.00046%
1995,YUG,CRI,ALL,123707.89,0.00045%
1995,YUG,GTM,ALL,206401.48,0.00075%
1995,YUG,MEX,ALL,383470.31,0.0014%
1995,YUG,NIC,ALL,1364,0.0000050%
1995,YUG,NZL,ALL,17275,0.000063%
1995,YUG,ARG,ALL,325458.67,0.0012%
1995,YUG,BRA,ALL,354469.86,0.0013%
1995,YUG,CHL,ALL,191519,0.00070%
1995,YUG,COL,ALL,321158.46,0.0012%
1995,YUG,ECU,ALL,418052.78,0.0015%
1995,YUG,PER,ALL,317071.11,0.0012%
1995,YUG,URY,ALL,115696.4,0.00042%
1995,YUG,VEN,ALL,630795.32,0.0023%
1996,YUG,BDI,ALL,19084.51,0.000069%
1996,YUG,BEN,ALL,70000,0.00025%
1996,YUG,BFA,ALL,32931.86,0.00012%
1996,YUG,CIV,ALL,795507.21,0.0029%
1996,YUG,CMR,ALL,4248,0.000015%
1996,YUG,COM,ALL,62000,0.00023%
1996,YUG,DZA,ALL,10887074.88,0.040%
1996,YUG,EGY,ALL,20539919.34,0.075%
1996,YUG,GAB,ALL,6000,0.000022%
1996,YUG,GHA,ALL,490898.81,0.0018%
1996,YUG,GIN,ALL,4958,0.000018%
1996,YUG,GMB,ALL,27661.07,0.00010%
1996,YUG,GNQ,ALL,37000,0.00013%
1996,YUG,LBR,ALL,8386000,0.031%
1996,YUG,LBY,ALL,155000,0.00056%
1996,YUG,MAR,ALL,122000,0.00044%
1996,YUG,MDG,ALL,48763.81,0.00018%
1996,YUG,MLI,ALL,32901.47,0.00012%
1996,YUG,NER,ALL,18633,0.000068%
1996,YUG,NGA,ALL,2008342.23,0.0073%
1996,YUG,RWA,ALL,3234,0.000012%
1996,YUG,SDN,ALL,8991,0.000033%
1996,YUG,SEN,ALL,646996.9,0.0024%
1996,YUG,SHN,ALL,7000,0.000025%
1996,YUG,SLE,ALL,625000,0.0023%
1996,YUG,STP,ALL,25000,0.000091%
1996,YUG,TGO,ALL,157000,0.00057%
1996,YUG,TUN,ALL,3753588.81,0.014%
1996,YUG,TZA,ALL,14674,0.000053%
1996,YUG,UGA,ALL,105249.67,0.00038%
1996,YUG,ZAF,ALL,4337990.83,0.016%
1996,YUG,ZMB,ALL,4000,0.000015%
1996,YUG,ZWE,ALL,28000,0.00010%
1996,YUG,ARE,ALL,1271000,0.0046%
1996,YUG,ARM,ALL,166000,0.00060%
1996,YUG,AZE,ALL,104678.71,0.00038%
1996,YUG,BGD,ALL,1164529.58,0.0042%
1996,YUG,BHR,ALL,73000,0.00027%
1996,YUG,CHN,ALL,10756602.29,0.039%
1996,YUG,CYP,ALL,32622150.14,0.12%
1996,YUG,GEO,ALL,2628937,0.0096%
1996,YUG,HKG,ALL,5200425.18,0.019%
1996,YUG,IDN,ALL,6063448.26,0.022%
1996,YUG,IND,ALL,7055490.91,0.026%
1996,YUG,IRN,ALL,1354000,0.0049%
1996,YUG,IRQ,ALL,278000,0.0010%
1996,YUG,ISR,ALL,7092433.29,0.026%
1996,YUG,JOR,ALL,890000,0.0032%
1996,YUG,JPN,ALL,659011.87,0.0024%
1996,YUG,KAZ,ALL,335000,0.0012%
1996,YUG,KGZ,ALL,16000,0.000058%
1996,YUG,KOR,ALL,8771218.39,0.032%
1996,YUG,KWT,ALL,1000,0.0000036%
1996,YUG,LAO,ALL,2000,0.0000073%
1996,YUG,LBN,ALL,2304000,0.0084%
1996,YUG,MMR,ALL,7000,0.000025%
1996,YUG,MNG,ALL,144682.37,0.00053%
1996,YUG,MYS,ALL,3493064.67,0.013%
1996,YUG,NPL,ALL,1000,0.0000036%
1996,YUG,PAK,ALL,44000,0.00016%
1996,YUG,SAU,ALL,419605.83,0.0015%
1996,YUG,SYR,ALL,2360000,0.0086%
1996,YUG,THA,ALL,2627074.72,0.0096%
1996,YUG,TKM,ALL,120000,0.00044%
1996,YUG,TUR,ALL,25801131.98,0.094%
1996,YUG,UZB,ALL,307000,0.0011%
1996,YUG,XXB,ALL,7000,0.000025%
1996,YUG,ALB,ALL,10180645.71,0.037%
1996,YUG,AUT,ALL,29025598.86,0.11%
1996,YUG,BGR,ALL,73097406.37,0.27%
1996,YUG,BIH,ALL,365210000,1.3%
1996,YUG,BLR,ALL,3394000,0.012%
1996,YUG,BLX,ALL,19258562.35,0.070%
1996,YUG,CHE,ALL,73611009.63,0.27%
1996,YUG,CZE,ALL,17005460.67,0.062%
1996,YUG,DEU,ALL,171971191.06,0.63%
1996,YUG,DNK,ALL,4763735.13,0.017%
1996,YUG,ESP,ALL,1071000,0.0039%
1996,YUG,EST,ALL,10248,0.000037%
1996,YUG,FIN,ALL,2231666.17,0.0081%
1996,YUG,FRA,ALL,65456316,0.24%
1996,YUG,GBR,ALL,34129851.92,0.12%
1996,YUG,GRC,ALL,88387362.36,0.32%
1996,YUG,HRV,ALL,470331,0.0017%
1996,YUG,HUN,ALL,32913130.47,0.12%
1996,YUG,IRL,ALL,4024104,0.015%
1996,YUG,ISL,ALL,385010.13,0.0014%
1996,YUG,ITA,ALL,265338782.81,0.97%
1996,YUG,LTU,ALL,169255.79,0.00062%
1996,YUG,LVA,ALL,201102.05,0.00073%
1996,YUG,MDA,ALL,2080546.6,0.0076%
1996,YUG,MKD,ALL,177693334.37,0.65%
1996,YUG,MLT,ALL,1471809.13,0.0054%
1996,YUG,NLD,ALL,24181781.88,0.088%
1996,YUG,NOR,ALL,8750650.07,0.032%
1996,YUG,POL,ALL,11409044.33,0.042%
1996,YUG,PRT,ALL,2332939.89,0.0085%
1996,YUG,ROU,ALL,57770758.45,0.21%
1996,YUG,RUS,ALL,167362584.16,0.61%
1996,YUG,SVK,ALL,9635734.11,0.035%
1996,YUG,SVN,ALL,33737492.04,0.12%
1996,YUG,SWE,ALL,5963363,0.022%
1996,YUG,UKR,ALL,17665436.95,0.064%
1996,YUG,BHS,ALL,687000,0.0025%
1996,YUG,BMU,ALL,50000,0.00018%
1996,YUG,CAN,ALL,4036130.82,0.015%
1996,YUG,CRI,ALL,161000,0.00059%
1996,YUG,CYM,ALL,84000,0.00031%
1996,YUG,GRD,ALL,1685,0.0000061%
1996,YUG,GTM,ALL,26648.71,0.000097%
1996,YUG,JAM,ALL,135551.68,0.00049%
1996,YUG,LCA,ALL,1139,0.0000041%
1996,YUG,MEX,ALL,2690003.92,0.0098%
1996,YUG,NIC,ALL,4117,0.000015%
1996,YUG,PAN,ALL,1773000,0.0065%
1996,YUG,TCA,ALL,11000,0.000040%
1996,YUG,TTO,ALL,1111.26,0.0000040%
1996,YUG,UMI,ALL,24000,0.000087%
1996,YUG,USA,ALL,28059889,0.10%
1996,YUG,VCT,ALL,378000,0.0014%
1996,YUG,VGB,ALL,1040000,0.0038%
1996,YUG,AUS,ALL,838000,0.0031%
1996,YUG,MHL,ALL,58000,0.00021%
1996,YUG,NZL,ALL,104304.89,0.00038%
1996,YUG,PYF,ALL,16590.17,0.000060%
1996,YUG,SLB,ALL,2000,0.0000073%
1996,YUG,ARG,ALL,1252101.51,0.0046%
1996,YUG,BOL,ALL,49371.4,0.00018%
1996,YUG,BRA,ALL,297000,0.0011%
1996,YUG,CHL,ALL,1092,0.0000040%
1996,YUG,COL,ALL,22994.66,0.000084%
1996,YUG,ECU,ALL,516924.61,0.0019%
1996,YUG,PER,ALL,2944118.02,0.011%
1996,YUG,URY,ALL,37000,0.00013%
1996,YUG,VEN,ALL,46221.06,0.00017%
1997,YUG,BFA,ALL,4986,0.000018%
1997,YUG,CIV,ALL,938525,0.0034%
1997,YUG,CMR,ALL,2004151.9,0.0073%
1997,YUG,COD,ALL,43000,0.00016%
1997,YUG,COG,ALL,46000,0.00017%
1997,YUG,DZA,ALL,16543978.2,0.060%
1997,YUG,EGY,ALL,35954561.19,0.13%
1997,YUG,ERI,ALL,3000,0.000011%
1997,YUG,ETH,ALL,281133.03,0.0010%
1997,YUG,GAB,ALL,5000,0.000018%
1997,YUG,GHA,ALL,428354.54,0.0016%
1997,YUG,GIN,ALL,74799.46,0.00027%
1997,YUG,KEN,ALL,51220.21,0.00019%
1997,YUG,LBR,ALL,1154000,0.0042%
1997,YUG,LBY,ALL,184000,0.00067%
1997,YUG,MAR,ALL,425000,0.0015%
1997,YUG,MDG,ALL,63178.21,0.00023%
1997,YUG,MLI,ALL,32870.06,0.00012%
1997,YUG,MUS,ALL,2656.95,0.0000097%
1997,YUG,NER,ALL,1824,0.0000066%
1997,YUG,NGA,ALL,1189953.85,0.0043%
1997,YUG,RWA,ALL,5011.5,0.000018%
1997,YUG,SDN,ALL,239374.96,0.00087%
1997,YUG,SEN,ALL,1154677.06,0.0042%
1997,YUG,SHN,ALL,15000,0.000055%
1997,YUG,SLE,ALL,305000,0.0011%
1997,YUG,STP,ALL,90000,0.00033%
1997,YUG,SYC,ALL,16000,0.000058%
1997,YUG,TGO,ALL,10750,0.000039%
1997,YUG,TUN,ALL,6503470,0.024%
1997,YUG,TZA,ALL,40186.98,0.00015%
1997,YUG,UGA,ALL,16801,0.000061%
1997,YUG,ZAF,ALL,11097664.2,0.040%
1997,YUG,ZMB,ALL,4562,0.000017%
1997,YUG,ZWE,ALL,14000,0.000051%
1997,YUG,ARE,ALL,1824000,0.0066%
1997,YUG,ARM,ALL,59801.87,0.00022%
1997,YUG,AZE,ALL,703285.82,0.0026%
1997,YUG,BGD,ALL,3038051.09,0.011%
1997,YUG,BHR,ALL,17000,0.000062%
1997,YUG,CHN,ALL,8015430.09,0.029%
1997,YUG,CYP,ALL,18092043.92,0.066%
1997,YUG,GEO,ALL,1766964.22,0.0064%
1997,YUG,HKG,ALL,7345538.85,0.027%
1997,YUG,IDN,ALL,5389938.52,0.020%
1997,YUG,IND,ALL,7589904.1,0.028%
1997,YUG,IRN,ALL,15072095.25,0.055%
1997,YUG,ISR,ALL,9347190.77,0.034%
1997,YUG,JOR,ALL,751770.45,0.0027%
1997,YUG,JPN,ALL,1918614.3,0.0070%
1997,YUG,KAZ,ALL,674000,0.0025%
1997,YUG,KOR,ALL,6674624.51,0.024%
1997,YUG,KWT,ALL,66000,0.00024%
1997,YUG,LBN,ALL,3296926.42,0.012%
1997,YUG,MAC,ALL,1495.77,0.0000054%
1997,YUG,MMR,ALL,169000,0.00062%
1997,YUG,MNG,ALL,116908.51,0.00043%
1997,YUG,MYS,ALL,788261.49,0.0029%
1997,YUG,NPL,ALL,1000,0.0000036%
1997,YUG,OMN,ALL,17920,0.000065%
1997,YUG,PAK,ALL,410000,0.0015%
1997,YUG,PHL,ALL,177000,0.00064%
1997,YUG,PRK,ALL,14000,0.000051%
1997,YUG,SAU,ALL,681000,0.0025%
1997,YUG,SGP,ALL,4000,0.000015%
1997,YUG,SYR,ALL,2319000,0.0084%
1997,YUG,THA,ALL,3106489.25,0.011%
1997,YUG,TUR,ALL,31061259.52,0.11%
1997,YUG,UZB,ALL,1834000,0.0067%
1997,YUG,XXB,ALL,144000,0.00052%
1997,YUG,YEM,ALL,223000,0.00081%
1997,YUG,ALB,ALL,2727064.54,0.0099%
1997,YUG,AUT,ALL,43017522.09,0.16%
1997,YUG,BGR,ALL,48431382.63,0.18%
1997,YUG,BIH,ALL,435896000,1.6%
1997,YUG,BLR,ALL,3540000,0.013%
1997,YUG,BLX,ALL,15055506.99,0.055%
1997,YUG,CHE,ALL,163861178.47,0.60%
1997,YUG,CZE,ALL,21292540.7,0.078%
1997,YUG,DEU,ALL,292701122.63,1.1%
1997,YUG,DNK,ALL,10137847.61,0.037%
1997,YUG,ESP,ALL,18623380.94,0.068%
1997,YUG,EST,ALL,140883.76,0.00051%
1997,YUG,FIN,ALL,3420020.8,0.012%
1997,YUG,FRA,ALL,69052936.58,0.25%
1997,YUG,GBR,ALL,78758568.6,0.29%
1997,YUG,GRC,ALL,133356952.04,0.49%
1997,YUG,HRV,ALL,50580065.08,0.18%
1997,YUG,HUN,ALL,62929572.08,0.23%
1997,YUG,IRL,ALL,4471852,0.016%
1997,YUG,ISL,ALL,273847.65,0.0010%
1997,YUG,ITA,ALL,455919956.4,1.7%
1997,YUG,LTU,ALL,493560.48,0.0018%
1997,YUG,LVA,ALL,1518070.75,0.0055%
1997,YUG,MDA,ALL,1180000,0.0043%
1997,YUG,MKD,ALL,212443399.86,0.77%
1997,YUG,MLT,ALL,325098.51,0.0012%
1997,YUG,NLD,ALL,37186986.88,0.14%
1997,YUG,NOR,ALL,7800351.22,0.028%
1997,YUG,POL,ALL,23890109.15,0.087%
1997,YUG,PRT,ALL,638626.83,0.0023%
1997,YUG,ROU,ALL,55741406.47,0.20%
1997,YUG,RUS,ALL,195078574.78,0.71%
1997,YUG,SVK,ALL,17570571.86,0.064%
1997,YUG,SVN,ALL,43386840.27,0.16%
1997,YUG,SWE,ALL,5175660.23,0.019%
1997,YUG,UKR,ALL,29078030.04,0.11%
1997,YUG,BHS,ALL,17775.76,0.000065%
1997,YUG,BRB,ALL,1000,0.0000036%
1997,YUG,CAN,ALL,7905537.61,0.029%
1997,YUG,CRI,ALL,396040.28,0.0014%
1997,YUG,CUB,ALL,24000,0.000087%
1997,YUG,CYM,ALL,5000,0.000018%
1997,YUG,GRD,ALL,4991.65,0.000018%
1997,YUG,HND,ALL,34000,0.00012%
1997,YUG,JAM,ALL,80191,0.00029%
1997,YUG,LCA,ALL,2475,0.0000090%
1997,YUG,MEX,ALL,5475608.09,0.020%
1997,YUG,NIC,ALL,52376,0.00019%
1997,YUG,PAN,ALL,122000,0.00044%
1997,YUG,SLV,ALL,45420,0.00017%
1997,YUG,TTO,ALL,22153.2,0.000081%
1997,YUG,UMI,ALL,8000,0.000029%
1997,YUG,USA,ALL,16167549.58,0.059%
1997,YUG,VGB,ALL,628000,0.0023%
1997,YUG,AUS,ALL,1242000,0.0045%
1997,YUG,KIR,ALL,140000,0.00051%
1997,YUG,MHL,ALL,169000,0.00062%
1997,YUG,NCL,ALL,32000,0.00012%
1997,YUG,NIU,ALL,1128000,0.0041%
1997,YUG,NZL,ALL,143771.51,0.00052%
1997,YUG,PYF,ALL,17415.34,0.000063%
1997,YUG,TKL,ALL,20000,0.000073%
1997,YUG,ARG,ALL,3225597.18,0.012%
1997,YUG,BOL,ALL,37100.9,0.00014%
1997,YUG,BRA,ALL,5132000,0.019%
1997,YUG,CHL,ALL,240527.34,0.00088%
1997,YUG,COL,ALL,23403.2,0.000085%
1997,YUG,ECU,ALL,531413.55,0.0019%
1997,YUG,PER,ALL,728409.28,0.0027%
1997,YUG,URY,ALL,624721.61,0.0023%
1997,YUG,VEN,ALL,271072.94,0.00099%
1998,YUG,AGO,ALL,2000,0.0000073%
1998,YUG,BFA,ALL,26276.13,0.000096%
1998,YUG,CIV,ALL,1414533.19,0.0051%
1998,YUG,CMR,ALL,134154.67,0.00049%
1998,YUG,COG,ALL,69000,0.00025%
1998,YUG,COM,ALL,2000,0.0000073%
1998,YUG,CPV,ALL,9000,0.000033%
1998,YUG,DZA,ALL,9019517.02,0.033%
1998,YUG,EGY,ALL,26086474.65,0.095%
1998,YUG,ETH,ALL,1936933.25,0.0071%
1998,YUG,GAB,ALL,53000,0.00019%
1998,YUG,GHA,ALL,371325.98,0.0014%
1998,YUG,GIN,ALL,161921.71,0.00059%
1998,YUG,KEN,ALL,5567,0.000020%
1998,YUG,LBR,ALL,954000,0.0035%
1998,YUG,LBY,ALL,540000,0.0020%
1998,YUG,MAR,ALL,516000,0.0019%
1998,YUG,MDG,ALL,1107,0.0000040%
1998,YUG,MLI,ALL,95352.95,0.00035%
1998,YUG,MUS,ALL,29335.93,0.00011%
1998,YUG,NER,ALL,7000,0.000025%
1998,YUG,NGA,ALL,1250845.52,0.0046%
1998,YUG,RWA,ALL,93403.81,0.00034%
1998,YUG,SDN,ALL,222922.4,0.00081%
1998,YUG,SEN,ALL,450592.95,0.0016%
1998,YUG,STP,ALL,2000,0.0000073%
1998,YUG,SYC,ALL,65434.65,0.00024%
1998,YUG,TGO,ALL,555151,0.0020%
1998,YUG,TUN,ALL,8665896.52,0.032%
1998,YUG,TZA,ALL,43504.8,0.00016%
1998,YUG,UGA,ALL,31863,0.00012%
1998,YUG,ZAF,ALL,6154940.16,0.022%
1998,YUG,ZWE,ALL,14000,0.000051%
1998,YUG,ARE,ALL,8802000,0.032%
1998,YUG,ARM,ALL,400000,0.0015%
1998,YUG,AZE,ALL,1492205.47,0.0054%
1998,YUG,BGD,ALL,3264,0.000012%
1998,YUG,BHR,ALL,16000,0.000058%
1998,YUG,CHN,ALL,10173860.53,0.037%
1998,YUG,CYP,ALL,32122581.08,0.12%
1998,YUG,GEO,ALL,1388640.97,0.0051%
1998,YUG,HKG,ALL,2667446.82,0.0097%
1998,YUG,IDN,ALL,1889878.99,0.0069%
1998,YUG,IND,ALL,1862808.51,0.0068%
1998,YUG,IRN,ALL,21136588.83,0.077%
1998,YUG,IRQ,ALL,325000,0.0012%
1998,YUG,ISR,ALL,7715540.56,0.028%
1998,YUG,JOR,ALL,1606111.51,0.0058%
1998,YUG,JPN,ALL,5636755.7,0.021%
1998,YUG,KAZ,ALL,1024000,0.0037%
1998,YUG,KGZ,ALL,103000,0.00037%
1998,YUG,KOR,ALL,3870358.03,0.014%
1998,YUG,KWT,ALL,48000,0.00017%
1998,YUG,LAO,ALL,15000,0.000055%
1998,YUG,LBN,ALL,3580455,0.013%
1998,YUG,LKA,ALL,107000,0.00039%
1998,YUG,MAC,ALL,20000,0.000073%
1998,YUG,MMR,ALL,5130000,0.019%
1998,YUG,MNG,ALL,134574.2,0.00049%
1998,YUG,MYS,ALL,704828.72,0.0026%
1998,YUG,OMN,ALL,36092.94,0.00013%
1998,YUG,PAK,ALL,296000,0.0011%
1998,YUG,PRK,ALL,22000,0.000080%
1998,YUG,QAT,ALL,29000,0.00011%
1998,YUG,SAU,ALL,327000,0.0012%
1998,YUG,SGP,ALL,1000,0.0000036%
1998,YUG,SYR,ALL,2333000,0.0085%
1998,YUG,THA,ALL,794714.93,0.0029%
1998,YUG,TJK,ALL,601000,0.0022%
1998,YUG,TKM,ALL,148000,0.00054%
1998,YUG,TUR,ALL,22210912.44,0.081%
1998,YUG,UZB,ALL,1448000,0.0053%
1998,YUG,XXB,ALL,189000,0.00069%
1998,YUG,YEM,ALL,626000,0.0023%
1998,YUG,ALB,ALL,1543142.11,0.0056%
1998,YUG,AUT,ALL,55523298.49,0.20%
1998,YUG,BGR,ALL,42294142.32,0.15%
1998,YUG,BIH,ALL,232047000,0.84%
1998,YUG,BLR,ALL,7422884.06,0.027%
1998,YUG,BLX,ALL,25426614.96,0.093%
1998,YUG,CHE,ALL,237738410.5,0.87%
1998,YUG,CZE,ALL,21679366.49,0.079%
1998,YUG,DEU,ALL,364752275.66,1.3%
1998,YUG,DNK,ALL,11720574.1,0.043%
1998,YUG,ESP,ALL,46687136.4,0.17%
1998,YUG,EST,ALL,800315,0.0029%
1998,YUG,FIN,ALL,2240433.06,0.0082%
1998,YUG,FRA,ALL,109816136.76,0.40%
1998,YUG,GBR,ALL,96426422.06,0.35%
1998,YUG,GIB,ALL,2000,0.0000073%
1998,YUG,GRC,ALL,104442026.84,0.38%
1998,YUG,HRV,ALL,17564242.78,0.064%
1998,YUG,HUN,ALL,60619097.48,0.22%
1998,YUG,IRL,ALL,3409527,0.012%
1998,YUG,ISL,ALL,1143052.23,0.0042%
1998,YUG,ITA,ALL,401960568.28,1.5%
1998,YUG,LTU,ALL,1289135.93,0.0047%
1998,YUG,LVA,ALL,1750356.48,0.0064%
1998,YUG,MDA,ALL,1639056.14,0.0060%
1998,YUG,MKD,ALL,243292407.26,0.89%
1998,YUG,MLT,ALL,1310978.7,0.0048%
1998,YUG,NLD,ALL,38912994.73,0.14%
1998,YUG,NOR,ALL,18502274.59,0.067%
1998,YUG,POL,ALL,31943572.65,0.12%
1998,YUG,PRT,ALL,14401742.7,0.052%
1998,YUG,ROU,ALL,43636462.86,0.16%
1998,YUG,RUS,ALL,154789378.26,0.56%
1998,YUG,SVK,ALL,23028239.67,0.084%
1998,YUG,SVN,ALL,64679456.7,0.24%
1998,YUG,SWE,ALL,11789490.78,0.043%
1998,YUG,UKR,ALL,28467161.8,0.10%
1998,YUG,ANT,ALL,18000,0.000066%
1998,YUG,BHS,ALL,17000,0.000062%
1998,YUG,BRB,ALL,19771.45,0.000072%
1998,YUG,CAN,ALL,4795276.05,0.017%
1998,YUG,CRI,ALL,220120,0.00080%
1998,YUG,CUB,ALL,12000,0.000044%
1998,YUG,DMA,ALL,333000,0.0012%
1998,YUG,GRL,ALL,14289,0.000052%
1998,YUG,GTM,ALL,17333,0.000063%
1998,YUG,HND,ALL,543000,0.0020%
1998,YUG,JAM,ALL,290780.19,0.0011%
1998,YUG,MEX,ALL,7285411.42,0.027%
1998,YUG,MSR,ALL,76000,0.00028%
1998,YUG,NIC,ALL,26000,0.000095%
1998,YUG,PAN,ALL,368000,0.0013%
1998,YUG,SLV,ALL,433943,0.0016%
1998,YUG,TCA,ALL,22000,0.000080%
1998,YUG,USA,ALL,22889918.43,0.083%
1998,YUG,VGB,ALL,151000,0.00055%
1998,YUG,AUS,ALL,566000,0.0021%
1998,YUG,KIR,ALL,10000,0.000036%
1998,YUG,MHL,ALL,19000,0.000069%
1998,YUG,NIU,ALL,135000,0.00049%
1998,YUG,NZL,ALL,35072.75,0.00013%
1998,YUG,PNG,ALL,32226.74,0.00012%
1998,YUG,PYF,ALL,17256.82,0.000063%
1998,YUG,ARG,ALL,753618.78,0.0027%
1998,YUG,BRA,ALL,1231000,0.0045%
1998,YUG,CHL,ALL,33961.82,0.00012%
1998,YUG,COL,ALL,16255849.18,0.059%
1998,YUG,ECU,ALL,164166.72,0.00060%
1998,YUG,FLK,ALL,22000,0.000080%
1998,YUG,PER,ALL,213753.66,0.00078%
1998,YUG,SUR,ALL,25000,0.000091%
1998,YUG,URY,ALL,25518,0.000093%
1998,YUG,VEN,ALL,883787.56,0.0032%
1999,YUG,AGO,ALL,4000,0.000015%
1999,YUG,BEN,ALL,3244719.04,0.012%
1999,YUG,BFA,ALL,13003.6,0.000047%
1999,YUG,CIV,ALL,1097483.61,0.0040%
1999,YUG,CMR,ALL,11478.73,0.000042%
1999,YUG,COG,ALL,1000,0.0000036%
1999,YUG,CPV,ALL,3424.44,0.000012%
1999,YUG,DZA,ALL,19070621.02,0.069%
1999,YUG,EGY,ALL,12985468.19,0.047%
1999,YUG,ETH,ALL,689707.45,0.0025%
1999,YUG,GAB,ALL,8787,0.000032%
1999,YUG,GHA,ALL,7546497.22,0.027%
1999,YUG,GIN,ALL,150320.09,0.00055%
1999,YUG,KEN,ALL,7866,0.000029%
1999,YUG,LBR,ALL,1036000,0.0038%
1999,YUG,LBY,ALL,754000,0.0027%
1999,YUG,MAR,ALL,443000,0.0016%
1999,YUG,MLI,ALL,66009.35,0.00024%
1999,YUG,MUS,ALL,160547.49,0.00058%
1999,YUG,NER,ALL,7780706.68,0.028%
1999,YUG,NGA,ALL,5333137.02,0.019%
1999,YUG,RWA,ALL,3692.26,0.000013%
1999,YUG,SDN,ALL,100377.53,0.00037%
1999,YUG,SEN,ALL,238894.81,0.00087%
1999,YUG,SLE,ALL,98000,0.00036%
1999,YUG,SOM,ALL,12000,0.000044%
1999,YUG,STP,ALL,7000,0.000025%
1999,YUG,SYC,ALL,97553.98,0.00036%
1999,YUG,TGO,ALL,2715046.72,0.0099%
1999,YUG,TUN,ALL,4709052.88,0.017%
1999,YUG,TZA,ALL,3624.06,0.000013%
1999,YUG,UGA,ALL,1000,0.0000036%
1999,YUG,ZAF,ALL,4033764.59,0.015%
1999,YUG,ZMB,ALL,5624.84,0.000020%
1999,YUG,ARE,ALL,2648000,0.0096%
1999,YUG,ARM,ALL,81946.88,0.00030%
1999,YUG,AZE,ALL,93657.92,0.00034%
1999,YUG,BHR,ALL,2000,0.0000073%
1999,YUG,CHN,ALL,10891269.83,0.040%
1999,YUG,CYP,ALL,20496775.39,0.075%
1999,YUG,GEO,ALL,209740.81,0.00076%
1999,YUG,HKG,ALL,192222.96,0.00070%
1999,YUG,IDN,ALL,1163098.93,0.0042%
1999,YUG,IND,ALL,3184443.89,0.012%
1999,YUG,IRN,ALL,12313562.11,0.045%
1999,YUG,IRQ,ALL,270000,0.00098%
1999,YUG,ISR,ALL,4670208.92,0.017%
1999,YUG,JOR,ALL,811743.68,0.0030%
1999,YUG,JPN,ALL,2704604.46,0.0098%
1999,YUG,KAZ,ALL,251000,0.00091%
1999,YUG,KOR,ALL,454785.06,0.0017%
1999,YUG,LBN,ALL,1119156.61,0.0041%
1999,YUG,LKA,ALL,136000,0.00050%
1999,YUG,MAC,ALL,22000,0.000080%
1999,YUG,MMR,ALL,1239000,0.0045%
1999,YUG,MYS,ALL,4555230.81,0.017%
1999,YUG,OMN,ALL,22241,0.000081%
1999,YUG,PAK,ALL,70000,0.00025%
1999,YUG,QAT,ALL,2000,0.0000073%
1999,YUG,SAU,ALL,2120249.59,0.0077%
1999,YUG,SGP,ALL,379040,0.0014%
1999,YUG,SYR,ALL,1625000,0.0059%
1999,YUG,THA,ALL,209213.13,0.00076%
1999,YUG,TKM,ALL,24000,0.000087%
1999,YUG,TUR,ALL,19414680.88,0.071%
1999,YUG,UZB,ALL,3289000,0.012%
1999,YUG,XXB,ALL,25000,0.000091%
1999,YUG,ALB,ALL,954560.61,0.0035%
1999,YUG,AND,ALL,1030.16,0.0000038%
1999,YUG,AUT,ALL,30643748.05,0.11%
1999,YUG,BGR,ALL,19101998.43,0.070%
1999,YUG,BIH,ALL,279111000,1.0%
1999,YUG,BLR,ALL,6783479.63,0.025%
1999,YUG,BLX,ALL,16666580.99,0.061%
1999,YUG,CHE,ALL,106363416.14,0.39%
1999,YUG,CZE,ALL,16300244.61,0.059%
1999,YUG,DEU,ALL,189935758.29,0.69%
1999,YUG,DNK,ALL,6142722.37,0.022%
1999,YUG,ESP,ALL,16246905.09,0.059%
1999,YUG,EST,ALL,362164.12,0.0013%
1999,YUG,FIN,ALL,1404666.21,0.0051%
1999,YUG,FRA,ALL,50952065.51,0.19%
1999,YUG,GBR,ALL,26681362.1,0.097%
1999,YUG,GRC,ALL,63029916.12,0.23%
1999,YUG,HRV,ALL,23872108.42,0.087%
1999,YUG,HUN,ALL,31623329.62,0.12%
1999,YUG,IRL,ALL,2004387.77,0.0073%
1999,YUG,ISL,ALL,178023.35,0.00065%
1999,YUG,ITA,ALL,194303709.07,0.71%
1999,YUG,LTU,ALL,433732.85,0.0016%
1999,YUG,LVA,ALL,778013.77,0.0028%
1999,YUG,MDA,ALL,380427.77,0.0014%
1999,YUG,MKD,ALL,182093311.94,0.66%
1999,YUG,MLT,ALL,213920.22,0.00078%
1999,YUG,NLD,ALL,21269526.55,0.077%
1999,YUG,NOR,ALL,8934671.82,0.033%
1999,YUG,POL,ALL,12434918.05,0.045%
1999,YUG,PRT,ALL,2350019.98,0.0086%
1999,YUG,ROU,ALL,27057183.7,0.098%
1999,YUG,RUS,ALL,80773540.15,0.29%
1999,YUG,SVK,ALL,6946557.89,0.025%
1999,YUG,SVN,ALL,38678159.03,0.14%
1999,YUG,SWE,ALL,8203771.5,0.030%
1999,YUG,UKR,ALL,20319323.51,0.074%
1999,YUG,ANT,ALL,10000,0.000036%
1999,YUG,BHS,ALL,87000,0.00032%
1999,YUG,CAN,ALL,3897854.14,0.014%
1999,YUG,GRL,ALL,2448,0.0000089%
1999,YUG,GTM,ALL,3000,0.000011%
1999,YUG,HND,ALL,469128.9,0.0017%
1999,YUG,JAM,ALL,6413,0.000023%
1999,YUG,MEX,ALL,1362701.62,0.0050%
1999,YUG,PAN,ALL,321863.37,0.0012%
1999,YUG,SLV,ALL,139879.59,0.00051%
1999,YUG,TTO,ALL,55578.32,0.00020%
1999,YUG,USA,ALL,6525104.04,0.024%
1999,YUG,VGB,ALL,4670000,0.017%
1999,YUG,AUS,ALL,527000,0.0019%
1999,YUG,KIR,ALL,30000,0.00011%
1999,YUG,MHL,ALL,2467000,0.0090%
1999,YUG,NCL,ALL,7564.28,0.000028%
1999,YUG,NIU,ALL,21000,0.000076%
1999,YUG,NZL,ALL,126023.79,0.00046%
1999,YUG,PYF,ALL,2736.3,0.000010%
1999,YUG,ARG,ALL,482429.45,0.0018%
1999,YUG,BOL,ALL,4522,0.000016%
1999,YUG,BRA,ALL,288000,0.0010%
1999,YUG,CHL,ALL,14000,0.000051%
1999,YUG,ECU,ALL,178009.89,0.00065%
1999,YUG,GUY,ALL,35338,0.00013%
1999,YUG,PER,ALL,29079.06,0.00011%
1999,YUG,PRY,ALL,12000,0.000044%
1999,YUG,SUR,ALL,1000,0.0000036%
1999,YUG,URY,ALL,1000,0.0000036%
1999,YUG,VEN,ALL,250388.32,0.00091%
2000,YUG,BEN,ALL,86452.3,0.00031%
2000,YUG,BFA,ALL,25530.29,0.000093%
2000,YUG,CIV,ALL,664435.5,0.0024%
2000,YUG,CMR,ALL,20233.28,0.000074%
2000,YUG,COM,ALL,25000,0.000091%
2000,YUG,DJI,ALL,53000,0.00019%
2000,YUG,DZA,ALL,5589000,0.020%
2000,YUG,EGY,ALL,14289608.36,0.052%
2000,YUG,ETH,ALL,689293.93,0.0025%
2000,YUG,GAB,ALL,926840.44,0.0034%
2000,YUG,GHA,ALL,10832816.26,0.039%
2000,YUG,GIN,ALL,92621.41,0.00034%
2000,YUG,LBR,ALL,1898000,0.0069%
2000,YUG,LBY,ALL,696000,0.0025%
2000,YUG,MAR,ALL,33000,0.00012%
2000,YUG,MDG,ALL,109524.86,0.00040%
2000,YUG,MLI,ALL,4421.43,0.000016%
2000,YUG,MOZ,ALL,27245.41,0.000099%
2000,YUG,NER,ALL,4750.43,0.000017%
2000,YUG,NGA,ALL,2411426.38,0.0088%
2000,YUG,SDN,ALL,5793106.37,0.021%
2000,YUG,SEN,ALL,297014.81,0.0011%
2000,YUG,SLE,ALL,138000,0.00050%
2000,YUG,STP,ALL,12000,0.000044%
2000,YUG,SYC,ALL,149652.82,0.00054%
2000,YUG,TGO,ALL,601853.47,0.0022%
2000,YUG,TUN,ALL,2366654.03,0.0086%
2000,YUG,TZA,ALL,15000,0.000055%
2000,YUG,UGA,ALL,89000,0.00032%
2000,YUG,ZAF,ALL,4680410.21,0.017%
2000,YUG,ZWE,ALL,1000,0.0000036%
2000,YUG,ARE,ALL,533000,0.0019%
2000,YUG,ARM,ALL,177595.16,0.00065%
2000,YUG,AZE,ALL,169211.26,0.00062%
2000,YUG,BHR,ALL,28787,0.00010%
2000,YUG,CHN,ALL,7974852.85,0.029%
2000,YUG,CYP,ALL,60140710.02,0.22%
2000,YUG,GEO,ALL,753483.94,0.0027%
2000,YUG,HKG,ALL,427115.63,0.0016%
2000,YUG,IDN,ALL,339182.58,0.0012%
2000,YUG,IND,ALL,6017367.86,0.022%
2000,YUG,IRN,ALL,7382927.72,0.027%
2000,YUG,IRQ,ALL,135000,0.00049%
2000,YUG,ISR,ALL,5916000.86,0.022%
2000,YUG,JOR,ALL,1173780.57,0.0043%
2000,YUG,JPN,ALL,3006384.03,0.011%
2000,YUG,KAZ,ALL,642676.11,0.0023%
2000,YUG,KGZ,ALL,71859.26,0.00026%
2000,YUG,KOR,ALL,1750510.24,0.0064%
2000,YUG,KWT,ALL,209998.59,0.00076%
2000,YUG,LBN,ALL,2923872.22,0.011%
2000,YUG,LKA,ALL,253000,0.00092%
2000,YUG,MMR,ALL,54000,0.00020%
2000,YUG,MNG,ALL,2000,0.0000073%
2000,YUG,MYS,ALL,3550947.9,0.013%
2000,YUG,PAK,ALL,188000,0.00068%
2000,YUG,PHL,ALL,135000,0.00049%
2000,YUG,QAT,ALL,1232.66,0.0000045%
2000,YUG,SAU,ALL,70000,0.00025%
2000,YUG,SGP,ALL,972917.69,0.0035%
2000,YUG,SYR,ALL,3234000,0.012%
2000,YUG,THA,ALL,204520.75,0.00074%
2000,YUG,TKM,ALL,16000,0.000058%
2000,YUG,TUR,ALL,48581933.93,0.18%
2000,YUG,UZB,ALL,372000,0.0014%
2000,YUG,VNM,ALL,1981.46,0.0000072%
2000,YUG,XXB,ALL,758000,0.0028%
2000,YUG,YEM,ALL,217000,0.00079%
2000,YUG,ALB,ALL,3634350.01,0.013%
2000,YUG,AND,ALL,15246.99,0.000056%
2000,YUG,AUT,ALL,38787108.63,0.14%
2000,YUG,BGR,ALL,28417906.86,0.10%
2000,YUG,BIH,ALL,248687000,0.91%
2000,YUG,BLR,ALL,6990096.41,0.025%
2000,YUG,BLX,ALL,14789152.28,0.054%
2000,YUG,CHE,ALL,106609592.61,0.39%
2000,YUG,CZE,ALL,20966768.07,0.076%
2000,YUG,DEU,ALL,197924810.33,0.72%
2000,YUG,DNK,ALL,3563849.39,0.013%
2000,YUG,ESP,ALL,28960632.41,0.11%
2000,YUG,EST,ALL,118485.03,0.00043%
2000,YUG,FIN,ALL,1364048.28,0.0050%
2000,YUG,FRA,ALL,58444912.98,0.21%
2000,YUG,GBR,ALL,25083713.23,0.091%
2000,YUG,GRC,ALL,89241105.93,0.32%
2000,YUG,HRV,ALL,28603549.42,0.10%
2000,YUG,HUN,ALL,63191436.47,0.23%
2000,YUG,IRL,ALL,500803.02,0.0018%
2000,YUG,ISL,ALL,157490.33,0.00057%
2000,YUG,ITA,ALL,273232186.46,0.99%
2000,YUG,LTU,ALL,874614.35,0.0032%
2000,YUG,LVA,ALL,210877.57,0.00077%
2000,YUG,MDA,ALL,1096820.93,0.0040%
2000,YUG,MKD,ALL,182421677.86,0.66%
2000,YUG,MLT,ALL,805152.33,0.0029%
2000,YUG,NLD,ALL,33350007.68,0.12%
2000,YUG,NOR,ALL,8032914.19,0.029%
2000,YUG,POL,ALL,19255145.39,0.070%
2000,YUG,PRT,ALL,5221966.89,0.019%
2000,YUG,ROU,ALL,51985670.16,0.19%
2000,YUG,RUS,ALL,96682176.2,0.35%
2000,YUG,SVK,ALL,15611826.04,0.057%
2000,YUG,SVN,ALL,37825606.35,0.14%
2000,YUG,SWE,ALL,13302793.02,0.048%
2000,YUG,UKR,ALL,24510468.34,0.089%
2000,YUG,ANT,ALL,12000,0.000044%
2000,YUG,BHS,ALL,537000,0.0020%
2000,YUG,BLZ,ALL,8000,0.000029%
2000,YUG,CAN,ALL,14632117.85,0.053%
2000,YUG,CRI,ALL,12389,0.000045%
2000,YUG,CUB,ALL,5164,0.000019%
2000,YUG,CYM,ALL,31000,0.00011%
2000,YUG,DMA,ALL,76927.74,0.00028%
2000,YUG,DOM,ALL,14000,0.000051%
2000,YUG,GTM,ALL,5000,0.000018%
2000,YUG,JAM,ALL,25783.68,0.000094%
2000,YUG,MEX,ALL,4530306.31,0.016%
2000,YUG,PAN,ALL,1130000,0.0041%
2000,YUG,SLV,ALL,259983.17,0.00095%
2000,YUG,TTO,ALL,24803.84,0.000090%
2000,YUG,USA,ALL,3713422.75,0.014%
2000,YUG,VCT,ALL,2997,0.000011%
2000,YUG,VGB,ALL,20024000,0.073%
2000,YUG,AUS,ALL,820018.19,0.0030%
2000,YUG,MHL,ALL,471000,0.0017%
2000,YUG,NCL,ALL,2507.72,0.0000091%
2000,YUG,NIU,ALL,172000,0.00063%
2000,YUG,NZL,ALL,51840.55,0.00019%
2000,YUG,PNG,ALL,11810,0.000043%
2000,YUG,PYF,ALL,12065,0.000044%
2000,YUG,WSM,ALL,31000,0.00011%
2000,YUG,ARG,ALL,507976.97,0.0018%
2000,YUG,BOL,ALL,13332,0.000049%
2000,YUG,BRA,ALL,571782.67,0.0021%
2000,YUG,CHL,ALL,8808,0.000032%
2000,YUG,COL,ALL,162891,0.00059%
2000,YUG,ECU,ALL,215568.14,0.00078%
2000,YUG,GUY,ALL,8300,0.000030%
2000,YUG,PER,ALL,792867,0.0029%
2000,YUG,SUR,ALL,20000,0.000073%
2000,YUG,URY,ALL,440552.86,0.0016%
2000,YUG,VEN,ALL,18719,0.000068%
2001,YUG,AGO,ALL,180545,0.00066%
2001,YUG,BDI,ALL,17138,0.000062%
2001,YUG,BEN,ALL,198730.82,0.00072%
2001,YUG,BFA,ALL,526675.67,0.0019%
2001,YUG,CIV,ALL,1139520.36,0.0041%
2001,YUG,CMR,ALL,151395.56,0.00055%
2001,YUG,COM,ALL,2707,0.0000099%
2001,YUG,CPV,ALL,7282.41,0.000027%
2001,YUG,DZA,ALL,5131124,0.019%
2001,YUG,EGY,ALL,12339984.36,0.045%
2001,YUG,ETH,ALL,2646495.66,0.0096%
2001,YUG,GAB,ALL,895067.78,0.0033%
2001,YUG,GHA,ALL,2873684.91,0.010%
2001,YUG,GIN,ALL,469832,0.0017%
2001,YUG,GMB,ALL,200338.09,0.00073%
2001,YUG,LBR,ALL,128107,0.00047%
2001,YUG,LBY,ALL,733148,0.0027%
2001,YUG,MAR,ALL,124714,0.00045%
2001,YUG,MDG,ALL,75452.32,0.00027%
2001,YUG,MLI,ALL,12003.98,0.000044%
2001,YUG,MOZ,ALL,43054.15,0.00016%
2001,YUG,MUS,ALL,23278,0.000085%
2001,YUG,NGA,ALL,15685259.51,0.057%
2001,YUG,RWA,ALL,5356,0.000019%
2001,YUG,SDN,ALL,118042.52,0.00043%
2001,YUG,SEN,ALL,1112413.87,0.0040%
2001,YUG,SLE,ALL,490655,0.0018%
2001,YUG,STP,ALL,12764,0.000046%
2001,YUG,SYC,ALL,3488929,0.013%
2001,YUG,TGO,ALL,2544519.9,0.0093%
2001,YUG,TUN,ALL,1234576.38,0.0045%
2001,YUG,TZA,ALL,55586.07,0.00020%
2001,YUG,UGA,ALL,120559,0.00044%
2001,YUG,ZAF,ALL,2034694.64,0.0074%
2001,YUG,ZMB,ALL,4257.64,0.000015%
2001,YUG,ARE,ALL,422457,0.0015%
2001,YUG,ARM,ALL,652457.78,0.0024%
2001,YUG,BGD,ALL,23758.57,0.000086%
2001,YUG,BHR,ALL,208739.67,0.00076%
2001,YUG,BRN,ALL,3731,0.000014%
2001,YUG,CHN,ALL,7881557.93,0.029%
2001,YUG,CYP,ALL,12493996.6,0.045%
2001,YUG,GEO,ALL,498513.63,0.0018%
2001,YUG,HKG,ALL,2052454.93,0.0075%
2001,YUG,IDN,ALL,693671.63,0.0025%
2001,YUG,IND,ALL,1889040.66,0.0069%
2001,YUG,IRN,ALL,3110655.49,0.011%
2001,YUG,IRQ,ALL,3586056,0.013%
2001,YUG,ISR,ALL,4510229.72,0.016%
2001,YUG,JOR,ALL,3251842.11,0.012%
2001,YUG,JPN,ALL,3132584.92,0.011%
2001,YUG,KAZ,ALL,1153361.21,0.0042%
2001,YUG,KGZ,ALL,130184.95,0.00047%
2001,YUG,KOR,ALL,62245.25,0.00023%
2001,YUG,KWT,ALL,531705.37,0.0019%
2001,YUG,LAO,ALL,15154,0.000055%
2001,YUG,LBN,ALL,3103084.82,0.011%
2001,YUG,LKA,ALL,178336,0.00065%
2001,YUG,MDV,ALL,62600,0.00023%
2001,YUG,MNG,ALL,185669.9,0.00068%
2001,YUG,MYS,ALL,3018950.45,0.011%
2001,YUG,PAK,ALL,231270,0.00084%
2001,YUG,PHL,ALL,67229,0.00024%
2001,YUG,QAT,ALL,39479.73,0.00014%
2001,YUG,SAU,ALL,1760033.95,0.0064%
2001,YUG,SGP,ALL,1481880.47,0.0054%
2001,YUG,SYR,ALL,9726291,0.035%
2001,YUG,THA,ALL,509144.36,0.0019%
2001,YUG,TKM,ALL,70629,0.00026%
2001,YUG,TUR,ALL,8650940.6,0.031%
2001,YUG,UZB,ALL,156556,0.00057%
2001,YUG,VNM,ALL,12526,0.000046%
2001,YUG,XXB,ALL,56592,0.00021%
2001,YUG,YEM,ALL,288492,0.0011%
2001,YUG,ALB,ALL,4397658.9,0.016%
2001,YUG,AND,ALL,5414.63,0.000020%
2001,YUG,AUT,ALL,35240309.01,0.13%
2001,YUG,BGR,ALL,25156424.05,0.092%
2001,YUG,BIH,ALL,238415771,0.87%
2001,YUG,BLR,ALL,7186103.77,0.026%
2001,YUG,BLX,ALL,25462234.73,0.093%
2001,YUG,CHE,ALL,157421369.96,0.57%
2001,YUG,CZE,ALL,18939082.39,0.069%
2001,YUG,DEU,ALL,260714862.63,0.95%
2001,YUG,DNK,ALL,4111337.64,0.015%
2001,YUG,ESP,ALL,43295237.26,0.16%
2001,YUG,EST,ALL,885643.07,0.0032%
2001,YUG,FIN,ALL,1501431.32,0.0055%
2001,YUG,FRA,ALL,56377142.95,0.21%
2001,YUG,GBR,ALL,43550470.44,0.16%
2001,YUG,GIB,ALL,119636,0.00044%
2001,YUG,GRC,ALL,83817659.3,0.31%
2001,YUG,HRV,ALL,40521263.46,0.15%
2001,YUG,HUN,ALL,64523053.97,0.23%
2001,YUG,IRL,ALL,230416.09,0.00084%
2001,YUG,ISL,ALL,225262.8,0.00082%
2001,YUG,ITA,ALL,378513574.57,1.4%
2001,YUG,LTU,ALL,1106188.13,0.0040%
2001,YUG,LVA,ALL,1530967.24,0.0056%
2001,YUG,MDA,ALL,1341800.08,0.0049%
2001,YUG,MKD,ALL,159967690.13,0.58%
2001,YUG,MLT,ALL,220798.37,0.00080%
2001,YUG,NLD,ALL,51662518.83,0.19%
2001,YUG,NOR,ALL,2470055.97,0.0090%
2001,YUG,POL,ALL,9630839.59,0.035%
2001,YUG,PRT,ALL,3747420.89,0.014%
2001,YUG,ROU,ALL,34617273.45,0.13%
2001,YUG,RUS,ALL,82633397.92,0.30%
2001,YUG,SVK,ALL,16113840.68,0.059%
2001,YUG,SVN,ALL,48140425.88,0.18%
2001,YUG,SWE,ALL,16815074.88,0.061%
2001,YUG,UKR,ALL,31566559.55,0.11%
2001,YUG,BHS,ALL,423450.2,0.0015%
2001,YUG,BLZ,ALL,36881,0.00013%
2001,YUG,CAN,ALL,5049187.48,0.018%
2001,YUG,CRI,ALL,23289,0.000085%
2001,YUG,CUB,ALL,21539,0.000078%
2001,YUG,CYM,ALL,4958,0.000018%
2001,YUG,DMA,ALL,67074.64,0.00024%
2001,YUG,GRL,ALL,1981,0.0000072%
2001,YUG,GTM,ALL,104933,0.00038%
2001,YUG,HND,ALL,4758636.57,0.017%
2001,YUG,HTI,ALL,7749,0.000028%
2001,YUG,KNA,ALL,5093,0.000019%
2001,YUG,MEX,ALL,538744.75,0.0020%
2001,YUG,NIC,ALL,1538,0.0000056%
2001,YUG,PAN,ALL,19301290.45,0.070%
2001,YUG,SLV,ALL,165640.65,0.00060%
2001,YUG,TTO,ALL,118552.63,0.00043%
2001,YUG,USA,ALL,8223710.13,0.030%
2001,YUG,VCT,ALL,19374.76,0.000071%
2001,YUG,VGB,ALL,74955,0.00027%
2001,YUG,AUS,ALL,916232.65,0.0033%
2001,YUG,MHL,ALL,104435,0.00038%
2001,YUG,NCL,ALL,1258,0.0000046%
2001,YUG,NIU,ALL,247957,0.00090%
2001,YUG,NRU,ALL,6957,0.000025%
2001,YUG,NZL,ALL,103393.09,0.00038%
2001,YUG,PYF,ALL,3630.09,0.000013%
2001,YUG,WSM,ALL,171100,0.00062%
2001,YUG,ARG,ALL,736148.51,0.0027%
2001,YUG,BRA,ALL,305290.15,0.0011%
2001,YUG,CHL,ALL,31551.46,0.00011%
2001,YUG,COL,ALL,555411,0.0020%
2001,YUG,ECU,ALL,88390.49,0.00032%
2001,YUG,PER,ALL,33950.52,0.00012%
2001,YUG,URY,ALL,437186,0.0016%
2001,YUG,VEN,ALL,103899.9,0.00038%
2001,YUG,XXA,ALL,2598,0.0000095%
2002,YUG,AGO,ALL,10000,0.000036%
2002,YUG,BDI,ALL,21935,0.000080%
2002,YUG,BEN,ALL,319428.35,0.0012%
2002,YUG,BFA,ALL,64867.75,0.00024%
2002,YUG,CIV,ALL,629313.13,0.0023%
2002,YUG,CMR,ALL,179060,0.00065%
2002,YUG,COD,ALL,2802,0.000010%
2002,YUG,COM,ALL,101682,0.00037%
2002,YUG,CPV,ALL,15123,0.000055%
2002,YUG,DZA,ALL,18219446.57,0.066%
2002,YUG,EGY,ALL,9424166.46,0.034%
2002,YUG,ETH,ALL,329143.19,0.0012%
2002,YUG,GAB,ALL,25488,0.000093%
2002,YUG,GHA,ALL,9562584.02,0.035%
2002,YUG,GIN,ALL,136805.57,0.00050%
2002,YUG,LBR,ALL,133882,0.00049%
2002,YUG,LBY,ALL,680201,0.0025%
2002,YUG,MAR,ALL,794111.67,0.0029%
2002,YUG,MDG,ALL,33355.26,0.00012%
2002,YUG,MLI,ALL,67935.02,0.00025%
2002,YUG,MOZ,ALL,4276,0.000016%
2002,YUG,MRT,ALL,5651,0.000021%
2002,YUG,MUS,ALL,16032.48,0.000058%
2002,YUG,MWI,ALL,2213,0.0000081%
2002,YUG,NER,ALL,32816.56,0.00012%
2002,YUG,NGA,ALL,2482766.13,0.0090%
2002,YUG,RWA,ALL,262206.74,0.00095%
2002,YUG,SDN,ALL,22753,0.000083%
2002,YUG,SEN,ALL,287282.81,0.0010%
2002,YUG,SHN,ALL,8923,0.000032%
2002,YUG,SLE,ALL,246889,0.00090%
2002,YUG,SOM,ALL,1736,0.0000063%
2002,YUG,STP,ALL,26211,0.000095%
2002,YUG,SYC,ALL,44243,0.00016%
2002,YUG,TCD,ALL,9243,0.000034%
2002,YUG,TGO,ALL,2304978.69,0.0084%
2002,YUG,TUN,ALL,1251178.94,0.0046%
2002,YUG,TZA,ALL,2269292.86,0.0083%
2002,YUG,UGA,ALL,21780,0.000079%
2002,YUG,ZAF,ALL,1882859.07,0.0069%
2002,YUG,ZMB,ALL,373410,0.0014%
2002,YUG,ARE,ALL,1103007,0.0040%
2002,YUG,ARM,ALL,344516.07,0.0013%
2002,YUG,AZE,ALL,281798.77,0.0010%
2002,YUG,BGD,ALL,271518,0.00099%
2002,YUG,BHR,ALL,201947.2,0.00074%
2002,YUG,BRN,ALL,4151,0.000015%
2002,YUG,CHN,ALL,2175347.76,0.0079%
2002,YUG,CYP,ALL,22258478.93,0.081%
2002,YUG,GEO,ALL,1087878.85,0.0040%
2002,YUG,HKG,ALL,867116.33,0.0032%
2002,YUG,IDN,ALL,744108.61,0.0027%
2002,YUG,IND,ALL,759721.16,0.0028%
2002,YUG,IRN,ALL,6889884.19,0.025%
2002,YUG,IRQ,ALL,694368,0.0025%
2002,YUG,ISR,ALL,5099485.22,0.019%
2002,YUG,JOR,ALL,4150266.9,0.015%
2002,YUG,JPN,ALL,1884426.71,0.0069%
2002,YUG,KAZ,ALL,2591302.56,0.0094%
2002,YUG,KGZ,ALL,281139.62,0.0010%
2002,YUG,KHM,ALL,6354,0.000023%
2002,YUG,KOR,ALL,176542.06,0.00064%
2002,YUG,KWT,ALL,359178.8,0.0013%
2002,YUG,LAO,ALL,4230,0.000015%
2002,YUG,LBN,ALL,1069986.52,0.0039%
2002,YUG,LKA,ALL,447312,0.0016%
2002,YUG,MDV,ALL,152218,0.00055%
2002,YUG,MMR,ALL,583034,0.0021%
2002,YUG,MNG,ALL,28111,0.00010%
2002,YUG,MYS,ALL,2525510.57,0.0092%
2002,YUG,PAK,ALL,30686,0.00011%
2002,YUG,PHL,ALL,32479,0.00012%
2002,YUG,QAT,ALL,24736.26,0.000090%
2002,YUG,SAU,ALL,1457860.89,0.0053%
2002,YUG,SGP,ALL,437502,0.0016%
2002,YUG,SYR,ALL,11266127,0.041%
2002,YUG,THA,ALL,586912.94,0.0021%
2002,YUG,TKM,ALL,48162,0.00018%
2002,YUG,TUR,ALL,10975033.58,0.040%
2002,YUG,UZB,ALL,147921,0.00054%
2002,YUG,XXB,ALL,55049,0.00020%
2002,YUG,YEM,ALL,138751,0.00051%
2002,YUG,ALB,ALL,9749998.56,0.035%
2002,YUG,AND,ALL,4053.4,0.000015%
2002,YUG,AUT,ALL,66957060.23,0.24%
2002,YUG,BGR,ALL,29564137.4,0.11%
2002,YUG,BIH,ALL,312502183,1.1%
2002,YUG,BLR,ALL,7554690.17,0.028%
2002,YUG,BLX,ALL,26839825.37,0.098%
2002,YUG,CHE,ALL,173095628.46,0.63%
2002,YUG,CZE,ALL,27286934.23,0.099%
2002,YUG,DEU,ALL,282248955.1,1.0%
2002,YUG,DNK,ALL,6100488.96,0.022%
2002,YUG,ESP,ALL,52546930.1,0.19%
2002,YUG,EST,ALL,197974.96,0.00072%
2002,YUG,FIN,ALL,2287672.71,0.0083%
2002,YUG,FRA,ALL,76715578.35,0.28%
2002,YUG,GBR,ALL,55690610.21,0.20%
2002,YUG,GIB,ALL,167401,0.00061%
2002,YUG,GRC,ALL,121123055.43,0.44%
2002,YUG,HRV,ALL,53651682.87,0.20%
2002,YUG,HUN,ALL,75462430.76,0.27%
2002,YUG,IRL,ALL,513314.42,0.0019%
2002,YUG,ISL,ALL,403349.69,0.0015%
2002,YUG,ITA,ALL,473578770.98,1.7%
2002,YUG,LTU,ALL,2447313.73,0.0089%
2002,YUG,LVA,ALL,1747918.19,0.0064%
2002,YUG,MDA,ALL,1855110.74,0.0068%
2002,YUG,MKD,ALL,178648862.92,0.65%
2002,YUG,MLT,ALL,396474.01,0.0014%
2002,YUG,NLD,ALL,56132522.73,0.20%
2002,YUG,NOR,ALL,2827142.16,0.010%
2002,YUG,POL,ALL,11124458.51,0.040%
2002,YUG,PRT,ALL,474482,0.0017%
2002,YUG,ROU,ALL,40275558.46,0.15%
2002,YUG,RUS,ALL,103344198.77,0.38%
2002,YUG,SVK,ALL,36698544.06,0.13%
2002,YUG,SVN,ALL,66451553.95,0.24%
2002,YUG,SWE,ALL,13485019.87,0.049%
2002,YUG,UKR,ALL,33800531.06,0.12%
2002,YUG,BHS,ALL,161314.09,0.00059%
2002,YUG,BRB,ALL,40756,0.00015%
2002,YUG,CAN,ALL,8501868.07,0.031%
2002,YUG,CRI,ALL,99903,0.00036%
2002,YUG,CUB,ALL,39475.91,0.00014%
2002,YUG,CYM,ALL,52805,0.00019%
2002,YUG,DMA,ALL,8380,0.000031%
2002,YUG,DOM,ALL,79457,0.00029%
2002,YUG,GRD,ALL,1638,0.0000060%
2002,YUG,GTM,ALL,12815,0.000047%
2002,YUG,HND,ALL,48968,0.00018%
2002,YUG,HTI,ALL,5776,0.000021%
2002,YUG,LCA,ALL,13148,0.000048%
2002,YUG,MEX,ALL,190846.09,0.00069%
2002,YUG,NIC,ALL,1048,0.0000038%
2002,YUG,PAN,ALL,2970243,0.011%
2002,YUG,SLV,ALL,3527,0.000013%
2002,YUG,TTO,ALL,25446.16,0.000093%
2002,YUG,USA,ALL,18625970.07,0.068%
2002,YUG,VCT,ALL,6315.76,0.000023%
2002,YUG,VGB,ALL,16962,0.000062%
2002,YUG,AUS,ALL,944999.54,0.0034%
2002,YUG,COK,ALL,19781,0.000072%
2002,YUG,KIR,ALL,9245,0.000034%
2002,YUG,MHL,ALL,214587,0.00078%
2002,YUG,NCL,ALL,2876,0.000010%
2002,YUG,NZL,ALL,229379.97,0.00084%
2002,YUG,PNG,ALL,8854,0.000032%
2002,YUG,PYF,ALL,6730.27,0.000024%
2002,YUG,TON,ALL,3730,0.000014%
2002,YUG,VUT,ALL,32031,0.00012%
2002,YUG,ARG,ALL,207035.4,0.00075%
2002,YUG,BOL,ALL,13920,0.000051%
2002,YUG,BRA,ALL,50723,0.00018%
2002,YUG,CHL,ALL,19958,0.000073%
2002,YUG,COL,ALL,177405,0.00065%
2002,YUG,ECU,ALL,140922.16,0.00051%
2002,YUG,PER,ALL,29861,0.00011%
2002,YUG,SUR,ALL,27777,0.00010%
2002,YUG,URY,ALL,39393.05,0.00014%
2002,YUG,VEN,ALL,133452.59,0.00049%
2002,YUG,XXA,ALL,334364,0.0012%
2003,YUG,BFA,ALL,35200.12,0.00013%
2003,YUG,CIV,ALL,4786897.34,0.017%
2003,YUG,CMR,ALL,48547,0.00018%
2003,YUG,COM,ALL,1227,0.0000045%
2003,YUG,ETH,ALL,87263,0.00032%
2003,YUG,GHA,ALL,165266,0.00060%
2003,YUG,KEN,ALL,463953.98,0.0017%
2003,YUG,MAR,ALL,2626641.19,0.0096%
2003,YUG,MDG,ALL,142638.46,0.00052%
2003,YUG,MLI,ALL,17964,0.000065%
2003,YUG,MOZ,ALL,1193,0.0000043%
2003,YUG,MRT,ALL,1673272.16,0.0061%
2003,YUG,MUS,ALL,58151,0.00021%
2003,YUG,NER,ALL,2830700.98,0.010%
2003,YUG,NGA,ALL,1841592.74,0.0067%
2003,YUG,SDN,ALL,3402560.7,0.012%
2003,YUG,SEN,ALL,1333826.55,0.0049%
2003,YUG,TGO,ALL,60448.56,0.00022%
2003,YUG,TUN,ALL,751485.45,0.0027%
2003,YUG,TZA,ALL,12972.5,0.000047%
2003,YUG,ZAF,ALL,1661000,0.0060%
2003,YUG,ZMB,ALL,58969,0.00021%
2003,YUG,ARM,ALL,199449,0.00073%
2003,YUG,BGD,ALL,3046143.69,0.011%
2003,YUG,BHR,ALL,143641.87,0.00052%
2003,YUG,CHN,ALL,12564655.64,0.046%
2003,YUG,CYP,ALL,2274882.88,0.0083%
2003,YUG,GEO,ALL,874105,0.0032%
2003,YUG,HKG,ALL,419362.27,0.0015%
2003,YUG,IDN,ALL,1206919.29,0.0044%
2003,YUG,IND,ALL,784181,0.0029%
2003,YUG,IRN,ALL,2811354.81,0.010%
2003,YUG,ISR,ALL,3692779.45,0.013%
2003,YUG,JOR,ALL,269943.05,0.00098%
2003,YUG,JPN,ALL,2089636.81,0.0076%
2003,YUG,KAZ,ALL,845660.87,0.0031%
2003,YUG,KGZ,ALL,2641,0.0000096%
2003,YUG,KOR,ALL,325992.55,0.0012%
2003,YUG,KWT,ALL,105542.86,0.00038%
2003,YUG,LBN,ALL,1552452.68,0.0057%
2003,YUG,MDV,ALL,4337,0.000016%
2003,YUG,MNG,ALL,50383,0.00018%
2003,YUG,MYS,ALL,2095813.03,0.0076%
2003,YUG,PAK,ALL,343395.01,0.0013%
2003,YUG,QAT,ALL,24069,0.000088%
2003,YUG,SYR,ALL,3056191.27,0.011%
2003,YUG,THA,ALL,82525.47,0.00030%
2003,YUG,TUR,ALL,28228020.51,0.10%
2003,YUG,ALB,ALL,8782755.65,0.032%
2003,YUG,AND,ALL,2495.39,0.0000091%
2003,YUG,AUT,ALL,85583568.75,0.31%
2003,YUG,BGR,ALL,32177896.96,0.12%
2003,YUG,BIH,ALL,82885671.04,0.30%
2003,YUG,BLR,ALL,4783286.39,0.017%
2003,YUG,BLX,ALL,31450111.56,0.11%
2003,YUG,CHE,ALL,13777130.11,0.050%
2003,YUG,CZE,ALL,28067687.25,0.10%
2003,YUG,DEU,ALL,315545286.3,1.1%
2003,YUG,DNK,ALL,5407702.48,0.020%
2003,YUG,ESP,ALL,56013330.45,0.20%
2003,YUG,EST,ALL,1527511.54,0.0056%
2003,YUG,FIN,ALL,3408777.64,0.012%
2003,YUG,FRA,ALL,122890894.97,0.45%
2003,YUG,GBR,ALL,48536942.23,0.18%
2003,YUG,GRC,ALL,103611026.81,0.38%
2003,YUG,HRV,ALL,74762887.53,0.27%
2003,YUG,HUN,ALL,64651349.8,0.24%
2003,YUG,IRL,ALL,2557913.41,0.0093%
2003,YUG,ISL,ALL,65960.04,0.00024%
2003,YUG,ITA,ALL,581479341.15,2.1%
2003,YUG,LTU,ALL,1427237.74,0.0052%
2003,YUG,LVA,ALL,646790.41,0.0024%
2003,YUG,MDA,ALL,1895995.72,0.0069%
2003,YUG,MKD,ALL,183005055.57,0.67%
2003,YUG,MLT,ALL,426753.05,0.0016%
2003,YUG,NLD,ALL,59704221.74,0.22%
2003,YUG,NOR,ALL,3230834.27,0.012%
2003,YUG,POL,ALL,16340059.57,0.059%
2003,YUG,PRT,ALL,2433381.26,0.0089%
2003,YUG,ROU,ALL,23842552.76,0.087%
2003,YUG,RUS,ALL,113441909.19,0.41%
2003,YUG,SVK,ALL,15121129.67,0.055%
2003,YUG,SVN,ALL,76732400.66,0.28%
2003,YUG,SWE,ALL,18511410.91,0.067%
2003,YUG,UKR,ALL,34007433.48,0.12%
2003,YUG,BHS,ALL,2502,0.0000091%
2003,YUG,CAN,ALL,5176833.54,0.019%
2003,YUG,CRI,ALL,9460,0.000034%
2003,YUG,DMA,ALL,6736,0.000025%
2003,YUG,HND,ALL,2357,0.0000086%
2003,YUG,JAM,ALL,7519,0.000027%
2003,YUG,LCA,ALL,66303.04,0.00024%
2003,YUG,MEX,ALL,7093228.89,0.026%
2003,YUG,TTO,ALL,8009,0.000029%
2003,YUG,USA,ALL,13010557.5,0.047%
2003,YUG,VCT,ALL,3086,0.000011%
2003,YUG,AUS,ALL,1507750.67,0.0055%
2003,YUG,NCL,ALL,15107.77,0.000055%
2003,YUG,NZL,ALL,400589.24,0.0015%
2003,YUG,PYF,ALL,142930.09,0.00052%
2003,YUG,ARG,ALL,485819.66,0.0018%
2003,YUG,BOL,ALL,5610,0.000020%
2003,YUG,BRA,ALL,331508.16,0.0012%
2003,YUG,CHL,ALL,38914,0.00014%
2003,YUG,COL,ALL,540408.36,0.0020%
2003,YUG,ECU,ALL,16768,0.000061%
2003,YUG,PER,ALL,29657,0.00011%
2003,YUG,PRY,ALL,1900,0.0000069%
2003,YUG,URY,ALL,62980,0.00023%
2004,YUG,AGO,ALL,478850,0.0017%
2004,YUG,BDI,ALL,507125,0.0018%
2004,YUG,BEN,ALL,25130,0.000091%
2004,YUG,BFA,ALL,39217.69,0.00014%
2004,YUG,CIV,ALL,2735417.77,0.010%
2004,YUG,CMR,ALL,56049,0.00020%
2004,YUG,COD,ALL,30809,0.00011%
2004,YUG,COG,ALL,80369,0.00029%
2004,YUG,COM,ALL,2641,0.0000096%
2004,YUG,DZA,ALL,7244791,0.026%
2004,YUG,EGY,ALL,20153974.9,0.073%
2004,YUG,ETH,ALL,1528165.26,0.0056%
2004,YUG,GAB,ALL,291566,0.0011%
2004,YUG,GHA,ALL,433910,0.0016%
2004,YUG,GIN,ALL,14555.96,0.000053%
2004,YUG,GNQ,ALL,259564,0.00094%
2004,YUG,KEN,ALL,46969.99,0.00017%
2004,YUG,LBR,ALL,488393,0.0018%
2004,YUG,LBY,ALL,4429914,0.016%
2004,YUG,MAR,ALL,1718390.2,0.0063%
2004,YUG,MDG,ALL,403069.57,0.0015%
2004,YUG,MLI,ALL,67954,0.00025%
2004,YUG,MOZ,ALL,2724.78,0.0000099%
2004,YUG,MRT,ALL,2884695.15,0.011%
2004,YUG,MUS,ALL,9608,0.000035%
2004,YUG,MWI,ALL,23243,0.000085%
2004,YUG,NER,ALL,80363.42,0.00029%
2004,YUG,NGA,ALL,1558164,0.0057%
2004,YUG,RWA,ALL,288972.28,0.0011%
2004,YUG,SDN,ALL,689190.39,0.0025%
2004,YUG,SEN,ALL,774178.46,0.0028%
2004,YUG,SLE,ALL,1021498,0.0037%
2004,YUG,STP,ALL,66435,0.00024%
2004,YUG,SYC,ALL,8341,0.000030%
2004,YUG,TCD,ALL,427817,0.0016%
2004,YUG,TGO,ALL,98121,0.00036%
2004,YUG,TUN,ALL,5954850.8,0.022%
2004,YUG,TZA,ALL,1949,0.0000071%
2004,YUG,UGA,ALL,387270,0.0014%
2004,YUG,ZAF,ALL,2905961.69,0.011%
2004,YUG,ZMB,ALL,82234,0.00030%
2004,YUG,ZWE,ALL,4816,0.000018%
2004,YUG,AFG,ALL,163307,0.00059%
2004,YUG,ARE,ALL,3987157,0.015%
2004,YUG,ARM,ALL,657173.28,0.0024%
2004,YUG,AZE,ALL,301799,0.0011%
2004,YUG,BGD,ALL,7236312.48,0.026%
2004,YUG,BHR,ALL,299279.88,0.0011%
2004,YUG,BRN,ALL,3824,0.000014%
2004,YUG,CHN,ALL,12123064.59,0.044%
2004,YUG,CXR,ALL,28848,0.00011%
2004,YUG,CYP,ALL,25216108.25,0.092%
2004,YUG,GEO,ALL,3587881.7,0.013%
2004,YUG,HKG,ALL,1385247.82,0.0050%
2004,YUG,IDN,ALL,4300357.01,0.016%
2004,YUG,IND,ALL,6933432.68,0.025%
2004,YUG,IRN,ALL,7824990.46,0.028%
2004,YUG,IRQ,ALL,6526068,0.024%
2004,YUG,ISR,ALL,19675292.9,0.072%
2004,YUG,JOR,ALL,1578681.74,0.0057%
2004,YUG,JPN,ALL,2406985.9,0.0088%
2004,YUG,KAZ,ALL,1668740.3,0.0061%
2004,YUG,KGZ,ALL,370097.54,0.0013%
2004,YUG,KHM,ALL,4175,0.000015%
2004,YUG,KOR,ALL,609125.04,0.0022%
2004,YUG,KWT,ALL,9460977.93,0.034%
2004,YUG,LBN,ALL,3530330.24,0.013%
2004,YUG,LKA,ALL,705552,0.0026%
2004,YUG,MAC,ALL,1605,0.0000058%
2004,YUG,MDV,ALL,30033,0.00011%
2004,YUG,MMR,ALL,1601195,0.0058%
2004,YUG,MNG,ALL,101424.64,0.00037%
2004,YUG,MYS,ALL,3743760.65,0.014%
2004,YUG,NPL,ALL,12893,0.000047%
2004,YUG,OMN,ALL,17800,0.000065%
2004,YUG,PAK,ALL,515083.69,0.0019%
2004,YUG,PHL,ALL,17125,0.000062%
2004,YUG,PRK,ALL,1549,0.0000056%
2004,YUG,QAT,ALL,43528,0.00016%
2004,YUG,SAU,ALL,252766747.88,0.92%
2004,YUG,SGP,ALL,690051,0.0025%
2004,YUG,SYR,ALL,10841849.96,0.039%
2004,YUG,THA,ALL,129914.61,0.00047%
2004,YUG,TKM,ALL,899216,0.0033%
2004,YUG,TUR,ALL,82917428.56,0.30%
2004,YUG,UZB,ALL,3316166,0.012%
2004,YUG,VNM,ALL,1375714,0.0050%
2004,YUG,XXB,ALL,108340,0.00039%
2004,YUG,YEM,ALL,190384.84,0.00069%
2004,YUG,ALB,ALL,18589967.94,0.068%
2004,YUG,AND,ALL,2780.91,0.000010%
2004,YUG,AUT,ALL,118291687.83,0.43%
2004,YUG,BGR,ALL,56530386.85,0.21%
2004,YUG,BIH,ALL,617377117.59,2.2%
2004,YUG,BLR,ALL,7674055.16,0.028%
2004,YUG,BLX,ALL,60701756.14,0.22%
2004,YUG,CHE,ALL,23086505.8,0.084%
2004,YUG,CZE,ALL,51145377.66,0.19%
2004,YUG,DEU,ALL,390836445.84,1.4%
2004,YUG,DNK,ALL,7723243.83,0.028%
2004,YUG,ESP,ALL,49571505.81,0.18%
2004,YUG,EST,ALL,1149051.59,0.0042%
2004,YUG,FIN,ALL,4848031.68,0.018%
2004,YUG,FRA,ALL,140184682.22,0.51%
2004,YUG,GBR,ALL,89994160.75,0.33%
2004,YUG,GIB,ALL,199808,0.00073%
2004,YUG,GRC,ALL,171306754.05,0.62%
2004,YUG,HRV,ALL,147250345.55,0.54%
2004,YUG,HUN,ALL,121004837.88,0.44%
2004,YUG,IRL,ALL,2854979.22,0.010%
2004,YUG,ISL,ALL,193570.95,0.00070%
2004,YUG,ITA,ALL,723170039.74,2.6%
2004,YUG,LTU,ALL,1445472,0.0053%
2004,YUG,LVA,ALL,10215551.5,0.037%
2004,YUG,MDA,ALL,3116785.69,0.011%
2004,YUG,MKD,ALL,256262294.69,0.93%
2004,YUG,MLT,ALL,1603764.18,0.0058%
2004,YUG,NLD,ALL,69145091.24,0.25%
2004,YUG,NOR,ALL,3750291.97,0.014%
2004,YUG,POL,ALL,33279804.08,0.12%
2004,YUG,PRT,ALL,1536409.13,0.0056%
2004,YUG,ROU,ALL,130567694.81,0.48%
2004,YUG,RUS,ALL,169642595.48,0.62%
2004,YUG,SVK,ALL,25831392.33,0.094%
2004,YUG,SVN,ALL,161108326.08,0.59%
2004,YUG,SWE,ALL,23869165.47,0.087%
2004,YUG,UKR,ALL,56306005.23,0.20%
2004,YUG,ATG,ALL,53718,0.00020%
2004,YUG,BHS,ALL,134884,0.00049%
2004,YUG,BLZ,ALL,8718,0.000032%
2004,YUG,BMU,ALL,47481,0.00017%
2004,YUG,BRB,ALL,20181,0.000073%
2004,YUG,CAN,ALL,7883783.2,0.029%
2004,YUG,CUB,ALL,49910,0.00018%
2004,YUG,CYM,ALL,3413,0.000012%
2004,YUG,DMA,ALL,1355,0.0000049%
2004,YUG,DOM,ALL,428898,0.0016%
2004,YUG,GRD,ALL,33112.92,0.00012%
2004,YUG,GTM,ALL,36938,0.00013%
2004,YUG,HND,ALL,505911.11,0.0018%
2004,YUG,HTI,ALL,22404,0.000082%
2004,YUG,KNA,ALL,27415,0.00010%
2004,YUG,LCA,ALL,35769.05,0.00013%
2004,YUG,MEX,ALL,7671035.78,0.028%
2004,YUG,PAN,ALL,57231,0.00021%
2004,YUG,TCA,ALL,39791,0.00014%
2004,YUG,TTO,ALL,8220244.09,0.030%
2004,YUG,USA,ALL,95504759.22,0.35%
2004,YUG,VCT,ALL,32826.04,0.00012%
2004,YUG,VGB,ALL,1918414,0.0070%
2004,YUG,AUS,ALL,1754628.82,0.0064%
2004,YUG,KIR,ALL,1739,0.0000063%
2004,YUG,MHL,ALL,106494,0.00039%
2004,YUG,MNP,ALL,48979,0.00018%
2004,YUG,NCL,ALL,88107.1,0.00032%
2004,YUG,NRU,ALL,7435,0.000027%
2004,YUG,NZL,ALL,360295.65,0.0013%
2004,YUG,PCN,ALL,6775,0.000025%
2004,YUG,PNG,ALL,1036,0.0000038%
2004,YUG,PYF,ALL,26030.16,0.000095%
2004,YUG,WSM,ALL,43120,0.00016%
2004,YUG,ARG,ALL,366475.99,0.0013%
2004,YUG,BOL,ALL,4181,0.000015%
2004,YUG,BRA,ALL,1070361.52,0.0039%
2004,YUG,COL,ALL,380696,0.0014%
2004,YUG,ECU,ALL,165281.33,0.00060%
2004,YUG,PER,ALL,43475,0.00016%
2004,YUG,PRY,ALL,16987,0.000062%
2004,YUG,URY,ALL,10255.33,0.000037%
2004,YUG,VEN,ALL,111369.23,0.00041%
2004,YUG,XXA,ALL,1821821,0.0066%
2005,YUG,BDI,ALL,87820,0.00032%
2005,YUG,BEN,ALL,1173.05,0.0000043%
2005,YUG,CIV,ALL,282324.39,0.0010%
2005,YUG,CMR,ALL,66359,0.00024%
2005,YUG,DZA,ALL,16676522,0.061%
2005,YUG,EGY,ALL,6447967.89,0.023%
2005,YUG,ETH,ALL,76465,0.00028%
2005,YUG,GAB,ALL,63766,0.00023%
2005,YUG,GHA,ALL,3314,0.000012%
2005,YUG,GIN,ALL,251875,0.00092%
2005,YUG,GMB,ALL,2098,0.0000076%
2005,YUG,KEN,ALL,14673.52,0.000053%
2005,YUG,MAR,ALL,1437528.75,0.0052%
2005,YUG,MDG,ALL,73404.46,0.00027%
2005,YUG,MOZ,ALL,314722,0.0011%
2005,YUG,MRT,ALL,2068236.26,0.0075%
2005,YUG,MUS,ALL,371523,0.0014%
2005,YUG,MWI,ALL,18351,0.000067%
2005,YUG,NER,ALL,91958.45,0.00033%
2005,YUG,SDN,ALL,87734.7,0.00032%
2005,YUG,SEN,ALL,897539.54,0.0033%
2005,YUG,TGO,ALL,17180.41,0.000063%
2005,YUG,TUN,ALL,2407010.86,0.0088%
2005,YUG,UGA,ALL,47350,0.00017%
2005,YUG,ZAF,ALL,1480878,0.0054%
2005,YUG,ZMB,ALL,2581.84,0.0000094%
2005,YUG,ARE,ALL,989729.53,0.0036%
2005,YUG,ARM,ALL,390651.44,0.0014%
2005,YUG,BGD,ALL,7593705.26,0.028%
2005,YUG,BHR,ALL,257240.81,0.00094%
2005,YUG,CHN,ALL,20013505.93,0.073%
2005,YUG,CYP,ALL,14825996.99,0.054%
2005,YUG,GEO,ALL,1165188,0.0042%
2005,YUG,HKG,ALL,149235.81,0.00054%
2005,YUG,IDN,ALL,799435,0.0029%
2005,YUG,IND,ALL,1073748.66,0.0039%
2005,YUG,IRN,ALL,1777886.85,0.0065%
2005,YUG,ISR,ALL,12962763.93,0.047%
2005,YUG,JOR,ALL,5457095.45,0.020%
2005,YUG,JPN,ALL,3083485.9,0.011%
2005,YUG,KAZ,ALL,3735596.86,0.014%
2005,YUG,KGZ,ALL,23729,0.000086%
2005,YUG,KOR,ALL,2408981.28,0.0088%
2005,YUG,LBN,ALL,1281370.69,0.0047%
2005,YUG,MAC,ALL,15195,0.000055%
2005,YUG,MNG,ALL,6461,0.000024%
2005,YUG,MYS,ALL,732620.14,0.0027%
2005,YUG,PAK,ALL,76352,0.00028%
2005,YUG,SAU,ALL,1586836.56,0.0058%
2005,YUG,SYR,ALL,7426612.82,0.027%
2005,YUG,THA,ALL,198719.14,0.00072%
2005,YUG,TUR,ALL,91320682.02,0.33%
2005,YUG,YEM,ALL,634488.11,0.0023%
2005,YUG,ALB,ALL,24621493.13,0.090%
2005,YUG,AUT,ALL,132030209.74,0.48%
2005,YUG,BGR,ALL,82147769.84,0.30%
2005,YUG,BIH,ALL,698387069.48,2.5%
2005,YUG,BLR,ALL,12275641.13,0.045%
2005,YUG,BLX,ALL,64996692.28,0.24%
2005,YUG,CHE,ALL,20593126.45,0.075%
2005,YUG,CZE,ALL,62317359.31,0.23%
2005,YUG,DEU,ALL,448333158.51,1.6%
2005,YUG,DNK,ALL,7925696.58,0.029%
2005,YUG,ESP,ALL,65612798.45,0.24%
2005,YUG,EST,ALL,358522.74,0.0013%
2005,YUG,FIN,ALL,5079246.35,0.018%
2005,YUG,FRA,ALL,155367473.14,0.57%
2005,YUG,GBR,ALL,72175701.65,0.26%
2005,YUG,GRC,ALL,158786491.76,0.58%
2005,YUG,HRV,ALL,164218513.93,0.60%
2005,YUG,HUN,ALL,127774596.05,0.47%
2005,YUG,IRL,ALL,1336762.54,0.0049%
2005,YUG,ISL,ALL,489341.38,0.0018%
2005,YUG,ITA,ALL,830654160.31,3.0%
2005,YUG,LTU,ALL,4505211.09,0.016%
2005,YUG,LVA,ALL,2170856.94,0.0079%
2005,YUG,MDA,ALL,3175536.34,0.012%
2005,YUG,MKD,ALL,242115993.46,0.88%
2005,YUG,MLT,ALL,602411.77,0.0022%
2005,YUG,NLD,ALL,59566728.14,0.22%
2005,YUG,NOR,ALL,6261998.81,0.023%
2005,YUG,POL,ALL,46793428.12,0.17%
2005,YUG,PRT,ALL,23547658.28,0.086%
2005,YUG,ROU,ALL,94567301.92,0.34%
2005,YUG,RUS,ALL,258519826.41,0.94%
2005,YUG,SVK,ALL,33892797.81,0.12%
2005,YUG,SVN,ALL,233044267.03,0.85%
2005,YUG,SWE,ALL,24051859.49,0.088%
2005,YUG,UKR,ALL,52121911.15,0.19%
2005,YUG,BHS,ALL,5173.88,0.000019%
2005,YUG,BRB,ALL,57718,0.00021%
2005,YUG,CAN,ALL,10867403.54,0.040%
2005,YUG,CRI,ALL,86266.54,0.00031%
2005,YUG,CUB,ALL,458777.8,0.0017%
2005,YUG,DMA,ALL,11740,0.000043%
2005,YUG,GRD,ALL,74573.69,0.00027%
2005,YUG,GTM,ALL,667359,0.0024%
2005,YUG,HND,ALL,112895.12,0.00041%
2005,YUG,JAM,ALL,2095,0.0000076%
2005,YUG,LCA,ALL,192570,0.00070%
2005,YUG,MEX,ALL,1142031.77,0.0042%
2005,YUG,TTO,ALL,3310438.43,0.012%
2005,YUG,USA,ALL,57428305.36,0.21%
2005,YUG,AUS,ALL,2673051.09,0.0097%
2005,YUG,NCL,ALL,21214.11,0.000077%
2005,YUG,NZL,ALL,549342.68,0.0020%
2005,YUG,PYF,ALL,9394.1,0.000034%
2005,YUG,ARG,ALL,160301,0.00058%
2005,YUG,BOL,ALL,3813,0.000014%
2005,YUG,BRA,ALL,618400,0.0023%
2005,YUG,CHL,ALL,7261,0.000026%
2005,YUG,COL,ALL,58986,0.00021%
2005,YUG,GUY,ALL,1972,0.0000072%
2005,YUG,PER,ALL,9757,0.000036%
2005,YUG,URY,ALL,81259,0.00030%
2005,YUG,VEN,ALL,388163.5,0.0014%
