year,country_origin_id,country_destination_id,hs92_product_id,import_val,import_val_pct
1995,YUG,CIV,ALL,246691,0.00041%
1995,YUG,ETH,ALL,387166,0.00065%
1995,YUG,GIN,ALL,3224124,0.0054%
1995,YUG,MDG,ALL,135500,0.00023%
1995,YUG,TUN,ALL,1007562,0.0017%
1995,YUG,UGA,ALL,36785,0.000062%
1995,YUG,BGD,ALL,244037,0.00041%
1995,YUG,CHN,ALL,10467334,0.018%
1995,YUG,CYP,ALL,1112757,0.0019%
1995,YUG,IDN,ALL,10818214,0.018%
1995,YUG,IND,ALL,3380522,0.0057%
1995,YUG,JOR,ALL,248451,0.00042%
1995,YUG,JPN,ALL,552116,0.00093%
1995,YUG,KOR,ALL,2404855,0.0040%
1995,YUG,MAC,ALL,2058,0.0000035%
1995,YUG,MYS,ALL,8875295,0.015%
1995,YUG,SAU,ALL,348464,0.00058%
1995,YUG,THA,ALL,2875313,0.0048%
1995,YUG,AUT,ALL,25097666,0.042%
1995,YUG,BLX,ALL,14747631,0.025%
1995,YUG,CHE,ALL,24949575,0.042%
1995,YUG,CZE,ALL,17091705,0.029%
1995,YUG,DEU,ALL,69546000,0.12%
1995,YUG,DNK,ALL,8578769,0.014%
1995,YUG,EST,ALL,20203,0.000034%
1995,YUG,FIN,ALL,2771470,0.0046%
1995,YUG,GBR,ALL,15686893,0.026%
1995,YUG,GRC,ALL,21776346,0.037%
1995,YUG,HUN,ALL,27167000,0.046%
1995,YUG,ISL,ALL,7135,0.000012%
1995,YUG,ITA,ALL,6822467,0.011%
1995,YUG,LTU,ALL,96999,0.00016%
1995,YUG,LVA,ALL,14067,0.000024%
1995,YUG,MDA,ALL,317795,0.00053%
1995,YUG,MKD,ALL,84554178,0.14%
1995,YUG,NLD,ALL,29187890,0.049%
1995,YUG,NOR,ALL,524657,0.00088%
1995,YUG,POL,ALL,7895000,0.013%
1995,YUG,PRT,ALL,377864,0.00063%
1995,YUG,ROU,ALL,60964000,0.10%
1995,YUG,SVK,ALL,3946054,0.0066%
1995,YUG,SVN,ALL,9056698,0.015%
1995,YUG,SWE,ALL,2974344,0.0050%
1995,YUG,CAN,ALL,767557,0.0013%
1995,YUG,USA,ALL,338195,0.00057%
1995,YUG,NZL,ALL,1062895,0.0018%
1995,YUG,ARG,ALL,175575,0.00029%
1995,YUG,BRA,ALL,20306405,0.034%
1995,YUG,CHL,ALL,175895,0.00029%
1995,YUG,COL,ALL,867258,0.0015%
1995,YUG,ECU,ALL,560955,0.00094%
1995,YUG,PER,ALL,9492783,0.016%
1995,YUG,URY,ALL,154432,0.00026%
1996,YUG,BFA,ALL,9181.27,0.000015%
1996,YUG,CIV,ALL,2370530.79,0.0040%
1996,YUG,CMR,ALL,78116,0.00013%
1996,YUG,COD,ALL,546624.96,0.00092%
1996,YUG,COG,ALL,1000,0.0000017%
1996,YUG,DZA,ALL,31216178.35,0.052%
1996,YUG,EGY,ALL,8881091.66,0.015%
1996,YUG,ERI,ALL,2000,0.0000034%
1996,YUG,ETH,ALL,25783.04,0.000043%
1996,YUG,GHA,ALL,3732585.24,0.0063%
1996,YUG,GIN,ALL,510910.06,0.00086%
1996,YUG,KEN,ALL,776307.63,0.0013%
1996,YUG,LBR,ALL,59157.79,0.000099%
1996,YUG,LBY,ALL,60384778.79,0.10%
1996,YUG,MAR,ALL,2395911.9,0.0040%
1996,YUG,MDG,ALL,56601.79,0.000095%
1996,YUG,MLI,ALL,152480.86,0.00026%
1996,YUG,MWI,ALL,1000,0.0000017%
1996,YUG,NER,ALL,50495.35,0.000085%
1996,YUG,NGA,ALL,1249838.45,0.0021%
1996,YUG,SDN,ALL,167130.93,0.00028%
1996,YUG,SHN,ALL,132728.44,0.00022%
1996,YUG,SLE,ALL,1499975.42,0.0025%
1996,YUG,SOM,ALL,99120.31,0.00017%
1996,YUG,STP,ALL,4550.76,0.0000076%
1996,YUG,SYC,ALL,1000,0.0000017%
1996,YUG,TCD,ALL,3000,0.0000050%
1996,YUG,TGO,ALL,2000,0.0000034%
1996,YUG,TUN,ALL,3883617.17,0.0065%
1996,YUG,UGA,ALL,399062.25,0.00067%
1996,YUG,ZAF,ALL,8387747.93,0.014%
1996,YUG,ZWE,ALL,65400.8,0.00011%
1996,YUG,AFG,ALL,8000,0.000013%
1996,YUG,ARE,ALL,10000,0.000017%
1996,YUG,ARM,ALL,158842.09,0.00027%
1996,YUG,AZE,ALL,502706.73,0.00084%
1996,YUG,BGD,ALL,821682.74,0.0014%
1996,YUG,BHR,ALL,25390.53,0.000043%
1996,YUG,BRN,ALL,1000,0.0000017%
1996,YUG,BTN,ALL,1000,0.0000017%
1996,YUG,CHN,ALL,45028218.11,0.075%
1996,YUG,CYP,ALL,55907737.18,0.094%
1996,YUG,GEO,ALL,42238.1,0.000071%
1996,YUG,HKG,ALL,9107558.53,0.015%
1996,YUG,IDN,ALL,15120007.93,0.025%
1996,YUG,IND,ALL,10771240.01,0.018%
1996,YUG,IOT,ALL,32000,0.000054%
1996,YUG,IRN,ALL,31643189.85,0.053%
1996,YUG,IRQ,ALL,2000,0.0000034%
1996,YUG,ISR,ALL,12500340.98,0.021%
1996,YUG,JOR,ALL,1866741.69,0.0031%
1996,YUG,JPN,ALL,51439808,0.086%
1996,YUG,KAZ,ALL,687229.95,0.0012%
1996,YUG,KGZ,ALL,7199.02,0.000012%
1996,YUG,KHM,ALL,32616.23,0.000055%
1996,YUG,KOR,ALL,19994092.79,0.034%
1996,YUG,KWT,ALL,3483.23,0.0000058%
1996,YUG,LBN,ALL,153341.24,0.00026%
1996,YUG,LKA,ALL,4001039.63,0.0067%
1996,YUG,MAC,ALL,4000,0.0000067%
1996,YUG,MMR,ALL,60719.81,0.00010%
1996,YUG,MNG,ALL,3000,0.0000050%
1996,YUG,MYS,ALL,8003599.12,0.013%
1996,YUG,PAK,ALL,590784.16,0.00099%
1996,YUG,PHL,ALL,301812.34,0.00051%
1996,YUG,PRK,ALL,56949.21,0.000095%
1996,YUG,QAT,ALL,15977.13,0.000027%
1996,YUG,SAU,ALL,123313.46,0.00021%
1996,YUG,SGP,ALL,7576991,0.013%
1996,YUG,SYR,ALL,3786810.35,0.0063%
1996,YUG,THA,ALL,5454940.07,0.0091%
1996,YUG,TJK,ALL,547644.49,0.00092%
1996,YUG,TKM,ALL,109486.9,0.00018%
1996,YUG,TLS,ALL,7000,0.000012%
1996,YUG,TUR,ALL,38910801.43,0.065%
1996,YUG,UZB,ALL,4357578.5,0.0073%
1996,YUG,VNM,ALL,472513.1,0.00079%
1996,YUG,XXB,ALL,7730356.48,0.013%
1996,YUG,YEM,ALL,19000,0.000032%
1996,YUG,ALB,ALL,4506138.35,0.0076%
1996,YUG,AUT,ALL,139908272.18,0.23%
1996,YUG,BGR,ALL,242883477.11,0.41%
1996,YUG,BIH,ALL,215254928.05,0.36%
1996,YUG,BLR,ALL,8078002.54,0.014%
1996,YUG,BLX,ALL,70141689.93,0.12%
1996,YUG,CHE,ALL,127362754.84,0.21%
1996,YUG,CZE,ALL,90478872.74,0.15%
1996,YUG,DEU,ALL,513418310.57,0.86%
1996,YUG,DNK,ALL,16805002.52,0.028%
1996,YUG,ESP,ALL,16935032.91,0.028%
1996,YUG,EST,ALL,368905.44,0.00062%
1996,YUG,FIN,ALL,18238821.09,0.031%
1996,YUG,FRA,ALL,152690824.66,0.26%
1996,YUG,GBR,ALL,98973852.24,0.17%
1996,YUG,GRC,ALL,166770638.17,0.28%
1996,YUG,HRV,ALL,10017534.44,0.017%
1996,YUG,HUN,ALL,143917581.86,0.24%
1996,YUG,IRL,ALL,5041306.07,0.0085%
1996,YUG,ISL,ALL,378656.83,0.00063%
1996,YUG,ITA,ALL,467802844.94,0.78%
1996,YUG,LTU,ALL,1770139.13,0.0030%
1996,YUG,LVA,ALL,1570036.52,0.0026%
1996,YUG,MDA,ALL,50444.36,0.000085%
1996,YUG,MKD,ALL,264964791.3,0.44%
1996,YUG,MLT,ALL,1444713.58,0.0024%
1996,YUG,NLD,ALL,89375472.81,0.15%
1996,YUG,NOR,ALL,6146147.55,0.010%
1996,YUG,POL,ALL,56083648.04,0.094%
1996,YUG,PRT,ALL,720866.92,0.0012%
1996,YUG,ROU,ALL,139914057.82,0.23%
1996,YUG,RUS,ALL,276880264.34,0.46%
1996,YUG,SVK,ALL,57115537.12,0.096%
1996,YUG,SVN,ALL,92751565.92,0.16%
1996,YUG,SWE,ALL,88470945.21,0.15%
1996,YUG,UKR,ALL,38588730.07,0.065%
1996,YUG,ANT,ALL,71000,0.00012%
1996,YUG,BHS,ALL,432491.2,0.00073%
1996,YUG,BMU,ALL,7327.24,0.000012%
1996,YUG,CAN,ALL,5488794.5,0.0092%
1996,YUG,CRI,ALL,4654351.78,0.0078%
1996,YUG,CUB,ALL,30881745.89,0.052%
1996,YUG,CYM,ALL,11000,0.000018%
1996,YUG,DMA,ALL,31000,0.000052%
1996,YUG,DOM,ALL,1000,0.0000017%
1996,YUG,GRD,ALL,2000,0.0000034%
1996,YUG,GTM,ALL,12026.43,0.000020%
1996,YUG,HND,ALL,211768.76,0.00036%
1996,YUG,HTI,ALL,14470.41,0.000024%
1996,YUG,JAM,ALL,111864.76,0.00019%
1996,YUG,KNA,ALL,145000,0.00024%
1996,YUG,MEX,ALL,3477659.96,0.0058%
1996,YUG,NIC,ALL,135316.04,0.00023%
1996,YUG,PAN,ALL,684259.58,0.0011%
1996,YUG,SLV,ALL,26000,0.000044%
1996,YUG,UMI,ALL,14000,0.000023%
1996,YUG,USA,ALL,111809578.09,0.19%
1996,YUG,VCT,ALL,19427.31,0.000033%
1996,YUG,VGB,ALL,259396.09,0.00043%
1996,YUG,AUS,ALL,9905580.48,0.017%
1996,YUG,COK,ALL,86342.7,0.00014%
1996,YUG,KIR,ALL,1906.46,0.0000032%
1996,YUG,MHL,ALL,387341.56,0.00065%
1996,YUG,NRU,ALL,11000,0.000018%
1996,YUG,NZL,ALL,590958.86,0.00099%
1996,YUG,TUV,ALL,89852.74,0.00015%
1996,YUG,ARG,ALL,8218277.48,0.014%
1996,YUG,BRA,ALL,37357161.69,0.063%
1996,YUG,CHL,ALL,7279531.51,0.012%
1996,YUG,COL,ALL,9543791.67,0.016%
1996,YUG,ECU,ALL,17285977.85,0.029%
1996,YUG,GUY,ALL,11961.15,0.000020%
1996,YUG,PER,ALL,16897740.19,0.028%
1996,YUG,SUR,ALL,86735.43,0.00015%
1996,YUG,URY,ALL,461478,0.00077%
1996,YUG,VEN,ALL,6857571,0.011%
1996,YUG,XXA,ALL,88949.71,0.00015%
1997,YUG,BFA,ALL,6438.02,0.000011%
1997,YUG,CIV,ALL,2233067.87,0.0037%
1997,YUG,CMR,ALL,1187255.58,0.0020%
1997,YUG,COD,ALL,56606.94,0.000095%
1997,YUG,COG,ALL,279244.62,0.00047%
1997,YUG,DZA,ALL,19694043.85,0.033%
1997,YUG,EGY,ALL,4872705.94,0.0082%
1997,YUG,ESH,ALL,5601.51,0.0000094%
1997,YUG,ETH,ALL,111351.98,0.00019%
1997,YUG,GHA,ALL,3938267.19,0.0066%
1997,YUG,GIN,ALL,1362805.46,0.0023%
1997,YUG,GMB,ALL,28312.36,0.000047%
1997,YUG,KEN,ALL,227674.75,0.00038%
1997,YUG,LBR,ALL,7000,0.000012%
1997,YUG,LBY,ALL,106702014.04,0.18%
1997,YUG,MAR,ALL,2244721.19,0.0038%
1997,YUG,MDG,ALL,114260.44,0.00019%
1997,YUG,MLI,ALL,152892.18,0.00026%
1997,YUG,MRT,ALL,5092312.51,0.0085%
1997,YUG,MUS,ALL,41207.72,0.000069%
1997,YUG,NGA,ALL,101041.07,0.00017%
1997,YUG,SDN,ALL,479204.71,0.00080%
1997,YUG,SEN,ALL,11972.8,0.000020%
1997,YUG,SLE,ALL,588739.72,0.00099%
1997,YUG,SYC,ALL,52064.61,0.000087%
1997,YUG,TGO,ALL,18896.28,0.000032%
1997,YUG,TUN,ALL,11284328.85,0.019%
1997,YUG,TZA,ALL,174588,0.00029%
1997,YUG,UGA,ALL,4726185.59,0.0079%
1997,YUG,ZAF,ALL,16763317.19,0.028%
1997,YUG,ZMB,ALL,6000,0.000010%
1997,YUG,ZWE,ALL,95331.75,0.00016%
1997,YUG,ARE,ALL,198866.29,0.00033%
1997,YUG,AZE,ALL,3465764.83,0.0058%
1997,YUG,BGD,ALL,1135779.48,0.0019%
1997,YUG,BHR,ALL,43538.2,0.000073%
1997,YUG,BRN,ALL,44000,0.000074%
1997,YUG,BTN,ALL,13000,0.000022%
1997,YUG,CCK,ALL,20536.12,0.000034%
1997,YUG,CHN,ALL,60691063.98,0.10%
1997,YUG,CXR,ALL,3000,0.0000050%
1997,YUG,CYP,ALL,78870570.96,0.13%
1997,YUG,GEO,ALL,242763.07,0.00041%
1997,YUG,HKG,ALL,6580764.5,0.011%
1997,YUG,IDN,ALL,39875705.86,0.067%
1997,YUG,IND,ALL,25689436.57,0.043%
1997,YUG,IOT,ALL,18964.7,0.000032%
1997,YUG,IRN,ALL,29515216.48,0.049%
1997,YUG,IRQ,ALL,18347.54,0.000031%
1997,YUG,ISR,ALL,10468548.43,0.018%
1997,YUG,JOR,ALL,669480.23,0.0011%
1997,YUG,JPN,ALL,48455651.75,0.081%
1997,YUG,KAZ,ALL,2673390.52,0.0045%
1997,YUG,KHM,ALL,3000,0.0000050%
1997,YUG,KOR,ALL,22959111.72,0.038%
1997,YUG,KWT,ALL,7607.54,0.000013%
1997,YUG,LAO,ALL,37701.97,0.000063%
1997,YUG,LBN,ALL,90124.86,0.00015%
1997,YUG,LKA,ALL,4931258.63,0.0083%
1997,YUG,MAC,ALL,97644.38,0.00016%
1997,YUG,MYS,ALL,14289973.47,0.024%
1997,YUG,NPL,ALL,59000,0.000099%
1997,YUG,PAK,ALL,432469.64,0.00073%
1997,YUG,PHL,ALL,2681649.34,0.0045%
1997,YUG,PRK,ALL,78000,0.00013%
1997,YUG,SAU,ALL,27804.85,0.000047%
1997,YUG,SGP,ALL,6611665.32,0.011%
1997,YUG,SYR,ALL,7171746.15,0.012%
1997,YUG,THA,ALL,4796027.13,0.0080%
1997,YUG,TJK,ALL,932436.78,0.0016%
1997,YUG,TKM,ALL,77558.2,0.00013%
1997,YUG,TUR,ALL,66309319,0.11%
1997,YUG,UZB,ALL,8589331.69,0.014%
1997,YUG,VNM,ALL,2465970.02,0.0041%
1997,YUG,XXB,ALL,7014838.13,0.012%
1997,YUG,ALB,ALL,906230.84,0.0015%
1997,YUG,AUT,ALL,197814520.39,0.33%
1997,YUG,BGR,ALL,137781276.47,0.23%
1997,YUG,BIH,ALL,266415435.15,0.45%
1997,YUG,BLR,ALL,8456038.71,0.014%
1997,YUG,BLX,ALL,82414356.31,0.14%
1997,YUG,CHE,ALL,99259326.7,0.17%
1997,YUG,CZE,ALL,92587293.14,0.16%
1997,YUG,DEU,ALL,611842533.26,1.0%
1997,YUG,DNK,ALL,29202203.37,0.049%
1997,YUG,ESP,ALL,24516031.67,0.041%
1997,YUG,EST,ALL,161645,0.00027%
1997,YUG,FIN,ALL,8295076.25,0.014%
1997,YUG,FRA,ALL,155546070.02,0.26%
1997,YUG,GBR,ALL,94176485.59,0.16%
1997,YUG,GIB,ALL,89851.94,0.00015%
1997,YUG,GRC,ALL,219155770.59,0.37%
1997,YUG,HRV,ALL,33924118.88,0.057%
1997,YUG,HUN,ALL,149780480.04,0.25%
1997,YUG,IRL,ALL,16803686.29,0.028%
1997,YUG,ISL,ALL,248057.19,0.00042%
1997,YUG,ITA,ALL,517880517.35,0.87%
1997,YUG,LTU,ALL,2228990.91,0.0037%
1997,YUG,LVA,ALL,1892612.8,0.0032%
1997,YUG,MDA,ALL,35702.62,0.000060%
1997,YUG,MKD,ALL,290958132.72,0.49%
1997,YUG,MLT,ALL,342086.38,0.00057%
1997,YUG,NLD,ALL,106209544.54,0.18%
1997,YUG,NOR,ALL,23251748.04,0.039%
1997,YUG,POL,ALL,60449305.49,0.10%
1997,YUG,PRT,ALL,1725420.71,0.0029%
1997,YUG,ROU,ALL,135184916.98,0.23%
1997,YUG,RUS,ALL,368677528.4,0.62%
1997,YUG,SVK,ALL,70952025.49,0.12%
1997,YUG,SVN,ALL,112879296.58,0.19%
1997,YUG,SWE,ALL,51285234.42,0.086%
1997,YUG,UKR,ALL,53218205.39,0.089%
1997,YUG,ATG,ALL,68848.33,0.00012%
1997,YUG,BHS,ALL,4896644.8,0.0082%
1997,YUG,BRB,ALL,12000,0.000020%
1997,YUG,CAN,ALL,10745602.63,0.018%
1997,YUG,CRI,ALL,5347079.18,0.0090%
1997,YUG,CUB,ALL,1058539.57,0.0018%
1997,YUG,DMA,ALL,14145.88,0.000024%
1997,YUG,DOM,ALL,72992.21,0.00012%
1997,YUG,GRD,ALL,4000,0.0000067%
1997,YUG,GTM,ALL,123838.44,0.00021%
1997,YUG,JAM,ALL,3986.74,0.0000067%
1997,YUG,KNA,ALL,1000,0.0000017%
1997,YUG,MEX,ALL,1244598.7,0.0021%
1997,YUG,NIC,ALL,7593.5,0.000013%
1997,YUG,PAN,ALL,618836.26,0.0010%
1997,YUG,TTO,ALL,12000,0.000020%
1997,YUG,UMI,ALL,5621.13,0.0000094%
1997,YUG,USA,ALL,121490569.16,0.20%
1997,YUG,VGB,ALL,1607947.73,0.0027%
1997,YUG,AUS,ALL,6087659.91,0.010%
1997,YUG,COK,ALL,17748.63,0.000030%
1997,YUG,FSM,ALL,11399.14,0.000019%
1997,YUG,KIR,ALL,3000,0.0000050%
1997,YUG,MHL,ALL,152987.04,0.00026%
1997,YUG,MNP,ALL,1000,0.0000017%
1997,YUG,NCL,ALL,7002.14,0.000012%
1997,YUG,NZL,ALL,406330.1,0.00068%
1997,YUG,TON,ALL,3882.83,0.0000065%
1997,YUG,TUV,ALL,53134.07,0.000089%
1997,YUG,ARG,ALL,17176462.17,0.029%
1997,YUG,BOL,ALL,12000,0.000020%
1997,YUG,BRA,ALL,52230728.27,0.088%
1997,YUG,CHL,ALL,9388372.07,0.016%
1997,YUG,COL,ALL,8479360.71,0.014%
1997,YUG,ECU,ALL,18239111.19,0.031%
1997,YUG,FLK,ALL,81351.1,0.00014%
1997,YUG,PER,ALL,15566260.18,0.026%
1997,YUG,SUR,ALL,136925.58,0.00023%
1997,YUG,URY,ALL,252050.36,0.00042%
1997,YUG,VEN,ALL,4741440.11,0.0079%
1998,YUG,BEN,ALL,108301,0.00018%
1998,YUG,CIV,ALL,5774926.96,0.0097%
1998,YUG,CMR,ALL,1404092.9,0.0024%
1998,YUG,COD,ALL,94192.41,0.00016%
1998,YUG,COG,ALL,179035.37,0.00030%
1998,YUG,DJI,ALL,27110.15,0.000045%
1998,YUG,DZA,ALL,989305.67,0.0017%
1998,YUG,EGY,ALL,3097653.08,0.0052%
1998,YUG,ETH,ALL,8739.5,0.000015%
1998,YUG,GHA,ALL,3201615.55,0.0054%
1998,YUG,GIN,ALL,1317820.95,0.0022%
1998,YUG,GMB,ALL,20438.62,0.000034%
1998,YUG,KEN,ALL,10000,0.000017%
1998,YUG,LBR,ALL,144640.61,0.00024%
1998,YUG,LBY,ALL,51583186.97,0.086%
1998,YUG,MAR,ALL,2913132.33,0.0049%
1998,YUG,MDG,ALL,212252.45,0.00036%
1998,YUG,MLI,ALL,37857.4,0.000063%
1998,YUG,MOZ,ALL,6000,0.000010%
1998,YUG,MRT,ALL,1496674.81,0.0025%
1998,YUG,MUS,ALL,66326.63,0.00011%
1998,YUG,MWI,ALL,13070.93,0.000022%
1998,YUG,NGA,ALL,692354.79,0.0012%
1998,YUG,SDN,ALL,596875.8,0.0010%
1998,YUG,SEN,ALL,14938.21,0.000025%
1998,YUG,SLE,ALL,297097.54,0.00050%
1998,YUG,SOM,ALL,6374.36,0.000011%
1998,YUG,STP,ALL,21077.08,0.000035%
1998,YUG,TCD,ALL,927182.39,0.0016%
1998,YUG,TGO,ALL,72428.91,0.00012%
1998,YUG,TUN,ALL,1218243.06,0.0020%
1998,YUG,TZA,ALL,4000,0.0000067%
1998,YUG,UGA,ALL,1610010.47,0.0027%
1998,YUG,ZAF,ALL,9568422.1,0.016%
1998,YUG,ZMB,ALL,2608,0.0000044%
1998,YUG,ZWE,ALL,591873.51,0.00099%
1998,YUG,AFG,ALL,653864.07,0.0011%
1998,YUG,ARE,ALL,323310.74,0.00054%
1998,YUG,ARM,ALL,2048140.05,0.0034%
1998,YUG,AZE,ALL,156259.58,0.00026%
1998,YUG,BGD,ALL,1336958.5,0.0022%
1998,YUG,BHR,ALL,11044159.01,0.019%
1998,YUG,BRN,ALL,27000,0.000045%
1998,YUG,CCK,ALL,61000,0.00010%
1998,YUG,CHN,ALL,59519947.72,0.10%
1998,YUG,CXR,ALL,2985.15,0.0000050%
1998,YUG,CYP,ALL,88932602.02,0.15%
1998,YUG,GEO,ALL,93219,0.00016%
1998,YUG,HKG,ALL,3724922.89,0.0062%
1998,YUG,IDN,ALL,20994810.87,0.035%
1998,YUG,IND,ALL,20317473.9,0.034%
1998,YUG,IOT,ALL,44502.36,0.000075%
1998,YUG,IRN,ALL,26010002.35,0.044%
1998,YUG,IRQ,ALL,46031365.48,0.077%
1998,YUG,ISR,ALL,15065456.05,0.025%
1998,YUG,JOR,ALL,136457.17,0.00023%
1998,YUG,JPN,ALL,50495861.06,0.085%
1998,YUG,KAZ,ALL,568667.68,0.00095%
1998,YUG,KOR,ALL,39361583.67,0.066%
1998,YUG,KWT,ALL,2000,0.0000034%
1998,YUG,LAO,ALL,83510.8,0.00014%
1998,YUG,LBN,ALL,212911.68,0.00036%
1998,YUG,LKA,ALL,4835874.35,0.0081%
1998,YUG,MAC,ALL,18856.87,0.000032%
1998,YUG,MNG,ALL,38355.4,0.000064%
1998,YUG,MYS,ALL,16326016.48,0.027%
1998,YUG,NPL,ALL,20000,0.000034%
1998,YUG,OMN,ALL,759188.09,0.0013%
1998,YUG,PAK,ALL,334902.49,0.00056%
1998,YUG,PHL,ALL,679351.25,0.0011%
1998,YUG,PRK,ALL,73958.53,0.00012%
1998,YUG,SAU,ALL,132565.08,0.00022%
1998,YUG,SGP,ALL,4432329.17,0.0074%
1998,YUG,SYR,ALL,5121179.32,0.0086%
1998,YUG,THA,ALL,8089248.6,0.014%
1998,YUG,TKM,ALL,69681.87,0.00012%
1998,YUG,TUR,ALL,99353276.99,0.17%
1998,YUG,UZB,ALL,8114749.42,0.014%
1998,YUG,VNM,ALL,1571354.69,0.0026%
1998,YUG,XXB,ALL,5854096.26,0.0098%
1998,YUG,YEM,ALL,6596.67,0.000011%
1998,YUG,ALB,ALL,932893.35,0.0016%
1998,YUG,AUT,ALL,186613082.03,0.31%
1998,YUG,BGR,ALL,97284713.98,0.16%
1998,YUG,BIH,ALL,149551628.47,0.25%
1998,YUG,BLR,ALL,8498677.38,0.014%
1998,YUG,BLX,ALL,66584578.14,0.11%
1998,YUG,CHE,ALL,97501680.13,0.16%
1998,YUG,CZE,ALL,119221270.67,0.20%
1998,YUG,DEU,ALL,655020312.6,1.1%
1998,YUG,DNK,ALL,49115356.87,0.082%
1998,YUG,ESP,ALL,30675995.82,0.051%
1998,YUG,EST,ALL,306605.66,0.00051%
1998,YUG,FIN,ALL,10625648.85,0.018%
1998,YUG,FRA,ALL,180938689.79,0.30%
1998,YUG,GBR,ALL,116434933.47,0.20%
1998,YUG,GIB,ALL,1732.98,0.0000029%
1998,YUG,GRC,ALL,244585418.74,0.41%
1998,YUG,HRV,ALL,19545072.5,0.033%
1998,YUG,HUN,ALL,136550095.21,0.23%
1998,YUG,IRL,ALL,16021612.08,0.027%
1998,YUG,ISL,ALL,374860.62,0.00063%
1998,YUG,ITA,ALL,570981312.88,0.96%
1998,YUG,LTU,ALL,1404299.89,0.0024%
1998,YUG,LVA,ALL,600243,0.0010%
1998,YUG,MDA,ALL,163545.24,0.00027%
1998,YUG,MKD,ALL,253470342.88,0.42%
1998,YUG,MLT,ALL,722422.54,0.0012%
1998,YUG,NLD,ALL,102204734.69,0.17%
1998,YUG,NOR,ALL,13702745.16,0.023%
1998,YUG,POL,ALL,45640890.29,0.077%
1998,YUG,PRT,ALL,1374523.34,0.0023%
1998,YUG,ROU,ALL,103557224.39,0.17%
1998,YUG,RUS,ALL,474022039.8,0.79%
1998,YUG,SVK,ALL,61323026.39,0.10%
1998,YUG,SVN,ALL,103046255.84,0.17%
1998,YUG,SWE,ALL,85938511.85,0.14%
1998,YUG,UKR,ALL,64015576.62,0.11%
1998,YUG,ANT,ALL,149009.05,0.00025%
1998,YUG,ATG,ALL,4820.24,0.0000081%
1998,YUG,BHS,ALL,6337732.55,0.011%
1998,YUG,BLZ,ALL,27907.84,0.000047%
1998,YUG,BMU,ALL,13788,0.000023%
1998,YUG,CAN,ALL,11435531.93,0.019%
1998,YUG,CRI,ALL,3572109.54,0.0060%
1998,YUG,CUB,ALL,9710.56,0.000016%
1998,YUG,DMA,ALL,18676.9,0.000031%
1998,YUG,GRD,ALL,99816.37,0.00017%
1998,YUG,GTM,ALL,73133.94,0.00012%
1998,YUG,HND,ALL,272559.02,0.00046%
1998,YUG,JAM,ALL,3787,0.0000063%
1998,YUG,KNA,ALL,17000,0.000029%
1998,YUG,MEX,ALL,2632913.78,0.0044%
1998,YUG,NIC,ALL,126221.42,0.00021%
1998,YUG,PAN,ALL,821937.74,0.0014%
1998,YUG,SLV,ALL,2000,0.0000034%
1998,YUG,TTO,ALL,95695.49,0.00016%
1998,YUG,UMI,ALL,3000,0.0000050%
1998,YUG,USA,ALL,141306031.21,0.24%
1998,YUG,VCT,ALL,15122.48,0.000025%
1998,YUG,VGB,ALL,1602484.78,0.0027%
1998,YUG,AUS,ALL,4467099.45,0.0075%
1998,YUG,COK,ALL,1000,0.0000017%
1998,YUG,KIR,ALL,129000,0.00022%
1998,YUG,MHL,ALL,195008.09,0.00033%
1998,YUG,NRU,ALL,140000,0.00023%
1998,YUG,NZL,ALL,743944.98,0.0012%
1998,YUG,PNG,ALL,15996.34,0.000027%
1998,YUG,TON,ALL,1747.51,0.0000029%
1998,YUG,TUV,ALL,1000,0.0000017%
1998,YUG,WSM,ALL,44208.84,0.000074%
1998,YUG,ARG,ALL,28291892.91,0.047%
1998,YUG,BRA,ALL,66584541.54,0.11%
1998,YUG,CHL,ALL,8931304.51,0.015%
1998,YUG,COL,ALL,7525025.15,0.013%
1998,YUG,ECU,ALL,14166102.32,0.024%
1998,YUG,FLK,ALL,16677.89,0.000028%
1998,YUG,PER,ALL,11538922.96,0.019%
1998,YUG,SUR,ALL,2793.85,0.0000047%
1998,YUG,URY,ALL,87569.66,0.00015%
1998,YUG,VEN,ALL,1979338.23,0.0033%
1999,YUG,BEN,ALL,220400,0.00037%
1999,YUG,BFA,ALL,4589.31,0.0000077%
1999,YUG,CIV,ALL,3374078.29,0.0057%
1999,YUG,CMR,ALL,182162.98,0.00031%
1999,YUG,COD,ALL,10583.14,0.000018%
1999,YUG,COG,ALL,1936.5,0.0000032%
1999,YUG,DZA,ALL,8347589,0.014%
1999,YUG,EGY,ALL,1993641.2,0.0033%
1999,YUG,ERI,ALL,31000,0.000052%
1999,YUG,GHA,ALL,8380224.15,0.014%
1999,YUG,GIN,ALL,637678.46,0.0011%
1999,YUG,KEN,ALL,1572288,0.0026%
1999,YUG,LBR,ALL,207115.14,0.00035%
1999,YUG,LBY,ALL,6655864.11,0.011%
1999,YUG,MAR,ALL,1178964.58,0.0020%
1999,YUG,MDG,ALL,173404.22,0.00029%
1999,YUG,MLI,ALL,21989.35,0.000037%
1999,YUG,MOZ,ALL,19577.22,0.000033%
1999,YUG,MRT,ALL,2384350.13,0.0040%
1999,YUG,MUS,ALL,54697.2,0.000092%
1999,YUG,NGA,ALL,1011622.45,0.0017%
1999,YUG,SDN,ALL,274350.69,0.00046%
1999,YUG,SEN,ALL,17159.16,0.000029%
1999,YUG,SHN,ALL,54959.33,0.000092%
1999,YUG,SLE,ALL,11881.76,0.000020%
1999,YUG,SOM,ALL,6425.04,0.000011%
1999,YUG,SYC,ALL,212026.21,0.00036%
1999,YUG,TCD,ALL,271258.88,0.00045%
1999,YUG,TGO,ALL,8510,0.000014%
1999,YUG,TUN,ALL,694838.41,0.0012%
1999,YUG,TZA,ALL,525574,0.00088%
1999,YUG,UGA,ALL,976961.68,0.0016%
1999,YUG,ZAF,ALL,18181080.27,0.030%
1999,YUG,ZMB,ALL,35375.65,0.000059%
1999,YUG,ZWE,ALL,109476.09,0.00018%
1999,YUG,ARE,ALL,290464.74,0.00049%
1999,YUG,ARM,ALL,98507,0.00017%
1999,YUG,AZE,ALL,125672.91,0.00021%
1999,YUG,BGD,ALL,163256.58,0.00027%
1999,YUG,BHR,ALL,5781023.93,0.0097%
1999,YUG,CHN,ALL,77377651.69,0.13%
1999,YUG,CYP,ALL,21409907.1,0.036%
1999,YUG,GEO,ALL,426076.17,0.00071%
1999,YUG,HKG,ALL,3378895.94,0.0057%
1999,YUG,IDN,ALL,11937544.44,0.020%
1999,YUG,IND,ALL,14681326.9,0.025%
1999,YUG,IOT,ALL,4000,0.0000067%
1999,YUG,IRN,ALL,8935403.02,0.015%
1999,YUG,IRQ,ALL,7403423.46,0.012%
1999,YUG,ISR,ALL,9679775.82,0.016%
1999,YUG,JOR,ALL,87250,0.00015%
1999,YUG,JPN,ALL,51347930.55,0.086%
1999,YUG,KAZ,ALL,248836.02,0.00042%
1999,YUG,KGZ,ALL,154189.26,0.00026%
1999,YUG,KOR,ALL,29970151.71,0.050%
1999,YUG,KWT,ALL,137760.47,0.00023%
1999,YUG,LAO,ALL,79396.29,0.00013%
1999,YUG,LBN,ALL,150250.54,0.00025%
1999,YUG,LKA,ALL,2173535.52,0.0036%
1999,YUG,MAC,ALL,25418.73,0.000043%
1999,YUG,MNG,ALL,4455.35,0.0000075%
1999,YUG,MYS,ALL,10430259.03,0.017%
1999,YUG,NPL,ALL,9000,0.000015%
1999,YUG,OMN,ALL,225096,0.00038%
1999,YUG,PAK,ALL,115000,0.00019%
1999,YUG,PHL,ALL,1173931.03,0.0020%
1999,YUG,PRK,ALL,33000,0.000055%
1999,YUG,QAT,ALL,23493.95,0.000039%
1999,YUG,SAU,ALL,694129.55,0.0012%
1999,YUG,SGP,ALL,2194755.14,0.0037%
1999,YUG,SYR,ALL,3133468.45,0.0053%
1999,YUG,THA,ALL,5242969.42,0.0088%
1999,YUG,TJK,ALL,885160.54,0.0015%
1999,YUG,TKM,ALL,692949.79,0.0012%
1999,YUG,TUR,ALL,76432909.07,0.13%
1999,YUG,UZB,ALL,4700697.14,0.0079%
1999,YUG,VNM,ALL,1033704.5,0.0017%
1999,YUG,XXB,ALL,4288639.24,0.0072%
1999,YUG,ALB,ALL,3431280.7,0.0058%
1999,YUG,AUT,ALL,144576965.19,0.24%
1999,YUG,BGR,ALL,172799588.83,0.29%
1999,YUG,BIH,ALL,149518663.57,0.25%
1999,YUG,BLR,ALL,7749606.65,0.013%
1999,YUG,BLX,ALL,52135942.94,0.087%
1999,YUG,CHE,ALL,90146004.67,0.15%
1999,YUG,CZE,ALL,70280762.91,0.12%
1999,YUG,DEU,ALL,389607163.23,0.65%
1999,YUG,DNK,ALL,32516964.6,0.055%
1999,YUG,ESP,ALL,36066528.97,0.060%
1999,YUG,EST,ALL,1022412.07,0.0017%
1999,YUG,FIN,ALL,6001113.96,0.010%
1999,YUG,FRA,ALL,105872892.32,0.18%
1999,YUG,GBR,ALL,61327596.03,0.10%
1999,YUG,GRC,ALL,149719086.97,0.25%
1999,YUG,HRV,ALL,31822576.67,0.053%
1999,YUG,HUN,ALL,108776282.61,0.18%
1999,YUG,IRL,ALL,3372404.8,0.0057%
1999,YUG,ISL,ALL,419607.86,0.00070%
1999,YUG,ITA,ALL,378366517.11,0.63%
1999,YUG,LTU,ALL,723419.94,0.0012%
1999,YUG,LVA,ALL,324664.1,0.00054%
1999,YUG,MDA,ALL,82652.83,0.00014%
1999,YUG,MKD,ALL,229321692.19,0.38%
1999,YUG,MLT,ALL,1339082.11,0.0022%
1999,YUG,NLD,ALL,75630793.79,0.13%
1999,YUG,NOR,ALL,5224997.6,0.0088%
1999,YUG,POL,ALL,46917638.56,0.079%
1999,YUG,PRT,ALL,1910664.47,0.0032%
1999,YUG,ROU,ALL,84878858.21,0.14%
1999,YUG,RUS,ALL,215476341.69,0.36%
1999,YUG,SVK,ALL,27512522.51,0.046%
1999,YUG,SVN,ALL,78023270.56,0.13%
1999,YUG,SWE,ALL,62757413.59,0.11%
1999,YUG,UKR,ALL,52944085.84,0.089%
1999,YUG,ANT,ALL,159000,0.00027%
1999,YUG,ATG,ALL,15287.15,0.000026%
1999,YUG,BHS,ALL,40457.3,0.000068%
1999,YUG,BRB,ALL,24302.33,0.000041%
1999,YUG,CAN,ALL,5360934.9,0.0090%
1999,YUG,CRI,ALL,696448.02,0.0012%
1999,YUG,CUB,ALL,226839.29,0.00038%
1999,YUG,DMA,ALL,61000,0.00010%
1999,YUG,GRL,ALL,10583.55,0.000018%
1999,YUG,GTM,ALL,12432.86,0.000021%
1999,YUG,HND,ALL,65840.83,0.00011%
1999,YUG,JAM,ALL,18914.95,0.000032%
1999,YUG,KNA,ALL,43938.93,0.000074%
1999,YUG,MEX,ALL,3047264.69,0.0051%
1999,YUG,PAN,ALL,1354458.87,0.0023%
1999,YUG,USA,ALL,77847435.06,0.13%
1999,YUG,VCT,ALL,103890.16,0.00017%
1999,YUG,VGB,ALL,2233002.92,0.0037%
1999,YUG,AUS,ALL,5072319.35,0.0085%
1999,YUG,KIR,ALL,30933.17,0.000052%
1999,YUG,MHL,ALL,81033.02,0.00014%
1999,YUG,NCL,ALL,6000,0.000010%
1999,YUG,NIU,ALL,19275.11,0.000032%
1999,YUG,NZL,ALL,308735.18,0.00052%
1999,YUG,PCN,ALL,5000,0.0000084%
1999,YUG,PLW,ALL,1000,0.0000017%
1999,YUG,PNG,ALL,11000,0.000018%
1999,YUG,ARG,ALL,11685707.11,0.020%
1999,YUG,BRA,ALL,53222772.65,0.089%
1999,YUG,CHL,ALL,1682702.17,0.0028%
1999,YUG,COL,ALL,2169593.72,0.0036%
1999,YUG,ECU,ALL,20904679.42,0.035%
1999,YUG,PER,ALL,3778627.46,0.0063%
1999,YUG,SUR,ALL,1000,0.0000017%
1999,YUG,URY,ALL,242664.01,0.00041%
1999,YUG,VEN,ALL,11909714.65,0.020%
2000,YUG,BFA,ALL,11443.71,0.000019%
2000,YUG,CIV,ALL,5039430.16,0.0084%
2000,YUG,CMR,ALL,460767.1,0.00077%
2000,YUG,COD,ALL,15000,0.000025%
2000,YUG,COG,ALL,248448.74,0.00042%
2000,YUG,COM,ALL,2984.25,0.0000050%
2000,YUG,EGY,ALL,2570106.84,0.0043%
2000,YUG,ETH,ALL,39280.43,0.000066%
2000,YUG,GAB,ALL,1976.05,0.0000033%
2000,YUG,GHA,ALL,4300945.31,0.0072%
2000,YUG,GIN,ALL,2761432.62,0.0046%
2000,YUG,KEN,ALL,178406.87,0.00030%
2000,YUG,LBR,ALL,1175611.43,0.0020%
2000,YUG,LBY,ALL,24764.09,0.000042%
2000,YUG,MAR,ALL,1658867.89,0.0028%
2000,YUG,MDG,ALL,69916.25,0.00012%
2000,YUG,MLI,ALL,45332.89,0.000076%
2000,YUG,MOZ,ALL,20193.75,0.000034%
2000,YUG,MRT,ALL,85098.84,0.00014%
2000,YUG,MWI,ALL,1406854,0.0024%
2000,YUG,NGA,ALL,809388.98,0.0014%
2000,YUG,SDN,ALL,254042.16,0.00043%
2000,YUG,SEN,ALL,39184.16,0.000066%
2000,YUG,SHN,ALL,35000,0.000059%
2000,YUG,SLE,ALL,464288.04,0.00078%
2000,YUG,SOM,ALL,4000,0.0000067%
2000,YUG,STP,ALL,1000,0.0000017%
2000,YUG,SYC,ALL,75502.37,0.00013%
2000,YUG,TCD,ALL,22023.77,0.000037%
2000,YUG,TUN,ALL,652023.06,0.0011%
2000,YUG,TZA,ALL,370282.03,0.00062%
2000,YUG,UGA,ALL,1385617.26,0.0023%
2000,YUG,ZAF,ALL,10705850.23,0.018%
2000,YUG,ZMB,ALL,4341,0.0000073%
2000,YUG,ZWE,ALL,585280.12,0.00098%
2000,YUG,ARE,ALL,318282.63,0.00053%
2000,YUG,ARM,ALL,268523,0.00045%
2000,YUG,AZE,ALL,13288405.7,0.022%
2000,YUG,BGD,ALL,760280.1,0.0013%
2000,YUG,BHR,ALL,49516.37,0.000083%
2000,YUG,BRN,ALL,5000,0.0000084%
2000,YUG,BTN,ALL,60475.86,0.00010%
2000,YUG,CHN,ALL,100337222.5,0.17%
2000,YUG,CXR,ALL,23000,0.000039%
2000,YUG,CYP,ALL,12290016.08,0.021%
2000,YUG,GEO,ALL,100776,0.00017%
2000,YUG,HKG,ALL,5875838.17,0.0099%
2000,YUG,IDN,ALL,8366727.84,0.014%
2000,YUG,IND,ALL,18829278.06,0.032%
2000,YUG,IRN,ALL,1484713.25,0.0025%
2000,YUG,IRQ,ALL,9091079.29,0.015%
2000,YUG,ISR,ALL,6720124.13,0.011%
2000,YUG,JOR,ALL,110254.71,0.00018%
2000,YUG,JPN,ALL,57528442.99,0.096%
2000,YUG,KAZ,ALL,1644901.99,0.0028%
2000,YUG,KGZ,ALL,47959.45,0.000080%
2000,YUG,KOR,ALL,34565515.6,0.058%
2000,YUG,LBN,ALL,221609.52,0.00037%
2000,YUG,LKA,ALL,1429753.41,0.0024%
2000,YUG,MAC,ALL,4101,0.0000069%
2000,YUG,MYS,ALL,11166284.22,0.019%
2000,YUG,NPL,ALL,13000,0.000022%
2000,YUG,OMN,ALL,302853,0.00051%
2000,YUG,PAK,ALL,246568.36,0.00041%
2000,YUG,PHL,ALL,922224.65,0.0015%
2000,YUG,PRK,ALL,42000,0.000070%
2000,YUG,SAU,ALL,16185.97,0.000027%
2000,YUG,SGP,ALL,1383578.09,0.0023%
2000,YUG,SYR,ALL,4928277.27,0.0083%
2000,YUG,THA,ALL,2508149.97,0.0042%
2000,YUG,TJK,ALL,77259.88,0.00013%
2000,YUG,TKM,ALL,1324374.54,0.0022%
2000,YUG,TUR,ALL,119388991.57,0.20%
2000,YUG,UZB,ALL,4347914.63,0.0073%
2000,YUG,VNM,ALL,1615399.57,0.0027%
2000,YUG,XXB,ALL,4184621.11,0.0070%
2000,YUG,ALB,ALL,7185454.76,0.012%
2000,YUG,AUT,ALL,146771688.25,0.25%
2000,YUG,BGR,ALL,347796586.14,0.58%
2000,YUG,BIH,ALL,150442084.64,0.25%
2000,YUG,BLR,ALL,11861218.12,0.020%
2000,YUG,BLX,ALL,46614871.5,0.078%
2000,YUG,CHE,ALL,84183614.43,0.14%
2000,YUG,CZE,ALL,81843693.28,0.14%
2000,YUG,DEU,ALL,452562926.61,0.76%
2000,YUG,DNK,ALL,33151967.83,0.056%
2000,YUG,ESP,ALL,38116302.53,0.064%
2000,YUG,EST,ALL,1328639.9,0.0022%
2000,YUG,FIN,ALL,7217914.42,0.012%
2000,YUG,FRA,ALL,108512948.75,0.18%
2000,YUG,GBR,ALL,65733740.73,0.11%
2000,YUG,GIB,ALL,107054.6,0.00018%
2000,YUG,GRC,ALL,141944067.92,0.24%
2000,YUG,HRV,ALL,100257995.52,0.17%
2000,YUG,HUN,ALL,150495668.82,0.25%
2000,YUG,IRL,ALL,12389615.55,0.021%
2000,YUG,ISL,ALL,392260.39,0.00066%
2000,YUG,ITA,ALL,442259168.82,0.74%
2000,YUG,LTU,ALL,380262.71,0.00064%
2000,YUG,LVA,ALL,430894,0.00072%
2000,YUG,MDA,ALL,172726.9,0.00029%
2000,YUG,MKD,ALL,311340054.67,0.52%
2000,YUG,MLT,ALL,3184897.74,0.0053%
2000,YUG,NLD,ALL,88862535.12,0.15%
2000,YUG,NOR,ALL,19332006.37,0.032%
2000,YUG,POL,ALL,36292193.29,0.061%
2000,YUG,PRT,ALL,1867981.64,0.0031%
2000,YUG,ROU,ALL,128990632.4,0.22%
2000,YUG,RUS,ALL,218919498.65,0.37%
2000,YUG,SVK,ALL,33447767.57,0.056%
2000,YUG,SVN,ALL,121637379.14,0.20%
2000,YUG,SWE,ALL,83664263.48,0.14%
2000,YUG,UKR,ALL,60956202.51,0.10%
2000,YUG,ATG,ALL,14535.42,0.000024%
2000,YUG,BHS,ALL,78000,0.00013%
2000,YUG,BLZ,ALL,54000,0.000091%
2000,YUG,BMU,ALL,4000,0.0000067%
2000,YUG,BRB,ALL,17149.99,0.000029%
2000,YUG,CAN,ALL,2372103.64,0.0040%
2000,YUG,CRI,ALL,162839.01,0.00027%
2000,YUG,CUB,ALL,38457.23,0.000064%
2000,YUG,CYM,ALL,2000,0.0000034%
2000,YUG,DMA,ALL,2000,0.0000034%
2000,YUG,DOM,ALL,11000,0.000018%
2000,YUG,GTM,ALL,43397.11,0.000073%
2000,YUG,HND,ALL,24586.25,0.000041%
2000,YUG,HTI,ALL,43308.9,0.000073%
2000,YUG,KNA,ALL,5000,0.0000084%
2000,YUG,MEX,ALL,2113095.74,0.0035%
2000,YUG,NIC,ALL,598080.57,0.0010%
2000,YUG,PAN,ALL,636578.97,0.0011%
2000,YUG,TCA,ALL,1000,0.0000017%
2000,YUG,TTO,ALL,32000,0.000054%
2000,YUG,UMI,ALL,13986.26,0.000023%
2000,YUG,USA,ALL,81262272.38,0.14%
2000,YUG,VCT,ALL,13000,0.000022%
2000,YUG,VGB,ALL,18585.46,0.000031%
2000,YUG,AUS,ALL,5646219.52,0.0095%
2000,YUG,COK,ALL,29929.16,0.000050%
2000,YUG,FJI,ALL,21379,0.000036%
2000,YUG,KIR,ALL,19220.56,0.000032%
2000,YUG,MHL,ALL,203196.78,0.00034%
2000,YUG,NIU,ALL,136885.95,0.00023%
2000,YUG,NZL,ALL,613427.45,0.0010%
2000,YUG,PLW,ALL,27050.86,0.000045%
2000,YUG,PNG,ALL,72968.5,0.00012%
2000,YUG,ARG,ALL,7091033.51,0.012%
2000,YUG,BRA,ALL,14939488.79,0.025%
2000,YUG,CHL,ALL,7458896.61,0.013%
2000,YUG,COL,ALL,5402789.46,0.0091%
2000,YUG,ECU,ALL,4047433.67,0.0068%
2000,YUG,FLK,ALL,3949.8,0.0000066%
2000,YUG,PER,ALL,5028716.89,0.0084%
2000,YUG,PRY,ALL,9426.24,0.000016%
2000,YUG,SUR,ALL,49846.58,0.000084%
2000,YUG,URY,ALL,528754.49,0.00089%
2000,YUG,VEN,ALL,9052666.96,0.015%
2001,YUG,BFA,ALL,47714.34,0.000080%
2001,YUG,CIV,ALL,5916262.54,0.0099%
2001,YUG,CMR,ALL,2211593.79,0.0037%
2001,YUG,COD,ALL,50085,0.000084%
2001,YUG,COG,ALL,35911.18,0.000060%
2001,YUG,COM,ALL,24210.43,0.000041%
2001,YUG,DZA,ALL,14751,0.000025%
2001,YUG,EGY,ALL,3604359.41,0.0060%
2001,YUG,ETH,ALL,83670.19,0.00014%
2001,YUG,GHA,ALL,4103214.78,0.0069%
2001,YUG,GIN,ALL,3088972.2,0.0052%
2001,YUG,GMB,ALL,1231,0.0000021%
2001,YUG,LBR,ALL,378727.81,0.00063%
2001,YUG,LBY,ALL,125127.78,0.00021%
2001,YUG,MAR,ALL,819643.32,0.0014%
2001,YUG,MDG,ALL,41974.68,0.000070%
2001,YUG,MLI,ALL,220276.76,0.00037%
2001,YUG,MRT,ALL,50270.22,0.000084%
2001,YUG,MUS,ALL,11304,0.000019%
2001,YUG,NER,ALL,1301.83,0.0000022%
2001,YUG,NGA,ALL,822389.05,0.0014%
2001,YUG,RWA,ALL,695531,0.0012%
2001,YUG,SDN,ALL,146800.26,0.00025%
2001,YUG,SEN,ALL,18613,0.000031%
2001,YUG,SHN,ALL,9277,0.000016%
2001,YUG,SLE,ALL,1330176.12,0.0022%
2001,YUG,SOM,ALL,11192,0.000019%
2001,YUG,STP,ALL,40252.93,0.000067%
2001,YUG,SYC,ALL,54038.77,0.000091%
2001,YUG,TGO,ALL,291090.36,0.00049%
2001,YUG,TUN,ALL,763000,0.0013%
2001,YUG,TZA,ALL,730615.35,0.0012%
2001,YUG,UGA,ALL,1702976.66,0.0029%
2001,YUG,ZAF,ALL,7549578.32,0.013%
2001,YUG,ZMB,ALL,27195,0.000046%
2001,YUG,ZWE,ALL,1121319.19,0.0019%
2001,YUG,ARE,ALL,582339.17,0.00098%
2001,YUG,ARM,ALL,2652662.49,0.0044%
2001,YUG,AZE,ALL,1417713.26,0.0024%
2001,YUG,BGD,ALL,1271407.89,0.0021%
2001,YUG,BHR,ALL,92352.41,0.00015%
2001,YUG,BTN,ALL,69017.4,0.00012%
2001,YUG,CHN,ALL,145817125.22,0.24%
2001,YUG,CYP,ALL,10387550.27,0.017%
2001,YUG,GEO,ALL,144716.42,0.00024%
2001,YUG,HKG,ALL,4702767.63,0.0079%
2001,YUG,IDN,ALL,8508036.62,0.014%
2001,YUG,IND,ALL,18665349.11,0.031%
2001,YUG,IOT,ALL,29555,0.000050%
2001,YUG,IRN,ALL,1832476.44,0.0031%
2001,YUG,IRQ,ALL,12065056.63,0.020%
2001,YUG,ISR,ALL,13815464.2,0.023%
2001,YUG,JOR,ALL,120509.98,0.00020%
2001,YUG,JPN,ALL,50480902.81,0.085%
2001,YUG,KAZ,ALL,9702899.91,0.016%
2001,YUG,KGZ,ALL,107076.21,0.00018%
2001,YUG,KHM,ALL,19513,0.000033%
2001,YUG,KOR,ALL,36879224.44,0.062%
2001,YUG,KWT,ALL,28236.77,0.000047%
2001,YUG,LBN,ALL,121793.91,0.00020%
2001,YUG,LKA,ALL,1085323.31,0.0018%
2001,YUG,MAC,ALL,33637,0.000056%
2001,YUG,MDV,ALL,4791,0.0000080%
2001,YUG,MMR,ALL,10035.27,0.000017%
2001,YUG,MYS,ALL,11231024.43,0.019%
2001,YUG,OMN,ALL,1241394,0.0021%
2001,YUG,PAK,ALL,263930.53,0.00044%
2001,YUG,PHL,ALL,1269322.88,0.0021%
2001,YUG,PRK,ALL,191861.16,0.00032%
2001,YUG,SAU,ALL,35293.63,0.000059%
2001,YUG,SGP,ALL,5181936.52,0.0087%
2001,YUG,SYR,ALL,12930412,0.022%
2001,YUG,THA,ALL,7098962.38,0.012%
2001,YUG,TJK,ALL,457689.43,0.00077%
2001,YUG,TKM,ALL,1073884.11,0.0018%
2001,YUG,TUR,ALL,90413046.19,0.15%
2001,YUG,UZB,ALL,5571434.49,0.0093%
2001,YUG,VNM,ALL,2253627.77,0.0038%
2001,YUG,XXB,ALL,8591652.68,0.014%
2001,YUG,ALB,ALL,8137953.35,0.014%
2001,YUG,AUT,ALL,173744285.92,0.29%
2001,YUG,BGR,ALL,144121427.83,0.24%
2001,YUG,BIH,ALL,120925119.74,0.20%
2001,YUG,BLR,ALL,15831439.51,0.027%
2001,YUG,BLX,ALL,58672027.23,0.098%
2001,YUG,CHE,ALL,86456707.15,0.14%
2001,YUG,CZE,ALL,90303000.43,0.15%
2001,YUG,DEU,ALL,577151883.25,0.97%
2001,YUG,DNK,ALL,38870133.41,0.065%
2001,YUG,ESP,ALL,63978530.09,0.11%
2001,YUG,EST,ALL,286915.16,0.00048%
2001,YUG,FIN,ALL,8442445.94,0.014%
2001,YUG,FRA,ALL,146906622.6,0.25%
2001,YUG,GBR,ALL,80766126.23,0.14%
2001,YUG,GIB,ALL,895700.6,0.0015%
2001,YUG,GRC,ALL,212512534.93,0.36%
2001,YUG,HRV,ALL,148203180.32,0.25%
2001,YUG,HUN,ALL,183585312.59,0.31%
2001,YUG,IRL,ALL,21970013.02,0.037%
2001,YUG,ISL,ALL,470709.78,0.00079%
2001,YUG,ITA,ALL,567099369.94,0.95%
2001,YUG,LTU,ALL,1520295.44,0.0025%
2001,YUG,LVA,ALL,330268.5,0.00055%
2001,YUG,MDA,ALL,317619.37,0.00053%
2001,YUG,MKD,ALL,252546782.2,0.42%
2001,YUG,MLT,ALL,150046.51,0.00025%
2001,YUG,NLD,ALL,96044652.15,0.16%
2001,YUG,NOR,ALL,10462957.94,0.018%
2001,YUG,POL,ALL,43072473.53,0.072%
2001,YUG,PRT,ALL,4216976.9,0.0071%
2001,YUG,ROU,ALL,127758206.02,0.21%
2001,YUG,RUS,ALL,410125640.85,0.69%
2001,YUG,SVK,ALL,47616607.2,0.080%
2001,YUG,SVN,ALL,218976689,0.37%
2001,YUG,SWE,ALL,96516591.97,0.16%
2001,YUG,UKR,ALL,70118303.32,0.12%
2001,YUG,ANT,ALL,5404,0.0000091%
2001,YUG,ATG,ALL,111134.69,0.00019%
2001,YUG,BHS,ALL,78816.99,0.00013%
2001,YUG,BLZ,ALL,74856.13,0.00013%
2001,YUG,BRB,ALL,6805.34,0.000011%
2001,YUG,CAN,ALL,4461865.96,0.0075%
2001,YUG,CRI,ALL,364259.08,0.00061%
2001,YUG,CUB,ALL,111616.97,0.00019%
2001,YUG,DMA,ALL,8459.95,0.000014%
2001,YUG,DOM,ALL,9919.12,0.000017%
2001,YUG,GRD,ALL,3633,0.0000061%
2001,YUG,GRL,ALL,14785.98,0.000025%
2001,YUG,GTM,ALL,61500.83,0.00010%
2001,YUG,HND,ALL,53935.01,0.000090%
2001,YUG,HTI,ALL,16824.49,0.000028%
2001,YUG,JAM,ALL,2782,0.0000047%
2001,YUG,KNA,ALL,117859.64,0.00020%
2001,YUG,MEX,ALL,1719318.26,0.0029%
2001,YUG,NIC,ALL,68600.11,0.00012%
2001,YUG,PAN,ALL,1537459.57,0.0026%
2001,YUG,SLV,ALL,2252,0.0000038%
2001,YUG,TCA,ALL,29344.03,0.000049%
2001,YUG,TTO,ALL,223807.55,0.00038%
2001,YUG,UMI,ALL,208118.57,0.00035%
2001,YUG,USA,ALL,119418707.98,0.20%
2001,YUG,VCT,ALL,41981.12,0.000070%
2001,YUG,VGB,ALL,672562.67,0.0011%
2001,YUG,AUS,ALL,2542219.6,0.0043%
2001,YUG,KIR,ALL,115971.86,0.00019%
2001,YUG,MHL,ALL,527348.16,0.00088%
2001,YUG,NRU,ALL,46944.02,0.000079%
2001,YUG,NZL,ALL,860823.25,0.0014%
2001,YUG,PNG,ALL,4050.61,0.0000068%
2001,YUG,PYF,ALL,1905,0.0000032%
2001,YUG,SLB,ALL,2964.53,0.0000050%
2001,YUG,TKL,ALL,7323,0.000012%
2001,YUG,TON,ALL,14852.4,0.000025%
2001,YUG,VUT,ALL,13742.06,0.000023%
2001,YUG,ARG,ALL,13401997.86,0.022%
2001,YUG,BOL,ALL,1547,0.0000026%
2001,YUG,BRA,ALL,17043508.74,0.029%
2001,YUG,CHL,ALL,2985370.19,0.0050%
2001,YUG,COL,ALL,3248319.8,0.0054%
2001,YUG,ECU,ALL,37099425.92,0.062%
2001,YUG,FLK,ALL,22481.26,0.000038%
2001,YUG,GUY,ALL,30937.63,0.000052%
2001,YUG,PER,ALL,2767049.57,0.0046%
2001,YUG,PRY,ALL,1822478.29,0.0031%
2001,YUG,SUR,ALL,2093,0.0000035%
2001,YUG,URY,ALL,875064.62,0.0015%
2001,YUG,VEN,ALL,4314096.57,0.0072%
2001,YUG,XXA,ALL,823292.73,0.0014%
2002,YUG,BDI,ALL,5769,0.0000097%
2002,YUG,BEN,ALL,211875,0.00036%
2002,YUG,BFA,ALL,25801.26,0.000043%
2002,YUG,CAF,ALL,333208,0.00056%
2002,YUG,CIV,ALL,1332512.47,0.0022%
2002,YUG,CMR,ALL,3125877.81,0.0052%
2002,YUG,COD,ALL,25063.01,0.000042%
2002,YUG,COG,ALL,86385.92,0.00014%
2002,YUG,COM,ALL,57904.57,0.000097%
2002,YUG,DZA,ALL,110393,0.00019%
2002,YUG,EGY,ALL,3100181.23,0.0052%
2002,YUG,ERI,ALL,15652,0.000026%
2002,YUG,ETH,ALL,235909.21,0.00040%
2002,YUG,GAB,ALL,20350.49,0.000034%
2002,YUG,GHA,ALL,10623969.92,0.018%
2002,YUG,GIN,ALL,3004566.6,0.0050%
2002,YUG,GMB,ALL,10230.92,0.000017%
2002,YUG,KEN,ALL,41309.34,0.000069%
2002,YUG,LBR,ALL,182658,0.00031%
2002,YUG,LBY,ALL,74225.89,0.00012%
2002,YUG,MAR,ALL,2001665.6,0.0034%
2002,YUG,MDG,ALL,61942.27,0.00010%
2002,YUG,MLI,ALL,407788.28,0.00068%
2002,YUG,MOZ,ALL,39321.32,0.000066%
2002,YUG,MUS,ALL,55144.76,0.000092%
2002,YUG,MWI,ALL,414196.8,0.00069%
2002,YUG,NGA,ALL,1425281.02,0.0024%
2002,YUG,SDN,ALL,328610.1,0.00055%
2002,YUG,SEN,ALL,47146,0.000079%
2002,YUG,SHN,ALL,41070,0.000069%
2002,YUG,SLE,ALL,1358807.18,0.0023%
2002,YUG,SOM,ALL,37667.53,0.000063%
2002,YUG,STP,ALL,30485.64,0.000051%
2002,YUG,SYC,ALL,96258.47,0.00016%
2002,YUG,TGO,ALL,189015.27,0.00032%
2002,YUG,TUN,ALL,922022.3,0.0015%
2002,YUG,TZA,ALL,146835.71,0.00025%
2002,YUG,UGA,ALL,3435663.45,0.0058%
2002,YUG,ZAF,ALL,7755974.73,0.013%
2002,YUG,ZWE,ALL,998097.14,0.0017%
2002,YUG,ARE,ALL,396604.33,0.00066%
2002,YUG,ARM,ALL,1437828.18,0.0024%
2002,YUG,AZE,ALL,1996865.23,0.0033%
2002,YUG,BGD,ALL,1223203.71,0.0021%
2002,YUG,BHR,ALL,152780.06,0.00026%
2002,YUG,BRN,ALL,11826.57,0.000020%
2002,YUG,BTN,ALL,153668.79,0.00026%
2002,YUG,CCK,ALL,83195.86,0.00014%
2002,YUG,CHN,ALL,183525593.38,0.31%
2002,YUG,CYP,ALL,9918306.12,0.017%
2002,YUG,GEO,ALL,69912.89,0.00012%
2002,YUG,HKG,ALL,4877340.26,0.0082%
2002,YUG,IDN,ALL,12618489.28,0.021%
2002,YUG,IND,ALL,22768993.41,0.038%
2002,YUG,IOT,ALL,26944,0.000045%
2002,YUG,IRN,ALL,1983748.42,0.0033%
2002,YUG,IRQ,ALL,25811849.45,0.043%
2002,YUG,ISR,ALL,15766567.3,0.026%
2002,YUG,JOR,ALL,80742.18,0.00014%
2002,YUG,JPN,ALL,71930153.7,0.12%
2002,YUG,KAZ,ALL,4758621.32,0.0080%
2002,YUG,KGZ,ALL,31904.58,0.000053%
2002,YUG,KHM,ALL,36044,0.000060%
2002,YUG,KOR,ALL,49893944.58,0.084%
2002,YUG,KWT,ALL,264600.55,0.00044%
2002,YUG,LAO,ALL,4754,0.0000080%
2002,YUG,LBN,ALL,96886.43,0.00016%
2002,YUG,LKA,ALL,492869.99,0.00083%
2002,YUG,MAC,ALL,83279.69,0.00014%
2002,YUG,MMR,ALL,164379.94,0.00028%
2002,YUG,MYS,ALL,19493702.69,0.033%
2002,YUG,NPL,ALL,10885,0.000018%
2002,YUG,OMN,ALL,339100,0.00057%
2002,YUG,PAK,ALL,1653281.06,0.0028%
2002,YUG,PHL,ALL,2733256.47,0.0046%
2002,YUG,PRK,ALL,476545.36,0.00080%
2002,YUG,SAU,ALL,122587.05,0.00021%
2002,YUG,SGP,ALL,8969198.81,0.015%
2002,YUG,SYR,ALL,4270189.11,0.0072%
2002,YUG,THA,ALL,15188043.91,0.025%
2002,YUG,TJK,ALL,63141.46,0.00011%
2002,YUG,TUR,ALL,132366675.38,0.22%
2002,YUG,UZB,ALL,1015294.21,0.0017%
2002,YUG,VNM,ALL,3437586.05,0.0058%
2002,YUG,XXB,ALL,16544535.03,0.028%
2002,YUG,ALB,ALL,10540697.66,0.018%
2002,YUG,AND,ALL,63965.49,0.00011%
2002,YUG,AUT,ALL,237926076.82,0.40%
2002,YUG,BGR,ALL,116954731.5,0.20%
2002,YUG,BIH,ALL,149997714.04,0.25%
2002,YUG,BLR,ALL,16700240.13,0.028%
2002,YUG,BLX,ALL,85270261.57,0.14%
2002,YUG,CHE,ALL,115726171.29,0.19%
2002,YUG,CZE,ALL,144467798.41,0.24%
2002,YUG,DEU,ALL,827961092.83,1.4%
2002,YUG,DNK,ALL,47048949.84,0.079%
2002,YUG,ESP,ALL,79479537.08,0.13%
2002,YUG,EST,ALL,468334.69,0.00079%
2002,YUG,FIN,ALL,11632570.29,0.020%
2002,YUG,FRA,ALL,190804570.63,0.32%
2002,YUG,GBR,ALL,146962926.09,0.25%
2002,YUG,GIB,ALL,49235.65,0.000083%
2002,YUG,GRC,ALL,183075375.05,0.31%
2002,YUG,HRV,ALL,166845157.57,0.28%
2002,YUG,HUN,ALL,221598257.25,0.37%
2002,YUG,IRL,ALL,31523995.37,0.053%
2002,YUG,ISL,ALL,3809122.9,0.0064%
2002,YUG,ITA,ALL,680937025.32,1.1%
2002,YUG,LTU,ALL,3630901.57,0.0061%
2002,YUG,LVA,ALL,530908.48,0.00089%
2002,YUG,MDA,ALL,1101464.84,0.0018%
2002,YUG,MKD,ALL,236571281.43,0.40%
2002,YUG,MLT,ALL,324140.59,0.00054%
2002,YUG,NLD,ALL,137903560.41,0.23%
2002,YUG,NOR,ALL,14187007.68,0.024%
2002,YUG,POL,ALL,70530246.53,0.12%
2002,YUG,PRT,ALL,5893382.08,0.0099%
2002,YUG,ROU,ALL,99505898.42,0.17%
2002,YUG,RUS,ALL,405897172.85,0.68%
2002,YUG,SVK,ALL,69990881.42,0.12%
2002,YUG,SVN,ALL,318003317.49,0.53%
2002,YUG,SWE,ALL,172991273.88,0.29%
2002,YUG,UKR,ALL,86141375.32,0.14%
2002,YUG,ANT,ALL,11052.68,0.000019%
2002,YUG,ATG,ALL,220508.96,0.00037%
2002,YUG,BHS,ALL,151075.66,0.00025%
2002,YUG,BRB,ALL,50363.85,0.000084%
2002,YUG,CAN,ALL,11520321.18,0.019%
2002,YUG,CRI,ALL,945062.31,0.0016%
2002,YUG,CUB,ALL,122456.97,0.00021%
2002,YUG,DMA,ALL,3809.03,0.0000064%
2002,YUG,DOM,ALL,36943.73,0.000062%
2002,YUG,GRD,ALL,1988,0.0000033%
2002,YUG,GRL,ALL,18845,0.000032%
2002,YUG,GTM,ALL,54436.81,0.000091%
2002,YUG,HND,ALL,352779.01,0.00059%
2002,YUG,HTI,ALL,66025.6,0.00011%
2002,YUG,JAM,ALL,55213,0.000093%
2002,YUG,KNA,ALL,131345.43,0.00022%
2002,YUG,MEX,ALL,5451623.37,0.0091%
2002,YUG,NIC,ALL,30394.89,0.000051%
2002,YUG,PAN,ALL,1627302.92,0.0027%
2002,YUG,SLV,ALL,24267.79,0.000041%
2002,YUG,TCA,ALL,5648,0.0000095%
2002,YUG,TTO,ALL,24330.26,0.000041%
2002,YUG,USA,ALL,134327391.67,0.23%
2002,YUG,VGB,ALL,397893,0.00067%
2002,YUG,AUS,ALL,3281353.67,0.0055%
2002,YUG,COK,ALL,22839.81,0.000038%
2002,YUG,KIR,ALL,299044.59,0.00050%
2002,YUG,MHL,ALL,160484.2,0.00027%
2002,YUG,NCL,ALL,74001.08,0.00012%
2002,YUG,NFK,ALL,4853,0.0000081%
2002,YUG,NIU,ALL,46036.75,0.000077%
2002,YUG,NRU,ALL,10316,0.000017%
2002,YUG,NZL,ALL,500681.28,0.00084%
2002,YUG,PCN,ALL,12437,0.000021%
2002,YUG,PNG,ALL,34197.28,0.000057%
2002,YUG,TUV,ALL,12592,0.000021%
2002,YUG,WSM,ALL,10207.98,0.000017%
2002,YUG,ARG,ALL,10408087.57,0.017%
2002,YUG,BOL,ALL,16199,0.000027%
2002,YUG,BRA,ALL,37534547.2,0.063%
2002,YUG,CHL,ALL,1267860.42,0.0021%
2002,YUG,COL,ALL,6928999.87,0.012%
2002,YUG,ECU,ALL,38499074.32,0.065%
2002,YUG,FLK,ALL,30422.03,0.000051%
2002,YUG,GUY,ALL,1467,0.0000025%
2002,YUG,PER,ALL,1614172.83,0.0027%
2002,YUG,PRY,ALL,51801.62,0.000087%
2002,YUG,SUR,ALL,36059,0.000060%
2002,YUG,URY,ALL,1385859.03,0.0023%
2002,YUG,VEN,ALL,1350954.56,0.0023%
2002,YUG,XXA,ALL,9785661.65,0.016%
2003,YUG,BEN,ALL,175125,0.00029%
2003,YUG,CIV,ALL,1746676,0.0029%
2003,YUG,CMR,ALL,3414731,0.0057%
2003,YUG,EGY,ALL,107274,0.00018%
2003,YUG,GHA,ALL,154371,0.00026%
2003,YUG,KEN,ALL,29832,0.000050%
2003,YUG,MAR,ALL,581130,0.00097%
2003,YUG,MDG,ALL,67169,0.00011%
2003,YUG,MUS,ALL,15676,0.000026%
2003,YUG,MWI,ALL,5976,0.000010%
2003,YUG,TUN,ALL,700446,0.0012%
2003,YUG,TZA,ALL,10872,0.000018%
2003,YUG,ZAF,ALL,4460204,0.0075%
2003,YUG,ARM,ALL,1765,0.0000030%
2003,YUG,BGD,ALL,414603,0.00070%
2003,YUG,BHR,ALL,246680,0.00041%
2003,YUG,CHN,ALL,135347051,0.23%
2003,YUG,CYP,ALL,1998349,0.0034%
2003,YUG,GEO,ALL,45246,0.000076%
2003,YUG,HKG,ALL,7905222,0.013%
2003,YUG,IDN,ALL,1880840,0.0032%
2003,YUG,IND,ALL,7665338,0.013%
2003,YUG,IRN,ALL,1599265,0.0027%
2003,YUG,ISR,ALL,12244000,0.021%
2003,YUG,JOR,ALL,20000,0.000034%
2003,YUG,JPN,ALL,17394595,0.029%
2003,YUG,KAZ,ALL,1398700,0.0023%
2003,YUG,KGZ,ALL,60085,0.00010%
2003,YUG,KOR,ALL,26725050,0.045%
2003,YUG,KWT,ALL,28297,0.000047%
2003,YUG,LBN,ALL,21350,0.000036%
2003,YUG,MAC,ALL,2850,0.0000048%
2003,YUG,MYS,ALL,5318211,0.0089%
2003,YUG,NPL,ALL,10066,0.000017%
2003,YUG,PAK,ALL,847482,0.0014%
2003,YUG,SYR,ALL,386465,0.00065%
2003,YUG,THA,ALL,3541535,0.0059%
2003,YUG,TUR,ALL,184424481,0.31%
2003,YUG,VNM,ALL,837777,0.0014%
2003,YUG,ALB,ALL,10271949,0.017%
2003,YUG,AND,ALL,66019,0.00011%
2003,YUG,AUT,ALL,381317934,0.64%
2003,YUG,BGR,ALL,162088899,0.27%
2003,YUG,BIH,ALL,3816681,0.0064%
2003,YUG,BLR,ALL,17195400,0.029%
2003,YUG,BLX,ALL,119776551,0.20%
2003,YUG,CHE,ALL,145559435,0.24%
2003,YUG,CZE,ALL,127684126,0.21%
2003,YUG,DEU,ALL,965558000,1.6%
2003,YUG,DNK,ALL,43900383,0.074%
2003,YUG,ESP,ALL,106819592,0.18%
2003,YUG,EST,ALL,933993,0.0016%
2003,YUG,FIN,ALL,12752539,0.021%
2003,YUG,FRA,ALL,240100840,0.40%
2003,YUG,GBR,ALL,98758010,0.17%
2003,YUG,GRC,ALL,240428237,0.40%
2003,YUG,HRV,ALL,190598949,0.32%
2003,YUG,HUN,ALL,309345000,0.52%
2003,YUG,IRL,ALL,10559372,0.018%
2003,YUG,ISL,ALL,74265,0.00012%
2003,YUG,ITA,ALL,865921601,1.5%
2003,YUG,LTU,ALL,1970546,0.0033%
2003,YUG,LVA,ALL,578323,0.00097%
2003,YUG,MDA,ALL,343901,0.00058%
2003,YUG,MKD,ALL,273438030,0.46%
2003,YUG,MLT,ALL,4102,0.0000069%
2003,YUG,NLD,ALL,189498195,0.32%
2003,YUG,NOR,ALL,5586272,0.0094%
2003,YUG,POL,ALL,93820000,0.16%
2003,YUG,PRT,ALL,4102117,0.0069%
2003,YUG,ROU,ALL,119166390,0.20%
2003,YUG,RUS,ALL,112597581,0.19%
2003,YUG,SVK,ALL,61940795,0.10%
2003,YUG,SVN,ALL,392116721,0.66%
2003,YUG,SWE,ALL,93680803,0.16%
2003,YUG,UKR,ALL,152721100,0.26%
2003,YUG,CAN,ALL,5547647,0.0093%
2003,YUG,CRI,ALL,20136,0.000034%
2003,YUG,JAM,ALL,11360,0.000019%
2003,YUG,MEX,ALL,779941,0.0013%
2003,YUG,TTO,ALL,5295,0.0000089%
2003,YUG,USA,ALL,40730062,0.068%
2003,YUG,AUS,ALL,767951,0.0013%
2003,YUG,FJI,ALL,4114,0.0000069%
2003,YUG,NZL,ALL,95045,0.00016%
2003,YUG,ARG,ALL,2103898,0.0035%
2003,YUG,BRA,ALL,12374112,0.021%
2003,YUG,CHL,ALL,541234,0.00091%
2003,YUG,COL,ALL,2317683,0.0039%
2003,YUG,ECU,ALL,4231,0.0000071%
2003,YUG,PER,ALL,750909,0.0013%
2003,YUG,URY,ALL,201113,0.00034%
2004,YUG,BDI,ALL,2511,0.0000042%
2004,YUG,BFA,ALL,4955,0.0000083%
2004,YUG,CAF,ALL,1210,0.0000020%
2004,YUG,CIV,ALL,5447646.46,0.0091%
2004,YUG,CMR,ALL,3687666.29,0.0062%
2004,YUG,COG,ALL,196854.63,0.00033%
2004,YUG,COM,ALL,20773.22,0.000035%
2004,YUG,DZA,ALL,45598,0.000076%
2004,YUG,EGY,ALL,3591854.9,0.0060%
2004,YUG,ERI,ALL,19325.29,0.000032%
2004,YUG,ESH,ALL,2459,0.0000041%
2004,YUG,ETH,ALL,282749.37,0.00047%
2004,YUG,GAB,ALL,76852.9,0.00013%
2004,YUG,GHA,ALL,11133426.1,0.019%
2004,YUG,GIN,ALL,729925.59,0.0012%
2004,YUG,GMB,ALL,93369.71,0.00016%
2004,YUG,GNB,ALL,15067.75,0.000025%
2004,YUG,KEN,ALL,152338.2,0.00026%
2004,YUG,MAR,ALL,2575251.63,0.0043%
2004,YUG,MDG,ALL,106727.66,0.00018%
2004,YUG,MLI,ALL,29736.53,0.000050%
2004,YUG,MOZ,ALL,683305,0.0011%
2004,YUG,MRT,ALL,129445.91,0.00022%
2004,YUG,MUS,ALL,251315.45,0.00042%
2004,YUG,MWI,ALL,563612.88,0.00094%
2004,YUG,NER,ALL,20436,0.000034%
2004,YUG,NGA,ALL,593599.46,0.0010%
2004,YUG,RWA,ALL,9312,0.000016%
2004,YUG,SDN,ALL,373111.73,0.00063%
2004,YUG,SEN,ALL,573477,0.00096%
2004,YUG,SHN,ALL,231758,0.00039%
2004,YUG,SLE,ALL,281025.13,0.00047%
2004,YUG,SOM,ALL,67562.23,0.00011%
2004,YUG,STP,ALL,1721,0.0000029%
2004,YUG,SYC,ALL,768145.97,0.0013%
2004,YUG,TCD,ALL,3738,0.0000063%
2004,YUG,TGO,ALL,16943.43,0.000028%
2004,YUG,TUN,ALL,1362923.84,0.0023%
2004,YUG,TZA,ALL,16724.12,0.000028%
2004,YUG,UGA,ALL,3301953.24,0.0055%
2004,YUG,ZAF,ALL,10858487.65,0.018%
2004,YUG,ZMB,ALL,35408.04,0.000059%
2004,YUG,ZWE,ALL,676434.93,0.0011%
2004,YUG,XXA,ALL,2228,0.0000037%
2004,YUG,ARE,ALL,1318455.22,0.0022%
2004,YUG,ARM,ALL,41723,0.000070%
2004,YUG,AZE,ALL,4721,0.0000079%
2004,YUG,BGD,ALL,1592601.81,0.0027%
2004,YUG,BHR,ALL,126327.24,0.00021%
2004,YUG,BRN,ALL,20642,0.000035%
2004,YUG,BTN,ALL,54628.25,0.000092%
2004,YUG,CCK,ALL,1672.86,0.0000028%
2004,YUG,CHN,ALL,506866414.1,0.85%
2004,YUG,CXR,ALL,1930,0.0000032%
2004,YUG,CYP,ALL,41792768.74,0.070%
2004,YUG,GEO,ALL,3748502.45,0.0063%
2004,YUG,HKG,ALL,7045873.09,0.012%
2004,YUG,IDN,ALL,26253818.24,0.044%
2004,YUG,IND,ALL,59114016.49,0.099%
2004,YUG,IOT,ALL,5696,0.0000095%
2004,YUG,IRN,ALL,5003676.83,0.0084%
2004,YUG,ISR,ALL,38819895.69,0.065%
2004,YUG,JOR,ALL,732632.25,0.0012%
2004,YUG,JPN,ALL,134691095.95,0.23%
2004,YUG,KAZ,ALL,83222091.46,0.14%
2004,YUG,KGZ,ALL,662669.2,0.0011%
2004,YUG,KHM,ALL,209224,0.00035%
2004,YUG,KOR,ALL,91841007.69,0.15%
2004,YUG,KWT,ALL,509903.65,0.00085%
2004,YUG,LAO,ALL,84818.02,0.00014%
2004,YUG,LBN,ALL,199865.98,0.00034%
2004,YUG,LKA,ALL,1935187.33,0.0032%
2004,YUG,MAC,ALL,284301.27,0.00048%
2004,YUG,MDV,ALL,33425.73,0.000056%
2004,YUG,MMR,ALL,29114,0.000049%
2004,YUG,MNG,ALL,10747,0.000018%
2004,YUG,MYS,ALL,39282162.37,0.066%
2004,YUG,NPL,ALL,25128,0.000042%
2004,YUG,OMN,ALL,341137,0.00057%
2004,YUG,PAK,ALL,3337723.44,0.0056%
2004,YUG,PHL,ALL,5782557.17,0.0097%
2004,YUG,PRK,ALL,1706277.02,0.0029%
2004,YUG,QAT,ALL,910157.03,0.0015%
2004,YUG,SAU,ALL,1024545.38,0.0017%
2004,YUG,SGP,ALL,34339716,0.058%
2004,YUG,SYR,ALL,22616103.46,0.038%
2004,YUG,THA,ALL,22471004.05,0.038%
2004,YUG,TJK,ALL,2495851.88,0.0042%
2004,YUG,TKM,ALL,23777.93,0.000040%
2004,YUG,TUR,ALL,222501032.2,0.37%
2004,YUG,UZB,ALL,9080922.43,0.015%
2004,YUG,VNM,ALL,12030231.23,0.020%
2004,YUG,XXB,ALL,42682161.79,0.072%
2004,YUG,ALB,ALL,26193436.71,0.044%
2004,YUG,AND,ALL,162315.69,0.00027%
2004,YUG,AUT,ALL,404327062.97,0.68%
2004,YUG,BGR,ALL,257435430.38,0.43%
2004,YUG,BIH,ALL,264783445.17,0.44%
2004,YUG,BLR,ALL,28172653.4,0.047%
2004,YUG,BLX,ALL,145751763.9,0.24%
2004,YUG,CHE,ALL,189332999.29,0.32%
2004,YUG,CZE,ALL,239046194.23,0.40%
2004,YUG,DEU,ALL,1366563620.1,2.3%
2004,YUG,DNK,ALL,69171876.28,0.12%
2004,YUG,ESP,ALL,132689851.7,0.22%
2004,YUG,EST,ALL,2783384.51,0.0047%
2004,YUG,FIN,ALL,31490389.93,0.053%
2004,YUG,FRA,ALL,361572445.3,0.61%
2004,YUG,GBR,ALL,166554548.68,0.28%
2004,YUG,GIB,ALL,347093.85,0.00058%
2004,YUG,GRC,ALL,267275481.98,0.45%
2004,YUG,HRV,ALL,290658835.11,0.49%
2004,YUG,HUN,ALL,421930373.77,0.71%
2004,YUG,IRL,ALL,56106706.96,0.094%
2004,YUG,ISL,ALL,911554.71,0.0015%
2004,YUG,ITA,ALL,1151563113.73,1.9%
2004,YUG,LTU,ALL,5894481.3,0.0099%
2004,YUG,LVA,ALL,1100760.49,0.0018%
2004,YUG,MDA,ALL,1951619.46,0.0033%
2004,YUG,MKD,ALL,330068462.52,0.55%
2004,YUG,MLT,ALL,263827.76,0.00044%
2004,YUG,NLD,ALL,223323998.22,0.37%
2004,YUG,NOR,ALL,9984089.24,0.017%
2004,YUG,POL,ALL,176897680.8,0.30%
2004,YUG,PRT,ALL,5920130.12,0.0099%
2004,YUG,ROU,ALL,211784788.56,0.36%
2004,YUG,RUS,ALL,828260534.08,1.4%
2004,YUG,SVK,ALL,149196572.38,0.25%
2004,YUG,SVN,ALL,530740405.31,0.89%
2004,YUG,SWE,ALL,229498813.79,0.38%
2004,YUG,UKR,ALL,263953309.95,0.44%
2004,YUG,ATG,ALL,117439.36,0.00020%
2004,YUG,BHS,ALL,69841.56,0.00012%
2004,YUG,BLZ,ALL,156807.64,0.00026%
2004,YUG,BRB,ALL,4138,0.0000069%
2004,YUG,CAN,ALL,16011316.22,0.027%
2004,YUG,CRI,ALL,4443799.02,0.0075%
2004,YUG,CUB,ALL,1626364.04,0.0027%
2004,YUG,DMA,ALL,10644,0.000018%
2004,YUG,DOM,ALL,254503.24,0.00043%
2004,YUG,GRD,ALL,10298.49,0.000017%
2004,YUG,GRL,ALL,18707,0.000031%
2004,YUG,GTM,ALL,212921.24,0.00036%
2004,YUG,HND,ALL,692908.15,0.0012%
2004,YUG,HTI,ALL,134317.34,0.00023%
2004,YUG,JAM,ALL,25600,0.000043%
2004,YUG,KNA,ALL,143488,0.00024%
2004,YUG,MEX,ALL,9200775.7,0.015%
2004,YUG,NIC,ALL,6749.81,0.000011%
2004,YUG,PAN,ALL,2022345.08,0.0034%
2004,YUG,SLV,ALL,56547.76,0.000095%
2004,YUG,TCA,ALL,777670.08,0.0013%
2004,YUG,TTO,ALL,124562,0.00021%
2004,YUG,UMI,ALL,18839,0.000032%
2004,YUG,USA,ALL,335910583.4,0.56%
2004,YUG,VGB,ALL,346190.41,0.00058%
2004,YUG,AUS,ALL,4686241.6,0.0079%
2004,YUG,KIR,ALL,33281,0.000056%
2004,YUG,MHL,ALL,10284.72,0.000017%
2004,YUG,NCL,ALL,36001.74,0.000060%
2004,YUG,NIU,ALL,7101.48,0.000012%
2004,YUG,NRU,ALL,251108.88,0.00042%
2004,YUG,NZL,ALL,1302573.75,0.0022%
2004,YUG,PCN,ALL,11685,0.000020%
2004,YUG,PNG,ALL,116600.15,0.00020%
2004,YUG,PYF,ALL,16893.16,0.000028%
2004,YUG,TON,ALL,7545,0.000013%
2004,YUG,TUV,ALL,4042,0.0000068%
2004,YUG,WSM,ALL,27820.1,0.000047%
2004,YUG,ARG,ALL,24094556.08,0.040%
2004,YUG,BOL,ALL,36815,0.000062%
2004,YUG,BRA,ALL,68669986.18,0.12%
2004,YUG,CHL,ALL,1754230.79,0.0029%
2004,YUG,COL,ALL,4279647.75,0.0072%
2004,YUG,ECU,ALL,25465657.51,0.043%
2004,YUG,FLK,ALL,1226407.71,0.0021%
2004,YUG,GUY,ALL,18614.33,0.000031%
2004,YUG,PER,ALL,1810360.19,0.0030%
2004,YUG,PRY,ALL,927157,0.0016%
2004,YUG,SUR,ALL,280174.61,0.00047%
2004,YUG,URY,ALL,146607,0.00025%
2004,YUG,VEN,ALL,3517825.15,0.0059%
2004,YUG,XXA,ALL,168249668.04,0.28%
2005,YUG,BDI,ALL,1405,0.0000024%
2005,YUG,CIV,ALL,2048362,0.0034%
2005,YUG,CMR,ALL,4734213,0.0079%
2005,YUG,DZA,ALL,1093152,0.0018%
2005,YUG,EGY,ALL,1881787,0.0032%
2005,YUG,GHA,ALL,514673,0.00086%
2005,YUG,KEN,ALL,8142,0.000014%
2005,YUG,MAR,ALL,819192,0.0014%
2005,YUG,MDG,ALL,71246,0.00012%
2005,YUG,MOZ,ALL,140372,0.00024%
2005,YUG,MRT,ALL,1613826,0.0027%
2005,YUG,MUS,ALL,49454,0.000083%
2005,YUG,MWI,ALL,6343,0.000011%
2005,YUG,SEN,ALL,26920,0.000045%
2005,YUG,TGO,ALL,1608,0.0000027%
2005,YUG,TUN,ALL,213612,0.00036%
2005,YUG,TZA,ALL,12657,0.000021%
2005,YUG,ZAF,ALL,1243261,0.0021%
2005,YUG,ZWE,ALL,109925,0.00018%
2005,YUG,ARE,ALL,634617,0.0011%
2005,YUG,BGD,ALL,22978,0.000039%
2005,YUG,CHN,ALL,200858196,0.34%
2005,YUG,CYP,ALL,9329335,0.016%
2005,YUG,GEO,ALL,937990,0.0016%
2005,YUG,HKG,ALL,12269569,0.021%
2005,YUG,IDN,ALL,2970163,0.0050%
2005,YUG,IND,ALL,7112328,0.012%
2005,YUG,IRN,ALL,2426083,0.0041%
2005,YUG,ISR,ALL,12203000,0.020%
2005,YUG,JOR,ALL,214035,0.00036%
2005,YUG,JPN,ALL,10114665,0.017%
2005,YUG,KAZ,ALL,2575496,0.0043%
2005,YUG,KGZ,ALL,21951,0.000037%
2005,YUG,KHM,ALL,18709,0.000031%
2005,YUG,KOR,ALL,18186840,0.030%
2005,YUG,LBN,ALL,221000,0.00037%
2005,YUG,MAC,ALL,34932,0.000059%
2005,YUG,MNG,ALL,14181,0.000024%
2005,YUG,MYS,ALL,10452374,0.018%
2005,YUG,PAK,ALL,1859706,0.0031%
2005,YUG,SYR,ALL,342428,0.00057%
2005,YUG,THA,ALL,1716704,0.0029%
2005,YUG,TUR,ALL,257648066,0.43%
2005,YUG,VNM,ALL,339186,0.00057%
2005,YUG,ALB,ALL,32610633,0.055%
2005,YUG,AND,ALL,33004,0.000055%
2005,YUG,AUT,ALL,479650427,0.80%
2005,YUG,BGR,ALL,263886651,0.44%
2005,YUG,BIH,ALL,369880653,0.62%
2005,YUG,BLR,ALL,35124100,0.059%
2005,YUG,BLX,ALL,176809889,0.30%
2005,YUG,CHE,ALL,156136840,0.26%
2005,YUG,CZE,ALL,202763625,0.34%
2005,YUG,DEU,ALL,1315106000,2.2%
2005,YUG,DNK,ALL,32111859,0.054%
2005,YUG,ESP,ALL,111473613,0.19%
2005,YUG,EST,ALL,733112,0.0012%
2005,YUG,FIN,ALL,14788565,0.025%
2005,YUG,FRA,ALL,312455311,0.52%
2005,YUG,GBR,ALL,99222860,0.17%
2005,YUG,GRC,ALL,237977824,0.40%
2005,YUG,HRV,ALL,393214190,0.66%
2005,YUG,HUN,ALL,617960000,1.0%
2005,YUG,IRL,ALL,8173646,0.014%
2005,YUG,ISL,ALL,23109,0.000039%
2005,YUG,ITA,ALL,1153927158,1.9%
2005,YUG,LTU,ALL,3265581,0.0055%
2005,YUG,LVA,ALL,1230903,0.0021%
2005,YUG,MDA,ALL,515967,0.00087%
2005,YUG,MKD,ALL,459320063,0.77%
2005,YUG,MLT,ALL,20170,0.000034%
2005,YUG,NLD,ALL,259721313,0.44%
2005,YUG,NOR,ALL,4395010,0.0074%
2005,YUG,POL,ALL,164296516,0.28%
2005,YUG,PRT,ALL,1752198,0.0029%
2005,YUG,ROU,ALL,290302897,0.49%
2005,YUG,RUS,ALL,182692623,0.31%
2005,YUG,SVK,ALL,132577581,0.22%
2005,YUG,SVN,ALL,645342849,1.1%
2005,YUG,SWE,ALL,107919447,0.18%
2005,YUG,UKR,ALL,250428563,0.42%
2005,YUG,BLZ,ALL,7081,0.000012%
2005,YUG,BRB,ALL,1575,0.0000026%
2005,YUG,CAN,ALL,8204767,0.014%
2005,YUG,CRI,ALL,6916,0.000012%
2005,YUG,CUB,ALL,2379,0.0000040%
2005,YUG,DOM,ALL,2408,0.0000040%
2005,YUG,MEX,ALL,538903,0.00090%
2005,YUG,NIC,ALL,10000,0.000017%
2005,YUG,SLV,ALL,4800,0.0000080%
2005,YUG,TTO,ALL,47796,0.000080%
2005,YUG,USA,ALL,115975581,0.19%
2005,YUG,AUS,ALL,548941,0.00092%
2005,YUG,NZL,ALL,185393,0.00031%
2005,YUG,ARG,ALL,2831992,0.0047%
2005,YUG,BRA,ALL,22937185,0.038%
2005,YUG,CHL,ALL,543167,0.00091%
2005,YUG,COL,ALL,8704022,0.015%
2005,YUG,PER,ALL,117162,0.00020%
2005,YUG,URY,ALL,143212,0.00024%
